/* AUTO-GENERATED OPTIMIZED SOUND PACK */
#ifndef OPTIMIZED_SOUNDS_H
#define OPTIMIZED_SOUNDS_H

#include <stdint.h>


// --- RAW PCM DATA (7042 Hz, 8-bit Unsigned) ---
const uint8_t snd_achtung[] = {
  0x81, 0x81, 0x81, 0x81, 0x81, 0x7F, 0x7F, 0x80, 0x83, 0x83, 0x82, 0x81, 0x81, 0x83, 0x82, 0x82, 0x7E, 0x7B, 0x7D, 0x7F, 0x80, 0x8A, 0x8B, 0x8C, 0x7E, 0x7E, 0x82, 0x85, 0x87, 0x70, 0x71, 0x71,
  0x82, 0x94, 0x8B, 0x81, 0x7E, 0x7A, 0x7C, 0x7E, 0x80, 0x7F, 0x80, 0x81, 0x80, 0x7C, 0x7F, 0x81, 0x9D, 0x8B, 0x84, 0x7D, 0x87, 0x95, 0x8D, 0x84, 0x64, 0x72, 0x75, 0x78, 0x87, 0x72, 0x77, 0x7C,
  0x88, 0x94, 0x87, 0x7B, 0x6F, 0x7E, 0x83, 0x88, 0x81, 0x6E, 0x80, 0x92, 0x97, 0x91, 0x83, 0x76, 0xA9, 0x7A, 0x76, 0x72, 0x70, 0x8D, 0x7A, 0x66, 0x61, 0x68, 0x7B, 0x8E, 0x89, 0x82, 0x7B, 0x74,
  0x7F, 0x55, 0x53, 0x52, 0x7E, 0xB6, 0x99, 0x7B, 0x77, 0x8E, 0x92, 0x97, 0x47, 0x44, 0x50, 0x5C, 0x94, 0xA6, 0xA2, 0x9E, 0x78, 0x6E, 0x69, 0x64, 0x5D, 0x7F, 0x87, 0x8F, 0x90, 0x7A, 0x7A, 0x7A,
  0x9A, 0x65, 0x5E, 0x57, 0x3B, 0x62, 0x91, 0xC0, 0xBB, 0x88, 0x7D, 0x71, 0x86, 0x80, 0x69, 0x53, 0x5A, 0xAF, 0xAF, 0xAF, 0x90, 0x86, 0x77, 0x67, 0x60, 0x4E, 0x6C, 0x8A, 0x93, 0x8A, 0x89, 0x88,
  0xA6, 0x5A, 0x54, 0x4D, 0x43, 0x7A, 0x91, 0xA8, 0x9F, 0x85, 0x86, 0x88, 0x6D, 0x64, 0x5C, 0x55, 0x75, 0x9F, 0x9D, 0x9B, 0x84, 0x71, 0x77, 0x7D, 0x80, 0x87, 0x84, 0x81, 0xA0, 0xA3, 0x9B, 0x92,
  0x60, 0x6D, 0x71, 0x75, 0x95, 0x92, 0x90, 0x8F, 0x8E, 0x88, 0x7B, 0x6F, 0x74, 0x79, 0x84, 0x8E, 0x89, 0x6C, 0x6D, 0x6E, 0x8D, 0x97, 0x82, 0x6C, 0x72, 0xA1, 0xAA, 0xB4, 0x52, 0x4E, 0x58, 0x62,
  0x88, 0x82, 0x82, 0x83, 0x97, 0x9B, 0x7F, 0x63, 0x60, 0x6B, 0x75, 0x7F, 0x7C, 0x7B, 0x7C, 0x7E, 0x99, 0x73, 0x6D, 0x67, 0x56, 0x95, 0x95, 0x96, 0x88, 0x54, 0x60, 0x6C, 0x95, 0x8E, 0x7C, 0x6A,
  0x7F, 0x99, 0x94, 0x90, 0x5D, 0x63, 0x74, 0x86, 0x86, 0x82, 0x88, 0x8E, 0x81, 0x81, 0x7E, 0x7A, 0x75, 0x87, 0x89, 0x8B, 0x96, 0x8D, 0x7F, 0x70, 0x6F, 0x6B, 0x76, 0x80, 0x96, 0x94, 0x8E, 0x87,
  0x80, 0x6B, 0x6B, 0x6C, 0x71, 0x7A, 0x79, 0x79, 0x7A, 0x91, 0x9F, 0xAC, 0x62, 0x5E, 0x68, 0x72, 0x99, 0x6D, 0x6B, 0x68, 0x73, 0x90, 0x89, 0x82, 0x7D, 0x88, 0x8E, 0x94, 0x65, 0x66, 0x77, 0x88,
  0x98, 0x65, 0x69, 0x6C, 0x97, 0xA6, 0x86, 0x65, 0x68, 0x7C, 0x82, 0x89, 0x71, 0x76, 0x89, 0x9B, 0x9F, 0x5D, 0x5F, 0x62, 0xA0, 0x6C, 0x6E, 0x70, 0x78, 0x7C, 0x7B, 0x79, 0x7E, 0x95, 0x94, 0x92,
  0x6C, 0x5E, 0x6C, 0x7A, 0x97, 0x8E, 0x71, 0x53, 0x5F, 0x87, 0x99, 0xAC, 0x69, 0x62, 0x5F, 0x5C, 0x92, 0xA9, 0x7C, 0x4F, 0x50, 0x81, 0x9A, 0xB4, 0x69, 0x62, 0x6C, 0x76, 0xA5, 0x6D, 0x6A, 0x67,
  0x63, 0x70, 0x85, 0x9A, 0xA1, 0xA8, 0x92, 0x7C, 0x87, 0x90, 0x9C, 0xA8, 0x75, 0x6B, 0x71, 0x76, 0xAA, 0x9E, 0x87, 0x70, 0x73, 0x91, 0x97, 0x9C, 0x65, 0x61, 0x60, 0x5F, 0x89, 0x95, 0x90, 0x8C,
  0x6F, 0x87, 0x94, 0xA2, 0x97, 0x5E, 0x5C, 0x5A, 0x9C, 0x9E, 0x97, 0x91, 0x86, 0x91, 0x92, 0x92, 0x87, 0x74, 0x68, 0x5C, 0x61, 0x91, 0xA1, 0xB1, 0x6F, 0x6E, 0x7C, 0x8A, 0xA9, 0x5B, 0x59, 0x57,
  0x6B, 0x91, 0x92, 0x93, 0x8E, 0x7A, 0x7C, 0x7E, 0x93, 0x8E, 0x7E, 0x6E, 0x5F, 0x91, 0x94, 0x97, 0x9A, 0x7F, 0x8A, 0x95, 0x9D, 0xA4, 0x8F, 0x7A, 0x75, 0x7A, 0x80, 0x86, 0x88, 0x87, 0x86, 0x85,
  0x88, 0x92, 0x88, 0x7E, 0x7B, 0x6E, 0x6C, 0x69, 0x8C, 0x91, 0x92, 0x93, 0x84, 0xA1, 0xA2, 0xA3, 0x8F, 0x64, 0x6F, 0x7A, 0x81, 0x94, 0x92, 0x90, 0x7D, 0x7F, 0x8C, 0x99, 0x99, 0x61, 0x60, 0x5F,
  0x66, 0x7F, 0x86, 0x8D, 0x8C, 0x82, 0x88, 0x8E, 0x9F, 0x98, 0x83, 0x6D, 0x63, 0x7F, 0x7F, 0x7F, 0x83, 0x91, 0x92, 0x92, 0x91, 0x84, 0x81, 0x7F, 0x62, 0x62, 0x6A, 0x72, 0x88, 0x8A, 0x8D, 0x8F,
  0x9C, 0x9B, 0x86, 0x71, 0x71, 0x75, 0x77, 0x78, 0x76, 0x78, 0x81, 0x8A, 0x99, 0x7D, 0x7C, 0x7C, 0x8B, 0x79, 0x74, 0x6E, 0x73, 0x7E, 0x77, 0x70, 0x9C, 0xA1, 0x9D, 0x99, 0x73, 0x93, 0x94, 0x94,
  0x72, 0x58, 0x73, 0x8D, 0x8E, 0x88, 0x85, 0x81, 0x80, 0x7E, 0x79, 0x75, 0x77, 0x6A, 0x6B, 0x6B, 0x76, 0x91, 0x87, 0x7C, 0x77, 0x6D, 0x7A, 0x87, 0x79, 0x72, 0x6F, 0x6C, 0x92, 0x91, 0x87, 0x7D,
  0x6D, 0x8E, 0x8D, 0x8B, 0x7A, 0x6E, 0x7B, 0x88, 0x85, 0x80, 0x7F, 0x7E, 0x75, 0x72, 0x7A, 0x82, 0x7C, 0x74, 0x73, 0x72, 0x73, 0x86, 0x7A, 0x6F, 0x6A, 0x6E, 0x83, 0x97, 0x71, 0x6A, 0x6C, 0x6E,
  0x92, 0x77, 0x75, 0x73, 0x77, 0x87, 0x7E, 0x75, 0x75, 0x80, 0x82, 0x85, 0x6B, 0x6C, 0x78, 0x84, 0x8F, 0x5C, 0x5E, 0x5F, 0x8E, 0xA5, 0x7E, 0x57, 0x56, 0x81, 0x95, 0xA9, 0x5A, 0x58, 0x6A, 0x7D,
  0x9C, 0x6A, 0x6A, 0x6A, 0x7B, 0x7C, 0x77, 0x71, 0x76, 0x85, 0x7C, 0x73, 0x8C, 0x93, 0x96, 0x9A, 0x7A, 0x7E, 0x81, 0x84, 0x8C, 0x78, 0x79, 0x7A, 0x7E, 0x8D, 0x8A, 0x87, 0x6E, 0x6F, 0x74, 0x79,
  0x89, 0x69, 0x67, 0x66, 0x78, 0x9E, 0x84, 0x6A, 0x65, 0x76, 0x88, 0x9A, 0x6A, 0x68, 0x73, 0x7F, 0x96, 0x71, 0x72, 0x72, 0x8A, 0x8F, 0x79, 0x63, 0x66, 0x89, 0x8E, 0x93, 0x66, 0x6A, 0x7C, 0x8D,
  0x98, 0x67, 0x69, 0x6A, 0x8F, 0x9E, 0x84, 0x6B, 0x6B, 0x7F, 0x87, 0x90, 0x7A, 0x7B, 0x81, 0x86, 0x86, 0x71, 0x72, 0x74, 0x88, 0x86, 0x79, 0x6C, 0x6F, 0x90, 0x93, 0x96, 0x69, 0x6C, 0x7E, 0x90,
  0x9D, 0x62, 0x63, 0x65, 0x8D, 0xA0, 0x86, 0x6B, 0x6E, 0x8C, 0x90, 0x93, 0x63, 0x66, 0x78, 0x89, 0x95, 0x62, 0x63, 0x65, 0x8C, 0x9F, 0x83, 0x66, 0x68, 0x89, 0x94, 0x9F, 0x67, 0x68, 0x7B, 0x8E,
  0xA6, 0x69, 0x69, 0x69, 0x7F, 0x94, 0x81, 0x6E, 0x6F, 0x85, 0x8E, 0x96, 0x6B, 0x6B, 0x77, 0x84, 0x99, 0x70, 0x6F, 0x6E, 0x7D, 0x96, 0x86, 0x76, 0x74, 0x85, 0x92, 0x9F, 0x73, 0x6F, 0x75, 0x7B,
  0x8C, 0x7B, 0x7B, 0x7A, 0x81, 0x89, 0x83, 0x7D, 0x7D, 0x83, 0x84, 0x85, 0x78, 0x79, 0x7C, 0x7F, 0x84, 0x8D, 0x8D, 0x8D, 0x88, 0x88, 0x86, 0x85, 0x82, 0x79, 0x7D, 0x82, 0x8D, 0x8A, 0x81, 0x78,
  0x7D, 0x88, 0x87, 0x85, 0x7B, 0x7F, 0x81, 0x83, 0x81, 0x7F, 0x81, 0x83, 0x7D, 0x7D, 0x83, 0x89, 0x90, 0x7A, 0x7A, 0x7A, 0x87, 0x8E, 0x82, 0x77, 0x78, 0x88, 0x8C, 0x8F, 0x7D, 0x7D, 0x7F, 0x81,
  0x81, 0x7E, 0x7F, 0x80, 0x89, 0x80, 0x81, 0x82, 0x85, 0x8B, 0x86, 0x82, 0x7E, 0x80, 0x85, 0x89, 0x85, 0x86, 0x87, 0x88, 0x8F, 0x86, 0x81, 0x7D, 0x7E, 0x85, 0x85, 0x84, 0x83, 0x83, 0x84, 0x84,
  0x7F, 0x83, 0x84, 0x84, 0x83, 0x78, 0x7C, 0x7F, 0x82, 0x89, 0x85, 0x81, 0x85, 0x87, 0x86, 0x85, 0x7C, 0x85, 0x86, 0x87, 0x89, 0x86, 0x85, 0x85, 0x84, 0x7E, 0x7D, 0x7B, 0x89, 0x8A, 0x86, 0x82,
  0x79, 0x84, 0x85, 0x85, 0x84, 0x7C, 0x7D, 0x7F, 0x81, 0x85, 0x84, 0x82, 0x84, 0x87, 0x8A, 0x8D, 0x86, 0x82, 0x83, 0x84, 0x8B, 0x88, 0x85, 0x82, 0x82, 0x83, 0x82, 0x81, 0x87, 0x88, 0x87, 0x86,
  0x7B, 0x83, 0x84, 0x85, 0x86, 0x7D, 0x82, 0x87, 0x88, 0x88, 0x84, 0x80, 0x84, 0x85, 0x87, 0x89, 0x87, 0x87, 0x87, 0x88, 0x87, 0x84, 0x84, 0x85, 0x85, 0x82, 0x82, 0x82, 0x87, 0x87, 0x85, 0x83,
  0x7E, 0x82, 0x82, 0x82, 0x83, 0x84, 0x83, 0x82, 0x82, 0x82, 0x81, 0x7F, 0x82, 0x83, 0x85, 0x86, 0x86, 0x84, 0x84, 0x84, 0x82, 0x83, 0x83, 0x83, 0x83, 0x82, 0x84, 0x85, 0x86, 0x86, 0x84, 0x83,
  0x7F, 0x83, 0x83, 0x83, 0x84, 0x7F, 0x83, 0x86, 0x87, 0x85, 0x82, 0x7F, 0x81, 0x81, 0x82, 0x82, 0x83, 0x81, 0x81, 0x81, 0x84, 0x86, 0x86, 0x85, 0x84, 0x84, 0x85, 0x86, 0x81, 0x80, 0x81, 0x81,
  0x88, 0x86, 0x86, 0x85, 0x83, 0x83, 0x82, 0x81, 0x82, 0x84, 0x85, 0x86, 0x81, 0x81, 0x82, 0x83, 0x87, 0x83, 0x83, 0x83, 0x84, 0x83, 0x81, 0x7F, 0x80, 0x86, 0x87, 0x88, 0x87, 0x87, 0x87, 0x86,
  0x82, 0x83, 0x84, 0x84, 0x82, 0x81, 0x83, 0x84, 0x85, 0x83, 0x83, 0x83, 0x82, 0x81, 0x7F, 0x7D, 0x7E, 0x81, 0x82, 0x82, 0x84, 0x83, 0x82, 0x81, 0x81, 0x7F, 0x7F, 0x7E, 0x82, 0x82, 0x7F, 0x7D,
  0x82, 0x86, 0x86, 0x85, 0x80, 0x82, 0x80, 0x7F, 0x7F, 0x7C, 0x7E, 0x7F, 0x81, 0x81, 0x81, 0x80, 0x81, 0x7F, 0x7F, 0x7E, 0x7C, 0x7C, 0x7D, 0x7D, 0x7F, 0x81, 0x82, 0x83, 0x81, 0x80, 0x7E, 0x7D,
  0x7E, 0x7C, 0x7D, 0x7F, 0x7F, 0x81, 0x82, 0x82, 0x7F, 0x7F, 0x7F, 0x7F, 0x7D, 0x7D, 0x7C, 0x7B, 0x7B, 0x7A, 0x7C, 0x7E, 0x83, 0x82, 0x7F, 0x7C, 0x7C, 0x80, 0x7F, 0x7F, 0x77, 0x78, 0x7E, 0x84,
  0x84, 0x7F, 0x7E, 0x7E, 0x80, 0x80, 0x7F, 0x7E, 0x7C, 0x79, 0x79, 0x79, 0x7E, 0x82, 0x80, 0x7E, 0x7D, 0x7D, 0x7E, 0x7F, 0x79, 0x79, 0x7A, 0x7C, 0x81, 0x81, 0x80, 0x80, 0x7D, 0x7C, 0x7D, 0x7E,
  0x7F, 0x7F, 0x7D, 0x7C, 0x7F, 0x80, 0x80, 0x81, 0x7F, 0x80, 0x80, 0x81, 0x84, 0x7E, 0x7D, 0x7B, 0x7C, 0x80, 0x80, 0x80, 0x81, 0x81, 0x81, 0x80, 0x82, 0x7D, 0x7D, 0x7D, 0x7A, 0x7D, 0x80, 0x83,
  0x82, 0x82, 0x82, 0x82, 0x82, 0x7C, 0x7B, 0x7A, 0x7B, 0x81, 0x81, 0x80, 0x7F, 0x80, 0x82, 0x84, 0x81, 0x7F, 0x7E, 0x7D, 0x7E, 0x81, 0x81, 0x81, 0x82, 0x82, 0x82, 0x83, 0x83, 0x84, 0x83, 0x81,
  0x7D, 0x7D, 0x7F, 0x81, 0x82, 0x80, 0x80, 0x80, 0x84, 0x85, 0x82, 0x80, 0x7F, 0x7D, 0x7E, 0x7F, 0x83, 0x83, 0x83, 0x83, 0x82, 0x83, 0x84, 0x84, 0x82, 0x7F, 0x7F, 0x80, 0x81, 0x82, 0x82, 0x81,
  0x83, 0x84, 0x84, 0x85, 0x82, 0x7E, 0x7E, 0x7E, 0x80, 0x81, 0x82, 0x82, 0x83, 0x83, 0x83, 0x83, 0x80, 0x81, 0x80, 0x80, 0x80, 0x7F, 0x80, 0x80, 0x7F, 0x80, 0x81, 0x82, 0x82, 0x81, 0x80, 0x7F,
  0x7F, 0x7F, 0x7E, 0x7D, 0x7E, 0x82, 0x82, 0x82, 0x82, 0x81, 0x80, 0x7F, 0x7F, 0x7F, 0x7F, 0x7F, 0x7F, 0x80, 0x81, 0x83, 0x83, 0x7E, 0x7E, 0x7E, 0x80, 0x80, 0x7F, 0x7E, 0x7E, 0x7F, 0x80, 0x80,
  0x82, 0x82, 0x82, 0x82, 0x7F, 0x80, 0x80, 0x80, 0x81, 0x7F, 0x7F, 0x7F, 0x80, 0x85, 0x84, 0x83, 0x7E, 0x7F, 0x7F, 0x80, 0x7F, 0x80, 0x80, 0x80, 0x82, 0x83, 0x81, 0x80, 0x80, 0x80, 0x80, 0x81,
  0x80, 0x80, 0x7F, 0x7F, 0x80, 0x82, 0x82, 0x82, 0x80, 0x80, 0x81, 0x82, 0x82, 0x7E, 0x7E, 0x7D, 0x81, 0x81, 0x81, 0x81, 0x81, 0x80, 0x80, 0x80, 0x7E, 0x7F, 0x7F, 0x80, 0x80, 0x80, 0x81, 0x81,
  0x80, 0x80, 0x80, 0x80, 0x82, 0x7F, 0x7F, 0x7E, 0x7F, 0x80, 0x81, 0x82, 0x82, 0x81, 0x81, 0x80, 0x81, 0x81, 0x81, 0x80, 0x7F, 0x82, 0x82, 0x82, 0x83, 0x82, 0x81, 0x80, 0x80, 0x82, 0x82, 0x82,
  0x80, 0x80, 0x82, 0x83, 0x85, 0x83, 0x83, 0x83, 0x81, 0x80, 0x81, 0x81, 0x81, 0x82, 0x82, 0x82, 0x84, 0x84, 0x83, 0x82, 0x80, 0x81, 0x81, 0x82, 0x83, 0x81, 0x81, 0x81, 0x82, 0x84, 0x84, 0x84,
  0x80, 0x80, 0x80, 0x80, 0x81, 0x7F, 0x7F, 0x7F, 0x80, 0x82, 0x82, 0x81, 0x82, 0x81, 0x80, 0x80, 0x7F, 0x7F, 0x7F, 0x80, 0x7F, 0x81, 0x82, 0x82, 0x82, 0x80, 0x80, 0x80, 0x80, 0x80, 0x7F, 0x7E,
  0x80, 0x80, 0x81, 0x82, 0x82, 0x80, 0x80, 0x80, 0x80, 0x7F, 0x7F, 0x7F, 0x7F, 0x80, 0x80, 0x81, 0x81, 0x81, 0x80, 0x80, 0x80, 0x81, 0x81, 0x81, 0x7F, 0x7E, 0x80, 0x81, 0x81, 0x82, 0x83, 0x83,
  0x81, 0x80, 0x80, 0x80, 0x80, 0x81, 0x81, 0x81, 0x82, 0x84, 0x84, 0x83, 0x82, 0x81, 0x81, 0x82, 0x80, 0x80, 0x80, 0x81, 0x82, 0x82, 0x82, 0x81, 0x82, 0x83, 0x82, 0x81, 0x80, 0x80, 0x80, 0x81,
  0x81, 0x81, 0x82, 0x82, 0x82, 0x80, 0x80, 0x80, 0x83, 0x81, 0x80, 0x7E, 0x7E, 0x81, 0x82, 0x82, 0x80, 0x80, 0x81, 0x82, 0x81, 0x7E, 0x7E, 0x7E, 0x82, 0x82, 0x81, 0x80, 0x80, 0x82, 0x82, 0x81,
  0x80, 0x80, 0x81, 0x82, 0x81, 0x80, 0x80, 0x80, 0x82, 0x81, 0x81, 0x81, 0x81, 0x81, 0x81, 0x81, 0x81, 0x81, 0x82, 0x82, 0x81, 0x80, 0x80, 0x81, 0x82, 0x82, 0x82, 0x81, 0x81, 0x80, 0x81, 0x82,
  0x80, 0x80, 0x80, 0x80, 0x82, 0x81, 0x81, 0x81, 0x82, 0x82, 0x81, 0x80, 0x80, 0x81, 0x81, 0x82, 0x81, 0x81, 0x82, 0x82, 0x81, 0x80, 0x80, 0x80, 0x82, 0x82, 0x81, 0x80, 0x80, 0x82, 0x82, 0x82,
  0x80, 0x80, 0x81, 0x82, 0x82, 0x81, 0x81, 0x81, 0x82, 0x82, 0x82, 0x82, 0x82, 0x81, 0x81, 0x81, 0x82, 0x82, 0x82, 0x82, 0x81, 0x81, 0x81, 0x81, 0x83, 0x82, 0x82, 0x81, 0x81, 0x81, 0x81, 0x81,
  0x82, 0x82, 0x82, 0x81, 0x81, 0x81, 0x81, 0x81, 0x81, 0x82, 0x82, 0x81, 0x81, 0x80, 0x80, 0x80, 0x81, 0x81, 0x81, 0x81, 0x81, 0x80, 0x80, 0x80, 0x80, 0x81, 0x80, 0x80, 0x80, 0x81, 0x82, 0x83,
  0x80, 0x80, 0x81, 0x81, 0x82, 0x80, 0x80, 0x80, 0x81, 0x82, 0x82, 0x82, 0x82, 0x81, 0x81, 0x81, 0x83, 0x83, 0x82, 0x82, 0x81, 0x82, 0x82, 0x82, 0x82, 0x81, 0x81, 0x82, 0x82, 0x83, 0x82, 0x82,
  0x81, 0x81, 0x81, 0x81, 0x82, 0x82, 0x82, 0x82, 0x81, 0x82, 0x82, 0x83, 0x82, 0x82, 0x82, 0x83, 0x82, 0x82, 0x82, 0x82, 0x83, 0x83, 0x83, 0x82, 0x82, 0x82, 0x83, 0x83, 0x83, 0x83, 0x83, 0x83,
  0x83, 0x83, 0x83, 0x83, 0x84, 0x83, 0x83, 0x83, 0x83, 0x83, 0x83, 0x83, 0x83, 0x84, 0x85, 0x85, 0x83, 0x83, 0x84, 0x84, 0x85, 0x84, 0x84, 0x84, 0x85, 0x85, 0x85, 0x85, 0x85, 0x85, 0x85, 0x85,
  0x85, 0x85, 0x84, 0x84, 0x85, 0x86, 0x86, 0x86, 0x85, 0x85, 0x85, 0x85, 0x85, 0x84, 0x84, 0x84, 0x86, 0x86, 0x86, 0x86, 0x85, 0x84, 0x84, 0x84, 0x84, 0x84, 0x84, 0x84, 0x84, 0x85, 0x85, 0x85,
  0x83, 0x83, 0x83, 0x83, 0x84, 0x84, 0x84, 0x84, 0x83, 0x84, 0x84, 0x83, 0x83, 0x83, 0x83, 0x83, 0x83, 0x83, 0x83, 0x83, 0x83, 0x84, 0x84, 0x84, 0x83, 0x82, 0x82, 0x82, 0x82, 0x83, 0x83, 0x83,
  0x82, 0x82, 0x82, 0x82, 0x83, 0x82, 0x82, 0x82, 0x82, 0x82, 0x83, 0x83, 0x83, 0x82, 0x82, 0x81, 0x82, 0x82, 0x82, 0x82, 0x82, 0x82, 0x82, 0x82, 0x83, 0x82, 0x81, 0x81, 0x81, 0x82, 0x82, 0x82,
  0x81, 0x81, 0x81, 0x81, 0x81, 0x81, 0x81, 0x81, 0x80, 0x81, 0x81, 0x82, 0x81, 0x80, 0x80, 0x7F, 0x81, 0x81, 0x81, 0x81, 0x81, 0x80, 0x80, 0x80, 0x80, 0x81, 0x80, 0x80, 0x80, 0x80, 0x80, 0x81,
  0x80, 0x80, 0x80, 0x80, 0x80, 0x80, 0x80, 0x80, 0x80, 0x80, 0x80, 0x80, 0x80, 0x80, 0x80, 0x80, 0x7F, 0x7F, 0x7F, 0x7F, 0x80, 0x7F, 0x7F, 0x7F, 0x7F, 0x80, 0x80, 0x80, 0x80, 0x7F, 0x7F, 0x7F,
  0x7F, 0x7F, 0x7F, 0x7F, 0x7F, 0x7F, 0x7F, 0x7F, 0x7F, 0x7E, 0x7E, 0x7F, 0x7F, 0x80, 0x7F, 0x7F, 0x7E, 0x7E, 0x7E, 0x7F, 0x7F, 0x7F, 0x7F, 0x7F, 0x7F, 0x7E, 0x7E, 0x7F, 0x7F, 0x7E, 0x7E, 0x7F,
  0x7F, 0x7F, 0x7F, 0x7E, 0x7D, 0x7E, 0x7E, 0x7E, 0x7F, 0x7F, 0x7E, 0x7E, 0x7E, 0x7E, 0x7E, 0x7E, 0x7E, 0x7E, 0x7E, 0x7E, 0x7E, 0x7E, 0x7E, 0x7E, 0x7E, 0x7F, 0x7E, 0x7E, 0x7E, 0x7D, 0x7E, 0x7E,
  0x7E, 0x7D, 0x7D, 0x7D, 0x7E, 0x7E, 0x7E, 0x7E, 0x7E, 0x7E, 0x7D, 0x7D, 0x7D, 0x7D, 0x7D, 0x7D, 0x7E, 0x7E, 0x7E, 0x7F, 0x7E, 0x7C, 0x7C, 0x7C, 0x7D, 0x7D, 0x7D, 0x7D, 0x7D, 0x7E, 0x7D, 0x7D,
  0x7D, 0x7D, 0x7E, 0x7E, 0x7E, 0x7E, 0x7E, 0x7E, 0x7D, 0x7D, 0x7E, 0x7F, 0x7F, 0x7F, 0x7E, 0x7E, 0x7E, 0x7E, 0x7E, 0x7E, 0x7E, 0x7E, 0x7E, 0x7E, 0x7F, 0x7F, 0x7F, 0x7F, 0x7E, 0x7E, 0x7E, 0x7E,
  0x7F, 0x7F, 0x7F, 0x7F, 0x7F, 0x7F, 0x7F, 0x7F, 0x7F, 0x7E, 0x7E, 0x7F, 0x7F, 0x7F, 0x7F, 0x7F, 0x7F, 0x7F, 0x7F, 0x7F, 0x80, 0x7E, 0x7E, 0x7E, 0x7F, 0x7F, 0x7F, 0x7F, 0x7E, 0x7F, 0x80, 0x80,
  0x7F, 0x7F, 0x80, 0x80, 0x7F, 0x80, 0x80, 0x80, 0x80, 0x80, 0x80, 0x80, 0x81, 0x80, 0x80, 0x80, 0x80, 0x80, 0x80, 0x80, 0x80, 0x80, 0x80, 0x80, 0x80, 0x7F, 0x80, 0x81, 0x81, 0x80, 0x80, 0x7F,
  0x80, 0x80, 0x80, 0x80, 0x80, 0x81, 0x81, 0x81, 0x80, 0x7F, 0x80, 0x81, 0x81, 0x80, 0x80, 0x80, 0x81, 0x81, 0x81, 0x80, 0x80, 0x81, 0x81, 0x81, 0x80, 0x80, 0x80, 0x80, 0x80, 0x80, 0x81, 0x81,
  0x81, 0x81, 0x81, 0x81, 0x81, 0x81, 0x81, 0x81, 0x81, 0x81, 0x81, 0x81, 0x81, 0x81, 0x81, 0x82, 0x82, 0x82, 0x82, 0x81, 0x81, 0x81, 0x81, 0x82, 0x82, 0x82, 0x82, 0x82, 0x82, 0x82, 0x81, 0x81,
  0x82, 0x82, 0x82, 0x82, 0x81, 0x82, 0x82, 0x82, 0x82, 0x82, 0x81, 0x81, 0x81, 0x82, 0x82, 0x82, 0x82, 0x82, 0x82, 0x81, 0x81, 0x82, 0x82, 0x82, 0x82, 0x82, 0x82, 0x82, 0x82, 0x81, 0x81, 0x82,
  0x81, 0x81, 0x82, 0x82, 0x82, 0x82, 0x82, 0x82, 0x82, 0x82, 0x81, 0x81, 0x81, 0x82, 0x83, 0x83, 0x83, 0x83, 0x83, 0x83, 0x83, 0x82, 0x82, 0x82, 0x84, 0x85, 0x83, 0x82, 0x82, 0x84, 0x84, 0x85,
  0x83, 0x84, 0x84, 0x84, 0x84, 0x83, 0x83, 0x83, 0x84, 0x84, 0x84, 0x84, 0x84, 0x85, 0x85, 0x84, 0x84, 0x84, 0x84, 0x85, 0x84, 0x84, 0x84, 0x84, 0x84, 0x84, 0x84, 0x83, 0x83, 0x84, 0x84, 0x84,
  0x84, 0x84, 0x84, 0x84, 0x83, 0x82, 0x83, 0x83, 0x83, 0x83, 0x83, 0x84, 0x84, 0x84, 0x84, 0x83, 0x83, 0x84, 0x84, 0x85, 0x84, 0x83, 0x83, 0x83, 0x84, 0x82, 0x81, 0x80, 0x80, 0x82, 0x81, 0x81,
  0x82, 0x81, 0x81, 0x81, 0x7F, 0x82, 0x82, 0x82, 0x84, 0x82, 0x83, 0x84, 0x85, 0x87, 0x85, 0x83, 0x83, 0x84, 0x85, 0x87, 0x86, 0x83, 0x83, 0x83, 0x84, 0x80, 0x7F, 0x7E, 0x7F, 0x80, 0x80, 0x80,
  0x81, 0x82, 0x82, 0x83, 0x82, 0x7D, 0x7D, 0x7D, 0x81, 0x86, 0x83, 0x80, 0x80, 0x84, 0x87, 0x8A, 0x83, 0x82, 0x81, 0x80, 0x87, 0x81, 0x80, 0x7F, 0x7B, 0x7F, 0x7F, 0x7E, 0x7D, 0x7A, 0x7C, 0x7E,
  0x82, 0x81, 0x7F, 0x7C, 0x7F, 0x7E, 0x7E, 0x7D, 0x76, 0x7D, 0x81, 0x86, 0x84, 0x7F, 0x83, 0x87, 0x8B, 0x88, 0x83, 0x7D, 0x82, 0x7E, 0x7C, 0x7B, 0x73, 0x79, 0x7C, 0x7F, 0x7E, 0x7D, 0x7F, 0x81,
  0x86, 0x85, 0x83, 0x80, 0x7C, 0x80, 0x80, 0x80, 0x77, 0x73, 0x7B, 0x84, 0x86, 0x88, 0x85, 0x82, 0x91, 0x92, 0x90, 0x8E, 0x7F, 0x7A, 0x7B, 0x7B, 0x78, 0x72, 0x79, 0x7F, 0x82, 0x87, 0x85, 0x84,
  0x83, 0x83, 0x82, 0x81, 0x7C, 0x78, 0x79, 0x79, 0x7E, 0x7E, 0x79, 0x74, 0x75, 0x82, 0x8A, 0x92, 0x81, 0x80, 0x87, 0x8D, 0x91, 0x70, 0x70, 0x6F, 0x74, 0x74, 0x75, 0x77, 0x7A, 0x8B, 0x8E, 0x91,
  0x82, 0x81, 0x81, 0x81, 0x7C, 0x73, 0x73, 0x73, 0x76, 0x7F, 0x83, 0x86, 0x84, 0x78, 0x78, 0x78, 0x94, 0x95, 0x8A, 0x7F, 0x79, 0x89, 0x89, 0x8A, 0x79, 0x77, 0x77, 0x77, 0x79, 0x76, 0x7D, 0x83,
  0x9E, 0x94, 0x8D, 0x87, 0x85, 0x8A, 0x84, 0x7E, 0x6C, 0x69, 0x6A, 0x6C, 0x88, 0x9B, 0x97, 0x93, 0x81, 0x7E, 0x80, 0x81, 0x7F, 0x6E, 0x6F, 0x6F, 0x86, 0x82, 0x80, 0x7E, 0x6D, 0x6F, 0x7B, 0x86,
  0x88, 0x91, 0x8E, 0x8A, 0x77, 0x7A, 0x80, 0x86, 0x78, 0xA2, 0xA1, 0xA0, 0x85, 0x7A, 0x81, 0x88, 0x85, 0x75, 0x73, 0x72, 0x7D, 0x81, 0x8A, 0x94, 0x90, 0x86, 0x85, 0x85, 0x7A, 0x78, 0x7C, 0x81,
  0x82, 0x7E, 0x7E, 0x7E, 0x93, 0x96, 0x91, 0x8C, 0x70, 0x6A, 0x6B, 0x6C, 0x8B, 0xAE, 0x9B, 0x89, 0x8B, 0x92, 0x92, 0x92, 0x5F, 0x5D, 0x5C, 0x5C, 0x77, 0xA0, 0xA3, 0xA5, 0xAB, 0x92, 0x80, 0x6D,
  0x71, 0x78, 0x75, 0x73, 0x81, 0x84, 0x8B, 0x93, 0x9B, 0x6E, 0x6B, 0x68, 0x61, 0x74, 0x90, 0xAC, 0xAD, 0x96, 0x8D, 0x84, 0x86, 0x7D, 0x6F, 0x60, 0x66, 0x7E, 0x7F, 0x81, 0x95, 0xAA, 0x95, 0x80,
  0x78, 0x63, 0x6A, 0x71, 0x74, 0x73, 0x78, 0x7D, 0x8A, 0x99, 0x98, 0x97, 0x83, 0x6B, 0x6C, 0x6D, 0x70, 0x8A, 0x96, 0xA3, 0x89, 0x87, 0x89, 0x8A, 0x84, 0x65, 0x65, 0x65, 0x6B, 0x7E, 0x8D, 0x9D,
  0xA0, 0x9A, 0x8D, 0x7F, 0x70, 0x70, 0x71, 0x72, 0x78, 0x8F, 0x8F, 0x90, 0x96, 0x92, 0x7E, 0x6B, 0x67, 0x6B, 0x70, 0x74, 0x8C, 0x96, 0xA4, 0xB2, 0x9F, 0x84, 0x84, 0x84, 0x76, 0x5C, 0x6C, 0x7C,
  0x83, 0x90, 0x91, 0x91, 0x8B, 0x87, 0x81, 0x7C, 0x70, 0x6A, 0x6C, 0x6E, 0x96, 0xAA, 0x93, 0x7D, 0x7A, 0x75, 0x72, 0x6F, 0x55, 0x5B, 0x77, 0x92, 0xBC, 0x99, 0x99, 0x98, 0x95, 0x75, 0x62, 0x50,
  0x55, 0x6D, 0x78, 0x83, 0xAE, 0xB0, 0xA6, 0x9C, 0x7A, 0x5F, 0x60, 0x61, 0x6E, 0x7E, 0x8E, 0x9E, 0xA0, 0x96, 0x8A, 0x7E, 0x48, 0x47, 0x56, 0x66, 0xA4, 0xA0, 0x9F, 0x9D, 0x9F, 0x94, 0x6C, 0x44,
  0x42, 0x52, 0x5E, 0x69, 0xB9, 0xBE, 0xB9, 0xB4, 0x8C, 0x54, 0x54, 0x53, 0x5A, 0x71, 0x86, 0x9B, 0xA1, 0xAA, 0x9F, 0x93, 0x5F, 0x59, 0x51, 0x49, 0x64, 0xBE, 0xBD, 0xBC, 0xA0, 0x8E, 0x81, 0x74,
  0x6C, 0x4B, 0x50, 0x54, 0x8D, 0x93, 0xA0, 0xAE, 0xB7, 0x64, 0x61, 0x5E, 0x57, 0x65, 0x74, 0x83, 0x88, 0x9A, 0x9D, 0xA0, 0x86, 0x7D, 0x68, 0x52, 0x39, 0xA4, 0xAA, 0xB0, 0xB6, 0x9F, 0x99, 0x93,
  0x8B, 0x59, 0x4E, 0x42, 0x62, 0x69, 0x85, 0xA0, 0xB8, 0x9A, 0x97, 0x95, 0x69, 0x4B, 0x5F, 0x73, 0x7B, 0x92, 0x9A, 0xA3, 0x88, 0x82, 0x78, 0x6E, 0x4D, 0x74, 0x7C, 0x83, 0xB9, 0xAB, 0xA3, 0x9A,
  0x96, 0x74, 0x61, 0x4D, 0x56, 0x58, 0x6E, 0x83, 0xB2, 0xA3, 0xA1, 0xA0, 0x7C, 0x56, 0x5B, 0x5F, 0x66, 0x85, 0x91, 0x9C, 0x8B, 0x81, 0x6E, 0x5A, 0x52, 0x72, 0x75, 0x78, 0x95, 0x9F, 0x9F, 0x9F,
  0x81, 0x7B, 0x6C, 0x5D, 0x4D, 0xA3, 0xA7, 0xAB, 0xA7, 0x97, 0x8D, 0x83, 0x79, 0x4D, 0x4F, 0x51, 0x7B, 0x82, 0x94, 0xA5, 0xB4, 0x86, 0x82, 0x7F, 0x57, 0x57, 0x69, 0x7B, 0x7F, 0x92, 0x99, 0xA0,
  0x5D, 0x57, 0x58, 0x59, 0x88, 0x99, 0x99, 0x9A, 0xA1, 0xA5, 0x83, 0x61, 0x5A, 0x48, 0x49, 0x49, 0xA7, 0xAE, 0xB4, 0xBA, 0xA5, 0x62, 0x5E, 0x5A, 0x4C, 0x67, 0x7C, 0x90, 0x91, 0x90, 0x84, 0x79,
  0x7B, 0x7B, 0x78, 0x75, 0x90, 0xAB, 0xAB, 0xAB, 0x8D, 0x65, 0x57, 0x4A, 0x4D, 0x7F, 0x94, 0xAA, 0xA3, 0x9D, 0x8E, 0x7F, 0x65, 0x62, 0x64, 0x67, 0x7C, 0x89, 0x7A, 0x6B, 0x6A, 0x9C, 0x92, 0x89,
  0x77, 0x85, 0x98, 0xAB, 0xA1, 0x8A, 0x78, 0x67, 0x3E, 0x72, 0x7E, 0x8A, 0xAD, 0xB5, 0x9D, 0x85, 0x7E, 0x69, 0x60, 0x57, 0x6C, 0x6E, 0x81, 0x93, 0xB6, 0x77, 0x6F, 0x66, 0x4A, 0x77, 0x8B, 0x9F,
  0xA1, 0xAC, 0xA5, 0x9D, 0x5A, 0x58, 0x5B, 0x5D, 0x75, 0xAC, 0xAA, 0xA9, 0xA0, 0x93, 0x75, 0x57, 0x53, 0x5F, 0x71, 0x84, 0xA0, 0x9C, 0x8B, 0x7A, 0x54, 0x90, 0x95, 0x9B, 0xB2, 0xA2, 0x9F, 0x9C,
  0x96, 0x6D, 0x64, 0x5B, 0x5D, 0x5D, 0x6E, 0x7F, 0xB9, 0xAE, 0xA9, 0xA4, 0x6B, 0x5C, 0x69, 0x75, 0x79, 0x7C, 0x78, 0x74, 0x9E, 0x9B, 0xA0, 0xA5, 0x83, 0x99, 0x9A, 0x9B, 0x8B, 0x7A, 0x6D, 0x60,
  0x63, 0x84, 0x8A, 0x91, 0xAB, 0xA1, 0x90, 0x80, 0x7B, 0x86, 0x7D, 0x74, 0x72, 0x7A, 0x82, 0x8A, 0x8B, 0x72, 0x6F, 0x6B, 0x74, 0x8A, 0x75, 0x60, 0x66, 0x9E, 0xA9, 0xB5, 0x88, 0x80, 0x72, 0x63,
  0x53, 0x7B, 0x81, 0x86, 0xB8, 0xB3, 0x98, 0x7C, 0x78, 0x63, 0x5E, 0x5A, 0x6A, 0x6B, 0x6F, 0x73, 0x9C, 0xA7, 0xA0, 0x99, 0x6C, 0x85, 0x78, 0x6C, 0x67, 0x73, 0x75, 0x77, 0x86, 0x8F, 0x9E, 0xAE,
  0xB0, 0x6D, 0x69, 0x66, 0x63, 0x77, 0x6A, 0x5D, 0x5A, 0x58, 0x76, 0x93, 0xB4, 0xA7, 0x87, 0x66, 0x78, 0x8A, 0x88, 0x87, 0x78, 0x67, 0x74, 0x81, 0x87, 0xA0, 0xA3, 0xA6, 0x79, 0x72, 0x69, 0x5F,
  0x78, 0x67, 0x64, 0x61, 0x5B, 0x99, 0x9D, 0xA2, 0x90, 0x5A, 0x67, 0x73, 0x79, 0x72, 0x77, 0x7C, 0x97, 0x92, 0x91, 0x8F, 0x84, 0x8E, 0x7A, 0x66, 0x73, 0x72, 0x77, 0x7B, 0x7E, 0x43, 0x45, 0x47,
  0x8B, 0xDA, 0xB0, 0x86, 0x7C, 0x6F, 0x7B, 0x86, 0x79, 0x7D, 0x74, 0x6A, 0x6A, 0xB6, 0xB8, 0xBA, 0xA9, 0x88, 0x75, 0x63, 0x67, 0x8C, 0x86, 0x81, 0x4A, 0x4D, 0x6D, 0x8D, 0xD4, 0x6B, 0x68, 0x65,
  0x7D, 0x94, 0x91, 0x8E, 0x8F, 0x6C, 0x69, 0x66, 0x9A, 0xA0, 0x9E, 0x9D, 0xA2, 0x69, 0x6C, 0x6E, 0x7B, 0x77, 0x60, 0x49, 0x4E, 0x95, 0xB4, 0xD4, 0x63, 0x5D, 0x70, 0x82, 0x93, 0x84, 0x85, 0x85,
  0x70, 0x62, 0x88, 0xAF, 0xB0, 0x9E, 0x92, 0x87, 0x5E, 0x64, 0x78, 0x8D, 0x8F, 0x4C, 0x4A, 0x49, 0x6F, 0xC4, 0x92, 0x60, 0x55, 0x7A, 0x96, 0xB3, 0x7C, 0x7C, 0x75, 0x6D, 0x3F, 0xAD, 0xB0, 0xB3,
  0xB8, 0x95, 0x7B, 0x62, 0x5A, 0x69, 0x66, 0x63, 0x53, 0x5B, 0x86, 0xB2, 0xDE, 0x69, 0x62, 0x5B, 0x51, 0x86, 0x81, 0x7C, 0x7E, 0x82, 0x7D, 0x77, 0xA2, 0xA5, 0x9A, 0x8F, 0x6F, 0x77, 0x79, 0x7B,
  0x83, 0x64, 0x61, 0x5E, 0x7E, 0xA1, 0x9D, 0x99, 0x8C, 0x87, 0x87, 0x87, 0x6A, 0x68, 0x5E, 0x54, 0x3D, 0xAD, 0xB4, 0xBA, 0xCA, 0x93, 0x81, 0x6E, 0x6F, 0x63, 0x63, 0x62, 0x7B, 0x7E, 0x89, 0x95,
  0xAE, 0x78, 0x77, 0x76, 0x6E, 0x6C, 0x71, 0x75, 0x75, 0x78, 0x75, 0x73, 0xA5, 0x9B, 0x9C, 0x9D, 0x79, 0x74, 0x70, 0x6C, 0x6A, 0x6F, 0x80, 0x92, 0xA2, 0x89, 0x87, 0x85, 0x71, 0x6F, 0x79, 0x83,
  0x70, 0x6F, 0x66, 0x5C, 0x55, 0x3D, 0x51, 0x65, 0xD5, 0xCD, 0xA9, 0x85, 0x5F, 0x7F, 0x7C, 0x79, 0x73, 0x72, 0x6E, 0x6A, 0x72, 0xA7, 0xAA, 0xAD, 0x86, 0x7E, 0x6D, 0x5C, 0x66, 0x58, 0x54, 0x51,
  0x4D, 0x98, 0xAA, 0xBC, 0xAF, 0x68, 0x5E, 0x53, 0x7A, 0x7B, 0x82, 0x89, 0x8E, 0x7F, 0x81, 0x82, 0x8D, 0x80, 0x80, 0x80, 0x82, 0x82, 0x83, 0x85, 0x3F, 0x3F, 0x5E, 0x7C, 0xC7, 0x75, 0x73, 0x72,
  0x7E, 0x7A, 0x7B, 0x7C, 0x7D, 0x76, 0x6E, 0x66, 0xB2, 0xB4, 0xA6, 0x98, 0x76, 0x77, 0x77, 0x77, 0x80, 0x68, 0x5D, 0x53, 0x5E, 0xB5, 0xBF, 0xCA, 0x76, 0x73, 0x76, 0x79, 0x7C, 0x6F, 0x72, 0x75,
  0x76, 0x7E, 0x9A, 0xB5, 0xB2, 0x81, 0x76, 0x6A, 0x7E, 0x81, 0x84, 0x88, 0x50, 0x65, 0x6E, 0x77, 0xD2, 0xAF, 0x95, 0x7A, 0x79, 0x84, 0x7B, 0x71, 0x7E, 0x82, 0x7E, 0x7A, 0x8B, 0x9C, 0x9A, 0x98,
  0x75, 0x6F, 0x7C, 0x89, 0x8D, 0x79, 0x5B, 0x3D, 0xA3, 0xB0, 0xB4, 0xB8, 0x87, 0x78, 0x77, 0x75, 0x7C, 0x6F, 0x78, 0x81, 0x82, 0x92, 0x9E, 0xA9, 0x81, 0x7C, 0x74, 0x6D, 0x7D, 0x6D, 0x6B, 0x69,
  0x47, 0x71, 0x96, 0xBB, 0xB6, 0x8F, 0x83, 0x77, 0x76, 0x75, 0x71, 0x6D, 0x5C, 0xA0, 0xA2, 0xA4, 0xB6, 0xA5, 0x87, 0x69, 0x63, 0x67, 0x70, 0x7A, 0x56, 0x53, 0x64, 0x76, 0xBE, 0x89, 0x84, 0x7F,
  0x6A, 0x8A, 0x81, 0x79, 0x77, 0x67, 0x68, 0x68, 0xAA, 0xAB, 0xA9, 0xA8, 0x88, 0x71, 0x82, 0x92, 0x93, 0x85, 0x65, 0x46, 0x79, 0xAD, 0xC4, 0xDA, 0x99, 0x6E, 0x77, 0x80, 0x92, 0x8F, 0x7D, 0x6B,
  0x66, 0x68, 0x7C, 0x90, 0xB7, 0x77, 0x72, 0x6C, 0x76, 0x6D, 0x6D, 0x6D, 0x77, 0x79, 0x74, 0x6F, 0x61, 0x5B, 0x5E, 0x62, 0xB3, 0xD0, 0xA4, 0x79, 0x6D, 0x57, 0x64, 0x70, 0x7B, 0x76, 0x74, 0x72,
  0x9B, 0xA5, 0xA8, 0xAB, 0x88, 0x64, 0x71, 0x7E, 0x87, 0x6F, 0x56, 0x3D, 0x7C, 0xA5, 0xB4, 0xC3, 0xA3, 0x8C, 0x7A, 0x67, 0x57, 0x78, 0x70, 0x69, 0x74, 0x94, 0xA6, 0xB8, 0xAB, 0x96, 0x7D, 0x65,
  0x7E, 0x83, 0x7D, 0x77, 0x5F, 0xAD, 0xB0, 0xB3, 0x9A, 0x8F, 0x84, 0x79, 0x71, 0x6D, 0x6D, 0x6E, 0x71, 0x8E, 0xA2, 0xB5, 0xB5, 0x82, 0x7D, 0x77, 0x73, 0x81, 0x6D, 0x5A, 0x83, 0x9E, 0xB1, 0xC4,
  0x71, 0x88, 0x89, 0x8B, 0x9A, 0x9E, 0x78, 0x51, 0x49, 0x59, 0x7C, 0x9E, 0xAE, 0xA1, 0x85, 0x69, 0x70, 0x8E, 0x87, 0x81, 0x48, 0x4F, 0x83, 0xB8, 0xAE, 0x76, 0x7A, 0x7E, 0xA3, 0xA7, 0x9F, 0x97,
  0x6C, 0x5E, 0x62, 0x67, 0x9F, 0xB9, 0x97, 0x74, 0x72, 0x89, 0x90, 0x96, 0x42, 0x3F, 0x56, 0x6D, 0xC9, 0x85, 0x83, 0x82, 0x78, 0x74, 0x89, 0x9D, 0x95, 0x66, 0x67, 0x69, 0xA2, 0xA0, 0x93, 0x86,
  0x66, 0x96, 0x99, 0x9D, 0x8C, 0x59, 0x74, 0x8F, 0x98, 0x8F, 0x88, 0x80, 0x75, 0x70, 0x74, 0x77, 0x96, 0x61, 0x62, 0x62, 0x80, 0x9A, 0x89, 0x78, 0x71, 0x61, 0x6F, 0x7D, 0x64, 0x5F, 0x6B, 0x78,
  0xAE, 0x5C, 0x5C, 0x5D, 0x79, 0x84, 0x90, 0x9D, 0x9C, 0x6B, 0x66, 0x61, 0x8E, 0x92, 0x94, 0x96, 0x7D, 0x73, 0x78, 0x7C, 0x7F, 0x54, 0x7D, 0xA6, 0xB0, 0x98, 0x7C, 0x60, 0x70, 0x6C, 0x75, 0x7E,
  0x9F, 0x67, 0x67, 0x68, 0x86, 0x8B, 0x81, 0x78, 0x73, 0x63, 0x72, 0x81, 0x62, 0x58, 0x59, 0x5A, 0xA4, 0x7A, 0x75, 0x71, 0x66, 0x5D, 0x79, 0x95, 0xA0, 0x9C, 0x87, 0x71, 0x84, 0x84, 0x83, 0x81,
  0x6F, 0x78, 0x7E, 0x85, 0xA1, 0x70, 0x74, 0x78, 0x88, 0xAA, 0x92, 0x7A, 0x75, 0x72, 0x6B, 0x63, 0x8C, 0x82, 0x7D, 0x78, 0x6F, 0x89, 0x87, 0x86, 0x80, 0x55, 0x5F, 0x68, 0x9B, 0x90, 0x71, 0x52,
  0x62, 0x9C, 0x97, 0x93, 0x75, 0x82, 0x7C, 0x76, 0x7D, 0x93, 0x8A, 0x81, 0x80, 0x85, 0x90, 0x9C, 0x97, 0x5A, 0x60, 0x66, 0x78, 0x80, 0x7B, 0x76, 0x78, 0x97, 0x96, 0x95, 0x91, 0x7B, 0x79, 0x76,
  0x75, 0x88, 0x85, 0x83, 0x63, 0x6F, 0x8E, 0xAE, 0x73, 0x74, 0x7E, 0x87, 0x83, 0x63, 0x68, 0x6E, 0xAE, 0x9C, 0x8B, 0x79, 0x83, 0x87, 0x7D, 0x74, 0x86, 0x80, 0x74, 0x69, 0x8F, 0x90, 0x8D, 0x8A,
};

const uint8_t snd_die[] = {
  0x72, 0x65, 0x7A, 0x8F, 0x8E, 0x6A, 0x6A, 0x6A, 0x96, 0x8F, 0x84, 0x78, 0x90, 0x6D, 0x6D, 0x6D, 0x8C, 0x7C, 0x81, 0x85, 0x8E, 0xA2, 0x97, 0x8C, 0x76, 0x71, 0x70, 0x70, 0x71, 0x78, 0x7C, 0x81,
  0xA6, 0x8E, 0x84, 0x7B, 0x83, 0x84, 0x84, 0x84, 0x85, 0x74, 0x74, 0x74, 0xA9, 0x8C, 0x87, 0x82, 0x89, 0x8B, 0x87, 0x83, 0x6C, 0x5E, 0x63, 0x67, 0xA4, 0x90, 0x8C, 0x87, 0x8E, 0x89, 0x7A, 0x6C,
  0x61, 0x65, 0x84, 0xA4, 0x90, 0x87, 0x77, 0x66, 0x68, 0x97, 0x93, 0x8E, 0x52, 0x70, 0x86, 0x9C, 0x8C, 0x5D, 0x70, 0x84, 0x8B, 0x91, 0x91, 0x92, 0x76, 0x81, 0x82, 0x83, 0x9F, 0x92, 0x79, 0x5F,
  0x6B, 0x9E, 0x9A, 0x96, 0x60, 0x77, 0x7F, 0x87, 0x82, 0x94, 0x93, 0x91, 0x83, 0x86, 0x85, 0x83, 0x82, 0x75, 0x74, 0x73, 0x81, 0x85, 0x7B, 0x70, 0x7E, 0xBB, 0xAB, 0x9A, 0x6B, 0x75, 0x7D, 0x86,
  0x83, 0x8A, 0x87, 0x84, 0x7A, 0x99, 0x8A, 0x7C, 0x76, 0x6E, 0x74, 0x7B, 0x87, 0x7E, 0x67, 0x50, 0x77, 0xA2, 0x9C, 0x95, 0x69, 0x7B, 0x79, 0x77, 0x7E, 0x96, 0x91, 0x8B, 0x8D, 0x91, 0x90, 0x8F,
  0x88, 0x6B, 0x6C, 0x6C, 0x80, 0x79, 0x70, 0x67, 0x76, 0xB9, 0xA9, 0x99, 0x84, 0x86, 0x7D, 0x74, 0x71, 0x75, 0x73, 0x71, 0x80, 0xA5, 0x97, 0x89, 0x86, 0x74, 0x75, 0x75, 0x70, 0x68, 0x5C, 0x50,
  0x88, 0x88, 0x83, 0x7F, 0x8B, 0x99, 0x7F, 0x64, 0x66, 0x73, 0x74, 0x75, 0xA8, 0xA5, 0x94, 0x83, 0x7C, 0x79, 0x79, 0x7A, 0x7C, 0x62, 0x79, 0x91, 0x9B, 0x96, 0x85, 0x74, 0x9C, 0x96, 0x82, 0x6E,
  0x70, 0x6F, 0x71, 0x73, 0x9B, 0x9F, 0x8F, 0x7E, 0x7C, 0x6E, 0x75, 0x7B, 0x7F, 0x7C, 0x78, 0x74, 0x89, 0x7D, 0x7D, 0x7E, 0x8C, 0x8D, 0x7F, 0x72, 0x76, 0x92, 0x93, 0x94, 0x7C, 0x76, 0x74, 0x72,
  0x8B, 0x75, 0x73, 0x72, 0x71, 0x8A, 0x77, 0x65, 0x61, 0x76, 0x8A, 0x9E, 0x6E, 0x70, 0x7C, 0x88, 0x84, 0x8B, 0x96, 0xA2, 0x7F, 0x7E, 0x7F, 0x7F, 0x7F, 0x83, 0x84, 0x85, 0x82, 0x80, 0x82, 0x84,
  0x83, 0x7F, 0x7F, 0x7F, 0x7E, 0x7F, 0x7C, 0x79, 0x6E, 0x98, 0x99, 0x9A, 0x81, 0x75, 0x79, 0x7D, 0x7A, 0x7B, 0x83, 0x8B, 0x7B, 0x80, 0x91, 0xA1, 0x93, 0x7B, 0x89, 0x97, 0x76, 0x6D, 0x6D, 0x6E,
  0x85, 0x94, 0x83, 0x73, 0x74, 0x8E, 0x93, 0x97, 0x90, 0x7F, 0x77, 0x6F, 0x6F, 0x7A, 0x83, 0x8C, 0x7D, 0x7A, 0x7B, 0x7C, 0x87, 0x8A, 0x89, 0x88, 0x76, 0x7F, 0x7B, 0x77, 0x71, 0x66, 0x71, 0x7C,
  0x8D, 0x89, 0x7D, 0x71, 0x6D, 0x88, 0x89, 0x8B, 0x8D, 0x7C, 0x7C, 0x7C, 0x7E, 0x88, 0x8A, 0x8C, 0x7B, 0x7C, 0x84, 0x8C, 0x87, 0x82, 0x81, 0x81, 0x80, 0x85, 0x83, 0x81, 0x80, 0x80, 0x7F, 0x7F,
  0x7E, 0x7C, 0x77, 0x72, 0x75, 0x86, 0x88, 0x89, 0x8D, 0x7C, 0x80, 0x84, 0x85, 0x82, 0x85, 0x88, 0x7B, 0x7B, 0x81, 0x87, 0x90, 0x85, 0x83, 0x82, 0x78, 0x7B, 0x77, 0x73, 0x75, 0x80, 0x82, 0x85,
  0x86, 0x86, 0x84, 0x82, 0x80, 0x86, 0x84, 0x81, 0x85, 0x7D, 0x81, 0x85, 0x88, 0x8B, 0x89, 0x87, 0x80, 0x7C, 0x7C, 0x7C, 0x7E, 0x84, 0x83, 0x82, 0x78, 0x7C, 0x85, 0x8E, 0x96, 0x7B, 0x7A, 0x79,
  0x73, 0x81, 0x83, 0x85, 0x86, 0x8D, 0x88, 0x84, 0x7C, 0x7D, 0x83, 0x89, 0x8C, 0x76, 0x76, 0x76, 0x7E, 0x84, 0x81, 0x7E, 0x7E, 0x86, 0x86, 0x86, 0x81, 0x76, 0x7A, 0x7F, 0x81, 0x87, 0x85, 0x83,
  0x7D, 0x7F, 0x84, 0x89, 0x89, 0x7D, 0x7C, 0x7B, 0x7B, 0x81, 0x81, 0x80, 0x80, 0x84, 0x84, 0x85, 0x7A, 0x78, 0x77, 0x76, 0x80, 0x84, 0x83, 0x82, 0x7B, 0x7C, 0x84, 0x8D, 0x8C, 0x84, 0x80, 0x7B,
  0x7F, 0x82, 0x83, 0x84, 0x80, 0x84, 0x84, 0x85, 0x83, 0x7C, 0x7B, 0x7B, 0x7E, 0x8A, 0x88, 0x86, 0x76, 0x77, 0x7E, 0x85, 0x92, 0x7B, 0x7A, 0x79, 0x77, 0x82, 0x84, 0x86, 0x83, 0x7B, 0x7E, 0x81,
  0x84, 0x82, 0x7D, 0x79, 0x79, 0x8C, 0x8C, 0x8B, 0x81, 0x77, 0x82, 0x8C, 0x8F, 0x8E, 0x86, 0x7D, 0x7F, 0x81, 0x87, 0x8D, 0x8B, 0x78, 0x79, 0x79, 0x85, 0x88, 0x82, 0x7C, 0x7B, 0x7F, 0x83, 0x88,
  0x7C, 0x7B, 0x7C, 0x7E, 0x89, 0x83, 0x81, 0x7F, 0x77, 0x82, 0x87, 0x8D, 0x8C, 0x7E, 0x7A, 0x76, 0x87, 0x89, 0x89, 0x8A, 0x81, 0x7E, 0x7F, 0x80, 0x82, 0x7F, 0x82, 0x85, 0x85, 0x87, 0x85, 0x82,
  0x7C, 0x7E, 0x84, 0x89, 0x8D, 0x7C, 0x7B, 0x79, 0x77, 0x81, 0x86, 0x8B, 0x8A, 0x7F, 0x7D, 0x7A, 0x80, 0x80, 0x82, 0x83, 0x85, 0x82, 0x82, 0x82, 0x7F, 0x7E, 0x81, 0x84, 0x85, 0x89, 0x86, 0x83,
  0x78, 0x79, 0x7D, 0x82, 0x88, 0x80, 0x7F, 0x7E, 0x7C, 0x81, 0x82, 0x83, 0x83, 0x80, 0x7F, 0x7E, 0x84, 0x84, 0x84, 0x83, 0x83, 0x84, 0x84, 0x84, 0x7F, 0x7C, 0x80, 0x84, 0x85, 0x87, 0x84, 0x82,
  0x7C, 0x7D, 0x81, 0x85, 0x86, 0x7C, 0x7C, 0x7B, 0x7F, 0x87, 0x85, 0x84, 0x84, 0x82, 0x81, 0x80, 0x80, 0x7F, 0x80, 0x80, 0x83, 0x83, 0x83, 0x82, 0x7E, 0x80, 0x82, 0x84, 0x83, 0x7F, 0x7D, 0x7C,
  0x84, 0x86, 0x87, 0x89, 0x85, 0x83, 0x83, 0x82, 0x7F, 0x7F, 0x81, 0x83, 0x84, 0x86, 0x84, 0x82, 0x7F, 0x7F, 0x81, 0x82, 0x82, 0x7E, 0x7D, 0x7D, 0x7C, 0x82, 0x84, 0x86, 0x86, 0x85, 0x85, 0x85,
  0x7C, 0x7D, 0x7E, 0x7F, 0x81, 0x84, 0x84, 0x84, 0x81, 0x82, 0x80, 0x7E, 0x7D, 0x7F, 0x80, 0x82, 0x81, 0x81, 0x80, 0x80, 0x88, 0x88, 0x86, 0x84, 0x82, 0x7F, 0x7F, 0x7F, 0x82, 0x84, 0x84, 0x84,
  0x83, 0x81, 0x80, 0x80, 0x7E, 0x7E, 0x7F, 0x7F, 0x80, 0x7E, 0x7E, 0x7E, 0x84, 0x86, 0x85, 0x84, 0x7F, 0x80, 0x81, 0x81, 0x85, 0x85, 0x82, 0x80, 0x80, 0x7F, 0x7E, 0x7D, 0x7F, 0x80, 0x7F, 0x7D,
  0x7C, 0x7F, 0x7F, 0x7F, 0x7D, 0x7E, 0x7E, 0x7E, 0x7E, 0x7E, 0x7F, 0x7F, 0x7B, 0x7A, 0x78, 0x77, 0x7B, 0x84, 0x84, 0x84, 0x83, 0x82, 0x7F, 0x7C, 0x7C, 0x7B, 0x7C, 0x7E, 0x7E, 0x7D, 0x7C, 0x7B,
  0x7B, 0x7E, 0x7E, 0x7E, 0x7E, 0x7D, 0x7A, 0x78, 0x78, 0x7B, 0x7C, 0x7E, 0x81, 0x81, 0x81, 0x80, 0x7E, 0x7B, 0x7B, 0x7B, 0x7D, 0x7D, 0x7C, 0x7A, 0x7A, 0x7A, 0x7A, 0x7A, 0x7A, 0x7A, 0x7A, 0x7A,
  0x7A, 0x7B, 0x7B, 0x7B, 0x7C, 0x7C, 0x7C, 0x7C, 0x7C, 0x7D, 0x7D, 0x7E, 0x7E, 0x7E, 0x7E, 0x7E, 0x7C, 0x7B, 0x7A, 0x7A, 0x7A, 0x7B, 0x7B, 0x7B, 0x7B, 0x7C, 0x7C, 0x7C, 0x7D, 0x7D, 0x7E, 0x7F,
  0x7D, 0x7C, 0x7C, 0x7C, 0x81, 0x83, 0x81, 0x7F, 0x7F, 0x7F, 0x7F, 0x7E, 0x7B, 0x7B, 0x7C, 0x7C, 0x7C, 0x7D, 0x7D, 0x7D, 0x7E, 0x80, 0x7E, 0x7D, 0x7D, 0x7C, 0x7C, 0x7C, 0x7E, 0x7F, 0x81, 0x83,
  0x83, 0x80, 0x80, 0x80, 0x7F, 0x7E, 0x7E, 0x7E, 0x7E, 0x7F, 0x7D, 0x7C, 0x7D, 0x7E, 0x80, 0x82, 0x81, 0x7B, 0x7C, 0x7C, 0x80, 0x81, 0x7F, 0x7D, 0x7E, 0x84, 0x85, 0x86, 0x80, 0x80, 0x81, 0x82,
  0x82, 0x7F, 0x7F, 0x7F, 0x7E, 0x7D, 0x7F, 0x80, 0x81, 0x82, 0x81, 0x80, 0x7F, 0x7F, 0x80, 0x81, 0x81, 0x80, 0x80, 0x81, 0x85, 0x83, 0x83, 0x83, 0x84, 0x87, 0x86, 0x84, 0x7E, 0x7F, 0x80, 0x81,
  0x80, 0x7E, 0x7E, 0x7F, 0x85, 0x83, 0x81, 0x7E, 0x7E, 0x83, 0x84, 0x84, 0x7E, 0x7F, 0x81, 0x84, 0x85, 0x84, 0x84, 0x85, 0x88, 0x86, 0x82, 0x7E, 0x7E, 0x81, 0x80, 0x80, 0x80, 0x81, 0x83, 0x85,
  0x85, 0x81, 0x82, 0x82, 0x85, 0x83, 0x82, 0x80, 0x81, 0x89, 0x8A, 0x8B, 0x85, 0x85, 0x86, 0x88, 0x8B, 0x82, 0x82, 0x82, 0x84, 0x85, 0x83, 0x81, 0x81, 0x82, 0x84, 0x86, 0x85, 0x85, 0x85, 0x86,
  0x86, 0x83, 0x83, 0x83, 0x85, 0x88, 0x87, 0x86, 0x86, 0x88, 0x88, 0x89, 0x84, 0x83, 0x83, 0x83, 0x84, 0x81, 0x81, 0x81, 0x84, 0x86, 0x84, 0x83, 0x82, 0x84, 0x85, 0x86, 0x85, 0x85, 0x85, 0x85,
  0x88, 0x86, 0x86, 0x86, 0x86, 0x87, 0x87, 0x88, 0x87, 0x86, 0x86, 0x87, 0x86, 0x86, 0x85, 0x84, 0x84, 0x86, 0x87, 0x87, 0x87, 0x87, 0x88, 0x89, 0x89, 0x89, 0x87, 0x86, 0x86, 0x86, 0x87, 0x87,
  0x88, 0x89, 0x89, 0x89, 0x88, 0x87, 0x87, 0x87, 0x87, 0x86, 0x85, 0x84, 0x84, 0x84, 0x84, 0x84, 0x85, 0x89, 0x89, 0x89, 0x87, 0x85, 0x84, 0x84, 0x84, 0x86, 0x86, 0x85, 0x87, 0x87, 0x88, 0x89,
  0x88, 0x85, 0x85, 0x85, 0x86, 0x85, 0x82, 0x80, 0x80, 0x82, 0x83, 0x84, 0x84, 0x84, 0x84, 0x84, 0x85, 0x83, 0x83, 0x83, 0x82, 0x83, 0x84, 0x84, 0x85, 0x85, 0x85, 0x85, 0x87, 0x87, 0x87, 0x86,
  0x83, 0x82, 0x82, 0x81, 0x80, 0x7F, 0x80, 0x81, 0x82, 0x84, 0x84, 0x84, 0x80, 0x80, 0x81, 0x81, 0x82, 0x81, 0x81, 0x81, 0x82, 0x83, 0x83, 0x84, 0x84, 0x83, 0x83, 0x83, 0x83, 0x83, 0x82, 0x81,
  0x7F, 0x7E, 0x7E, 0x7E, 0x7E, 0x7E, 0x80, 0x81, 0x82, 0x83, 0x83, 0x82, 0x80, 0x80, 0x80, 0x80, 0x81, 0x82, 0x82, 0x82, 0x83, 0x83, 0x84, 0x84, 0x85, 0x83, 0x81, 0x7E, 0x7E, 0x7E, 0x7E, 0x7F,
  0x80, 0x80, 0x81, 0x81, 0x81, 0x83, 0x83, 0x81, 0x81, 0x80, 0x81, 0x84, 0x84, 0x84, 0x83, 0x82, 0x82, 0x81, 0x80, 0x80, 0x80, 0x80, 0x7F, 0x7F, 0x80, 0x81, 0x82, 0x81, 0x81, 0x82, 0x82, 0x80,
  0x80, 0x80, 0x80, 0x83, 0x83, 0x83, 0x82, 0x81, 0x80, 0x80, 0x7E, 0x7D, 0x7D, 0x7E, 0x7F, 0x81, 0x81, 0x81, 0x80, 0x80, 0x80, 0x81, 0x82, 0x81, 0x81, 0x81, 0x81, 0x82, 0x82, 0x83, 0x82, 0x80,
  0x80, 0x80, 0x80, 0x7D, 0x7D, 0x7E, 0x7F, 0x81, 0x81, 0x81, 0x81, 0x80, 0x80, 0x7F, 0x80, 0x81, 0x81, 0x7F, 0x7E, 0x82, 0x82, 0x81, 0x7F, 0x7D, 0x7D, 0x7D, 0x7D, 0x7E, 0x7D, 0x7E, 0x7F, 0x7C,
  0x7C, 0x7C, 0x7F, 0x7F, 0x7F, 0x7E, 0x7F, 0x7E, 0x7E, 0x7E, 0x7E, 0x7C, 0x7B, 0x7C, 0x7E, 0x7F, 0x7E, 0x7E, 0x7C, 0x7C, 0x7C, 0x7D, 0x7F, 0x7D, 0x7D, 0x7D, 0x7E, 0x80, 0x80, 0x80, 0x7E, 0x7C,
  0x7C, 0x7E, 0x81, 0x7F, 0x7E, 0x7C, 0x7E, 0x80, 0x80, 0x80, 0x7F, 0x7B, 0x7B, 0x7D, 0x80, 0x80, 0x7F, 0x7D, 0x7D, 0x7F, 0x7F, 0x7E, 0x7F, 0x7E, 0x7E, 0x7D, 0x7D, 0x80, 0x80, 0x7F, 0x7C, 0x7D,
  0x7E, 0x80, 0x81, 0x7D, 0x7D, 0x7D, 0x7F, 0x7F, 0x7E, 0x7C, 0x7D, 0x80, 0x80, 0x7F, 0x7F, 0x7F, 0x7E, 0x7E, 0x7E, 0x80, 0x80, 0x7F, 0x7F, 0x80, 0x80, 0x80, 0x7F, 0x7E, 0x7E, 0x7F, 0x80, 0x7F,
  0x7F, 0x7F, 0x7F, 0x7E, 0x7E, 0x7E, 0x7F, 0x7F, 0x80, 0x80, 0x7F, 0x7F, 0x7F, 0x7F, 0x7F, 0x80, 0x80, 0x80, 0x80, 0x7E, 0x7E, 0x7F, 0x7F, 0x7F, 0x7F, 0x7F, 0x80, 0x7E, 0x7E, 0x7D, 0x7E, 0x7F,
  0x7F, 0x7E, 0x7E, 0x80, 0x80, 0x7F, 0x7F, 0x7F, 0x7F, 0x7F, 0x7F, 0x7F, 0x7F, 0x80, 0x80, 0x81, 0x81, 0x82, 0x82, 0x82, 0x83, 0x83, 0x83, 0x83, 0x83, 0x83, 0x83, 0x83, 0x82, 0x82, 0x81, 0x7F,
  0x7F, 0x80, 0x81, 0x81, 0x81, 0x81, 0x81, 0x81, 0x81, 0x80, 0x81, 0x82, 0x82, 0x81, 0x81, 0x81, 0x81, 0x82, 0x82, 0x82, 0x82, 0x82, 0x81, 0x82, 0x82, 0x82, 0x82, 0x82, 0x82, 0x82, 0x82, 0x82,
  0x82, 0x82, 0x82, 0x82, 0x82, 0x82, 0x82, 0x82, 0x83, 0x83, 0x83, 0x82, 0x82, 0x82, 0x82, 0x83, 0x83, 0x82, 0x82, 0x83, 0x83, 0x83, 0x83, 0x82, 0x82, 0x82, 0x82, 0x83, 0x83, 0x83, 0x82, 0x82,
  0x82, 0x83, 0x83, 0x83, 0x82, 0x82, 0x83, 0x83, 0x83, 0x83, 0x83, 0x82, 0x82, 0x83, 0x83, 0x83, 0x83, 0x82, 0x82, 0x83, 0x83, 0x83, 0x82, 0x83, 0x83, 0x83, 0x83, 0x83, 0x83, 0x83, 0x83, 0x83,
  0x83, 0x83, 0x83, 0x82, 0x82, 0x83, 0x83, 0x83, 0x83, 0x83, 0x83, 0x83, 0x83, 0x82, 0x83, 0x83, 0x83, 0x83, 0x83, 0x83, 0x82, 0x82, 0x82, 0x82, 0x82, 0x82, 0x82, 0x82, 0x82, 0x82, 0x82, 0x82,
  0x82, 0x82, 0x82, 0x83, 0x83, 0x82, 0x81, 0x81, 0x82, 0x82, 0x82, 0x81, 0x81, 0x81, 0x81, 0x82, 0x82, 0x82, 0x81, 0x81, 0x81, 0x81, 0x81, 0x82, 0x82, 0x81, 0x81, 0x81, 0x81, 0x81, 0x81, 0x81,
  0x81, 0x81, 0x81, 0x81, 0x81, 0x80, 0x80, 0x81, 0x81, 0x81, 0x81, 0x80, 0x80, 0x80, 0x80, 0x81, 0x81, 0x80, 0x80, 0x81, 0x81, 0x81, 0x80, 0x80, 0x80, 0x80, 0x80, 0x80, 0x80, 0x81, 0x80, 0x80,
  0x7F, 0x80, 0x80, 0x80, 0x80, 0x80, 0x80, 0x80, 0x80, 0x80, 0x80, 0x80, 0x80, 0x80, 0x80, 0x80, 0x80, 0x80, 0x7F, 0x80, 0x80, 0x80, 0x7F, 0x7F, 0x7F, 0x80, 0x80, 0x7F, 0x7F, 0x80, 0x80, 0x7F,
  0x7F, 0x7F, 0x80, 0x80, 0x80, 0x7F, 0x7F, 0x7F, 0x7F, 0x7F, 0x7F, 0x7F, 0x7F, 0x7F, 0x80, 0x7F, 0x7F, 0x7F, 0x7F, 0x7F, 0x7F, 0x7F, 0x7F, 0x7F, 0x7F, 0x7F, 0x7F, 0x7F, 0x7F, 0x80, 0x80, 0x7F,
  0x7F, 0x7F, 0x7F, 0x7F, 0x7F, 0x7F, 0x7F, 0x7F, 0x7F, 0x7F, 0x7F, 0x7F, 0x7F, 0x7F, 0x7F, 0x80, 0x80, 0x7F, 0x7F, 0x7F, 0x7F, 0x7F, 0x7F, 0x7F, 0x7F, 0x7F, 0x7F, 0x7F, 0x7F, 0x7F, 0x7F, 0x7F,
  0x7F, 0x7F, 0x7F, 0x7F, 0x7F, 0x7F, 0x7F, 0x7F, 0x7F, 0x7F, 0x7F, 0x7F, 0x7F, 0x7F, 0x7F, 0x7F, 0x7F, 0x7F, 0x80, 0x7F, 0x80, 0x7F, 0x7F, 0x7F, 0x7F, 0x7F, 0x7F, 0x80, 0x80, 0x80, 0x80, 0x80,
  0x80, 0x80, 0x80, 0x80, 0x7F, 0x7F, 0x7F, 0x7F, 0x7F, 0x7F, 0x7F, 0x7F, 0x7F, 0x7F, 0x7F, 0x7F, 0x7F, 0x7F, 0x7F, 0x7F, 0x7F, 0x7F, 0x7F, 0x7F, 0x7F, 0x7F, 0x7F, 0x7F, 0x7F, 0x7F, 0x7F, 0x7F,
  0x7F, 0x7F, 0x7F, 0x80, 0x80, 0x80, 0x80, 0x80, 0x80, 0x80, 0x80, 0x7F, 0x7F, 0x80, 0x80, 0x80, 0x80, 0x7F, 0x80, 0x7F, 0x7F, 0x80, 0x80, 0x7F, 0x7F, 0x80, 0x80, 0x80, 0x80, 0x7F, 0x80, 0x7F,
  0x7F, 0x7F, 0x80, 0x80, 0x80, 0x80, 0x80, 0x80, 0x80, 0x80, 0x80, 0x80,
};

const uint8_t snd_bark[] = {
  0x83, 0x84, 0x83, 0x80, 0x80, 0x80, 0x80, 0x80, 0x80, 0x81, 0x82, 0x81, 0x80, 0x80, 0x80, 0x80, 0x80, 0x80, 0x80, 0x81, 0x81, 0x81, 0x81, 0x80, 0x80, 0x7F, 0x7F, 0x80, 0x80, 0x80, 0x80, 0x82,
  0x82, 0x82, 0x81, 0x81, 0x81, 0x80, 0x80, 0x80, 0x80, 0x80, 0x80, 0x7F, 0x7F, 0x80, 0x81, 0x81, 0x81, 0x82, 0x82, 0x82, 0x81, 0x81, 0x80, 0x7F, 0x7F, 0x7E, 0x7E, 0x81, 0x81, 0x82, 0x82, 0x81,
  0x81, 0x80, 0x7F, 0x80, 0x80, 0x80, 0x81, 0x80, 0x80, 0x80, 0x80, 0x81, 0x81, 0x81, 0x81, 0x81, 0x81, 0x81, 0x81, 0x81, 0x81, 0x80, 0x80, 0x80, 0x80, 0x7F, 0x7F, 0x82, 0x82, 0x82, 0x81, 0x81,
  0x81, 0x81, 0x81, 0x82, 0x82, 0x82, 0x81, 0x81, 0x80, 0x80, 0x7F, 0x80, 0x80, 0x81, 0x81, 0x82, 0x82, 0x81, 0x7F, 0x7F, 0x7F, 0x7F, 0x80, 0x81, 0x81, 0x81, 0x81, 0x81, 0x81, 0x81, 0x80, 0x80,
  0x80, 0x80, 0x80, 0x80, 0x80, 0x81, 0x81, 0x80, 0x80, 0x80, 0x81, 0x81, 0x81, 0x81, 0x81, 0x81, 0x81, 0x80, 0x80, 0x82, 0x82, 0x82, 0x82, 0x81, 0x81, 0x80, 0x80, 0x80, 0x80, 0x80, 0x81, 0x80,
  0x80, 0x80, 0x80, 0x80, 0x80, 0x80, 0x80, 0x80, 0x81, 0x82, 0x82, 0x81, 0x81, 0x80, 0x80, 0x7F, 0x80, 0x80, 0x81, 0x81, 0x81, 0x81, 0x81, 0x80, 0x80, 0x80, 0x80, 0x80, 0x80, 0x81, 0x81, 0x81,
  0x81, 0x81, 0x81, 0x81, 0x81, 0x81, 0x82, 0x82, 0x82, 0x82, 0x82, 0x80, 0x80, 0x7F, 0x7F, 0x80, 0x80, 0x81, 0x82, 0x81, 0x81, 0x80, 0x80, 0x80, 0x80, 0x80, 0x80, 0x80, 0x80, 0x80, 0x80, 0x81,
  0x81, 0x81, 0x80, 0x80, 0x80, 0x82, 0x82, 0x82, 0x82, 0x81, 0x81, 0x7F, 0x7F, 0x7F, 0x7F, 0x80, 0x80, 0x81, 0x82, 0x81, 0x81, 0x80, 0x80, 0x83, 0x83, 0x82, 0x82, 0x81, 0x81, 0x80, 0x7F, 0x80,
  0x80, 0x81, 0x80, 0x80, 0x80, 0x80, 0x80, 0x7F, 0x7F, 0x7F, 0x80, 0x80, 0x80, 0x80, 0x80, 0x7F, 0x7F, 0x80, 0x80, 0x81, 0x81, 0x81, 0x81, 0x81, 0x81, 0x81, 0x81, 0x80, 0x80, 0x80, 0x80, 0x81,
  0x81, 0x82, 0x82, 0x81, 0x81, 0x81, 0x81, 0x81, 0x81, 0x82, 0x82, 0x81, 0x81, 0x80, 0x81, 0x80, 0x80, 0x80, 0x81, 0x81, 0x81, 0x82, 0x82, 0x80, 0x80, 0x7F, 0x7F, 0x80, 0x80, 0x80, 0x80, 0x80,
  0x80, 0x80, 0x80, 0x81, 0x81, 0x81, 0x81, 0x81, 0x81, 0x81, 0x81, 0x80, 0x80, 0x7F, 0x7F, 0x80, 0x80, 0x81, 0x81, 0x82, 0x82, 0x81, 0x82, 0x83, 0x83, 0x82, 0x80, 0x81, 0x81, 0x80, 0x80, 0x80,
  0x80, 0x7F, 0x7F, 0x80, 0x81, 0x81, 0x81, 0x80, 0x80, 0x80, 0x80, 0x80, 0x80, 0x80, 0x80, 0x80, 0x80, 0x80, 0x80, 0x7F, 0x7F, 0x7F, 0x80, 0x82, 0x83, 0x83, 0x82, 0x80, 0x80, 0x80, 0x81, 0x81,
  0x81, 0x81, 0x81, 0x81, 0x82, 0x83, 0x83, 0x81, 0x81, 0x80, 0x81, 0x81, 0x81, 0x82, 0x82, 0x80, 0x80, 0x80, 0x81, 0x80, 0x80, 0x7F, 0x7E, 0x7F, 0x7F, 0x80, 0x82, 0x82, 0x81, 0x81, 0x81, 0x81,
  0x81, 0x81, 0x81, 0x81, 0x81, 0x80, 0x80, 0x7F, 0x7F, 0x7E, 0x7F, 0x81, 0x81, 0x82, 0x81, 0x81, 0x81, 0x82, 0x83, 0x82, 0x82, 0x80, 0x7F, 0x7F, 0x7F, 0x7F, 0x81, 0x81, 0x81, 0x7F, 0x80, 0x82,
  0x82, 0x80, 0x7F, 0x80, 0x7F, 0x7F, 0x7F, 0x81, 0x82, 0x81, 0x80, 0x81, 0x81, 0x80, 0x80, 0x7F, 0x80, 0x80, 0x80, 0x80, 0x80, 0x80, 0x80, 0x81, 0x81, 0x81, 0x83, 0x84, 0x84, 0x83, 0x81, 0x80,
  0x80, 0x7F, 0x7E, 0x80, 0x81, 0x82, 0x81, 0x83, 0x83, 0x83, 0x82, 0x7F, 0x7F, 0x7F, 0x7F, 0x80, 0x81, 0x82, 0x82, 0x81, 0x81, 0x81, 0x81, 0x81, 0x81, 0x81, 0x80, 0x7F, 0x7F, 0x7F, 0x80, 0x80,
  0x81, 0x83, 0x85, 0x84, 0x84, 0x82, 0x82, 0x80, 0x7F, 0x7E, 0x7F, 0x80, 0x80, 0x7F, 0x81, 0x82, 0x81, 0x7E, 0x7C, 0x7F, 0x7F, 0x7F, 0x81, 0x84, 0x84, 0x82, 0x80, 0x81, 0x81, 0x7F, 0x7E, 0x7F,
  0x7F, 0x7E, 0x7F, 0x83, 0x84, 0x86, 0x87, 0x83, 0x82, 0x81, 0x81, 0x7D, 0x7D, 0x7D, 0x81, 0x82, 0x81, 0x81, 0x83, 0x80, 0x7F, 0x7C, 0x7C, 0x7E, 0x7E, 0x7E, 0x80, 0x83, 0x83, 0x81, 0x82, 0x81,
  0x80, 0x7D, 0x7C, 0x7F, 0x7F, 0x81, 0x85, 0x8B, 0x8B, 0x85, 0x80, 0x7F, 0x7F, 0x7C, 0x7A, 0x83, 0x83, 0x84, 0x82, 0x85, 0x86, 0x82, 0x7B, 0x7A, 0x7B, 0x7D, 0x7D, 0x82, 0x83, 0x85, 0x82, 0x7E,
  0x7E, 0x7D, 0x7C, 0x80, 0x82, 0x88, 0x8C, 0x89, 0x88, 0x84, 0x81, 0x79, 0x78, 0x7A, 0x7F, 0x81, 0x81, 0x82, 0x85, 0x82, 0x81, 0x7B, 0x79, 0x7C, 0x7D, 0x7E, 0x81, 0x83, 0x83, 0x7D, 0x7A, 0x84,
  0x86, 0x8B, 0x88, 0x84, 0x84, 0x86, 0x83, 0x7E, 0x7F, 0x83, 0x80, 0x79, 0x7B, 0x86, 0x89, 0x7C, 0x7B, 0x7C, 0x7D, 0x7B, 0x7C, 0x81, 0x83, 0x79, 0x79, 0x81, 0x90, 0x8C, 0x8A, 0x80, 0x80, 0x7B,
  0x7A, 0x78, 0x82, 0x82, 0x7F, 0x76, 0x7B, 0x81, 0x80, 0x77, 0x75, 0x7E, 0x7F, 0x80, 0x81, 0x82, 0x83, 0x87, 0x8E, 0x8A, 0x88, 0x85, 0x85, 0x77, 0x76, 0x79, 0x86, 0x81, 0x7F, 0x7A, 0x7B, 0x77,
  0x77, 0x76, 0x78, 0x7C, 0x7D, 0x7E, 0x7E, 0x92, 0x95, 0x9A, 0x8B, 0x7E, 0x81, 0x8B, 0x81, 0x79, 0x7D, 0x8F, 0x89, 0x73, 0x74, 0x7D, 0x7B, 0x6F, 0x70, 0x7B, 0x84, 0x7E, 0x7E, 0x88, 0x9B, 0x8D,
  0x88, 0x78, 0x82, 0x7B, 0x78, 0x71, 0x83, 0x8B, 0x87, 0x73, 0x6F, 0x78, 0x77, 0x70, 0x70, 0x81, 0x83, 0x85, 0x8C, 0xA2, 0xA1, 0x90, 0x79, 0x82, 0x82, 0x79, 0x74, 0x92, 0x95, 0x8A, 0x76, 0x6D,
  0x6F, 0x70, 0x70, 0x76, 0x79, 0x81, 0x8D, 0xA6, 0xA7, 0x9C, 0x83, 0x7E, 0x7F, 0x79, 0x6E, 0x8E, 0x93, 0x96, 0x7F, 0x62, 0x62, 0x6B, 0x70, 0x73, 0x73, 0x7E, 0x92, 0xAB, 0xA9, 0x9F, 0x87, 0x7E,
  0x7C, 0x6F, 0x69, 0x96, 0x9A, 0x97, 0x7E, 0x5E, 0x5D, 0x60, 0x6A, 0x77, 0x76, 0x7F, 0x9A, 0xA9, 0xA7, 0x98, 0x7E, 0x76, 0x70, 0x6A, 0x6B, 0xA2, 0xA1, 0x94, 0x74, 0x5A, 0x5A, 0x64, 0x70, 0x7A,
  0x7D, 0x98, 0xAF, 0xA4, 0xA0, 0x88, 0x8A, 0x5E, 0x5D, 0x61, 0x87, 0x97, 0x92, 0x77, 0x5A, 0x5E, 0x5F, 0x70, 0x73, 0x9E, 0xA3, 0xB0, 0xAB, 0x99, 0x99, 0x94, 0x6B, 0x5F, 0x63, 0x92, 0xA1, 0x71,
  0x6B, 0x56, 0x5E, 0x6D, 0x70, 0x76, 0x99, 0xB0, 0xB0, 0xA3, 0x97, 0x92, 0x8A, 0x64, 0x54, 0x99, 0x9E, 0x91, 0x6F, 0x59, 0x5B, 0x61, 0x68, 0x87, 0x8F, 0xAF, 0xAD, 0x90, 0x8C, 0x9F, 0x9C, 0x5C,
  0x55, 0x65, 0x94, 0x77, 0x6D, 0x55, 0x5B, 0x6B, 0x6B, 0x73, 0x91, 0xB0, 0xAD, 0x9F, 0x83, 0xA4, 0x9E, 0x87, 0x62, 0x90, 0x92, 0x82, 0x69, 0x5F, 0x60, 0x65, 0x77, 0x97, 0x9F, 0xAC, 0xAD, 0x7B,
  0x78, 0x92, 0x98, 0x73, 0x6E, 0x80, 0x8F, 0x5D, 0x58, 0x55, 0x62, 0x82, 0x83, 0x95, 0xAB, 0xA7, 0xA3, 0x83, 0x79, 0x87, 0x87, 0x85, 0x83, 0x75, 0x6D, 0x55, 0x55, 0x69, 0x6E, 0x83, 0x9F, 0xA8,
  0xA8, 0x9D, 0x8A, 0x7C, 0x7C, 0x7E, 0x83, 0x85, 0x82, 0x67, 0x50, 0x59, 0x5B, 0x75, 0x85, 0xAC, 0xA9, 0xA4, 0x91, 0x81, 0x82, 0x7E, 0x83, 0x89, 0x8A, 0x74, 0x5C, 0x58, 0x59, 0x66, 0x88, 0xA7,
  0xA9, 0xA5, 0xA1, 0x79, 0x77, 0x75, 0x87, 0x81, 0x7E, 0x61, 0x53, 0x5B, 0x5E, 0x6F, 0x82, 0xA9, 0xA8, 0xA7, 0x90, 0x83, 0x82, 0x81, 0x83, 0x8C, 0x89, 0x71, 0x52, 0x59, 0x5A, 0x76, 0x83, 0xAA,
  0xA7, 0xA7, 0x9C, 0x7C, 0x7A, 0x7C, 0x8D, 0x67, 0x61, 0x51, 0x5D, 0x93, 0x98, 0x91, 0x9F, 0x93, 0x92, 0x6D, 0x66, 0x83, 0x89, 0x96, 0x94, 0x83, 0x7C, 0x5D, 0x4F, 0x5C, 0x5F, 0x7E, 0x9B, 0xA9,
  0xA7, 0xA6, 0x82, 0x65, 0x64, 0x68, 0x71, 0x5D, 0x5E, 0x66, 0x8D, 0xA0, 0x9B, 0x8E, 0x8C, 0x73, 0x69, 0x67, 0x77, 0xA9, 0xA5, 0xA6, 0x86, 0x53, 0x54, 0x58, 0x5E, 0x89, 0x94, 0xB5, 0xA4, 0x8B,
  0x86, 0x92, 0x64, 0x56, 0x53, 0x5D, 0x7B, 0xB2, 0xB0, 0x8E, 0x63, 0x8C, 0x90, 0x81, 0x6C, 0xAC, 0xA9, 0xA8, 0x94, 0x88, 0x84, 0x60, 0x62, 0x5F, 0x64, 0x60, 0x85, 0xB0, 0xAF, 0xB4, 0xA0, 0x77,
  0x6A, 0x57, 0x5C, 0x87, 0x91, 0xAC, 0xA9, 0x5A, 0x52, 0x67, 0x5F, 0x64, 0x5C, 0x9A, 0xB2, 0xB5, 0xAD, 0x93, 0x8B, 0x5B, 0x5B, 0x5B, 0x5B, 0x8C, 0x97, 0xBB, 0xA5, 0x6E, 0x68, 0x95, 0x5C, 0x73,
  0x6F, 0xB4, 0xB1, 0x6E, 0x5A, 0x5B, 0x70, 0xA8, 0x9A, 0x72, 0x99, 0xAF, 0xAA, 0x7A, 0x68, 0x94, 0x85, 0x67, 0x56, 0x6A, 0x66, 0x7B, 0xAF, 0xAA, 0xA9, 0x8B, 0x95, 0x6B, 0x69, 0x68, 0x6F, 0x56,
  0x58, 0x64, 0x6E, 0xA5, 0xA7, 0xB4, 0x93, 0x7D, 0x7F, 0x8A, 0x75, 0x9B, 0x9A, 0x88, 0x56, 0x5C, 0x5C, 0x8D, 0xA8, 0xA5, 0xA3, 0x93, 0xA6, 0x65, 0x60, 0x46, 0x58, 0x6E, 0x73, 0x8C, 0xA8, 0x61,
  0x5D, 0x5C, 0x7B, 0x80, 0x85, 0xA8, 0xA9, 0x74, 0x65, 0x63, 0x87, 0x6C, 0x61, 0x51, 0x65, 0xAC, 0xB3, 0xA2, 0xB2, 0x96, 0x9C, 0x77, 0x56, 0x5E, 0x66, 0xAA, 0xA2, 0x79, 0x66, 0x51, 0x61, 0x70,
  0x6B, 0x57, 0xA0, 0xB2, 0xB5, 0x9F, 0x85, 0x5A, 0x57, 0x5E, 0x60, 0x93, 0x9C, 0xB1, 0xAA, 0x62, 0x5B, 0x7C, 0x69, 0x7D, 0x80, 0xAE, 0xA7, 0x5C, 0x57, 0x74, 0x9D, 0x6B, 0x64, 0x80, 0x92, 0x99,
  0x8E, 0x83, 0x84, 0x89, 0x7D, 0x65, 0x4D, 0x6F, 0x74, 0x90, 0x94, 0xA0, 0x9E, 0xAB, 0x82, 0x55, 0x4F, 0x63, 0x53, 0x65, 0x64, 0x9C, 0xAB, 0x98, 0x92, 0x87, 0x75, 0x78, 0x7F, 0x9D, 0xA7, 0x62,
  0x5E, 0x69, 0x6C, 0x63, 0x61, 0x6F, 0xA4, 0xAE, 0xAC, 0x91, 0x8E, 0x85, 0x7C, 0x60, 0x5A, 0xA3, 0xA1, 0x6C, 0x5C, 0x79, 0x88, 0xAB, 0xA1, 0x90, 0x8F, 0xA7, 0x87, 0x4F, 0x4C, 0x69, 0x6A, 0x5A,
  0x5B, 0x6E, 0xA3, 0xA5, 0xA7, 0x8B, 0x65, 0x79, 0x80, 0x9D, 0x8D, 0x94, 0x8F, 0x76, 0x4C, 0x55, 0x54, 0x7D, 0x94, 0xA9, 0xA6, 0xA5, 0x9C, 0x5D, 0x56, 0x57, 0x66, 0x58, 0x57, 0x6C, 0x96, 0x7D,
  0x73, 0x71, 0x88, 0x7B, 0x72, 0x7F, 0x99, 0x9F, 0x9A, 0x85, 0x70, 0x56, 0x55, 0x5C, 0x5A, 0x88, 0x92, 0xB7, 0xA7, 0x9D, 0x98, 0x99, 0x5B, 0x59, 0x53, 0x68, 0x88, 0xAD, 0xA7, 0x89, 0x5C, 0x5E,
  0x5A, 0x67, 0x76, 0xB6, 0xAD, 0xAA, 0xA4, 0x83, 0x7A, 0x55, 0x67, 0x67, 0x6B, 0x62, 0x8B, 0xAC, 0xAB, 0xB1, 0x87, 0x5B, 0x58, 0x66, 0x7B, 0xAF, 0xAB, 0xAD, 0x85, 0x5E, 0x5E, 0x57, 0x70, 0x92,
  0x9B, 0xAC, 0xAB, 0x9A, 0x94, 0x71, 0x5E, 0x5F, 0x63, 0x7D, 0x94, 0x67, 0x6F, 0x87, 0x9B, 0x8B, 0x98, 0xAB, 0x9E, 0x7B, 0x80, 0x9D, 0x8C, 0x7F, 0x76, 0x61, 0x4F, 0x6D, 0x6E, 0x61, 0x65, 0xA8,
  0xB0, 0xAE, 0xA9, 0x94, 0x94, 0x69, 0x54, 0x64, 0x6C, 0x8B, 0x70, 0x5D, 0x5E, 0x74, 0x87, 0xA4, 0xAB, 0xA4, 0x94, 0x74, 0x84, 0xA0, 0x93, 0x66, 0x63, 0x67, 0x5B, 0x71, 0x69, 0x69, 0x70, 0x80,
  0x74, 0x6A, 0x95, 0xAF, 0xAA, 0x84, 0x70, 0x8A, 0x7F, 0x79, 0x70, 0x6F, 0x63, 0x63, 0x67, 0x7D, 0x7F, 0xA1, 0xB4, 0xA4, 0xA5, 0xA5, 0x9E, 0x6E, 0x71, 0x7D, 0x60, 0x7C, 0x82, 0x9D, 0x69, 0x65,
  0x62, 0x7C, 0x70, 0xA4, 0xA5, 0xAC, 0xB3, 0x8C, 0x89, 0x88, 0x89, 0x58, 0x57, 0x62, 0x73, 0x63, 0x66, 0x72, 0x82, 0x83, 0x88, 0xA1, 0xA9, 0xA2, 0xA0, 0x89, 0x86, 0x7E, 0x75, 0x5E, 0x5B, 0x68,
  0x61, 0x5E, 0x70, 0x98, 0x92, 0x7C, 0x9E, 0xB3, 0xB5, 0x9A, 0x97, 0x8D, 0x95, 0x7B, 0x5C, 0x66, 0x6D, 0x71, 0x57, 0x70, 0x74, 0x92, 0x77, 0x9A, 0x95, 0xB4, 0xA8, 0x8F, 0x84, 0x83, 0x96, 0x59,
  0x57, 0x4F, 0x63, 0x5D, 0x61, 0x7E, 0x91, 0x89, 0x8E, 0xA1, 0x93, 0x9F, 0x9F, 0x9F, 0x88, 0x81, 0x7A, 0x54, 0x53, 0x62, 0x67, 0x5A, 0x6F, 0x9B, 0x9D, 0x8C, 0x91, 0x8C, 0x8C, 0x88, 0x8C, 0x92,
  0x94, 0x8F, 0x63, 0x50, 0x51, 0x58, 0x63, 0x8B, 0x95, 0xA2, 0x95, 0x89, 0x8F, 0x9F, 0x92, 0x73, 0x73, 0x81, 0x87, 0x75, 0x71, 0x61, 0x5B, 0x60, 0x62, 0x70, 0x88, 0x97, 0x94, 0x80, 0x75, 0x93,
  0x99, 0xAA, 0xA2, 0x78, 0x76, 0x8D, 0x7A, 0x5B, 0x5A, 0x6C, 0x75, 0x73, 0x79, 0x87, 0x91, 0x9B, 0x9D, 0x85, 0x7A, 0xA2, 0xA3, 0x94, 0x90, 0x8F, 0x88, 0x5F, 0x59, 0x60, 0x5F, 0x66, 0x7D, 0x88,
  0x85, 0x98, 0xA4, 0x7C, 0x76, 0x7E, 0x94, 0x8E, 0x8F, 0x90, 0x86, 0x61, 0x62, 0x61, 0x62, 0x81, 0x87, 0x95, 0x91, 0xA7, 0xA6, 0x96, 0x7A, 0x7E, 0x7B, 0x6D, 0x73, 0x9A, 0x99, 0x81, 0x74, 0x72,
  0x71, 0x6C, 0x74, 0x87, 0x89, 0x96, 0x9D, 0x80, 0x7D, 0x7B, 0x78, 0x6C, 0x6F, 0x8B, 0xA8, 0x98, 0x97, 0x81, 0x73, 0x63, 0x64, 0x67, 0x72, 0x91, 0x93, 0x97, 0x96, 0x88, 0x85, 0x76, 0x73, 0x82,
  0x84, 0x8C, 0x8D, 0x7B, 0x79, 0x73, 0x6C, 0x70, 0x71, 0x7E, 0x85, 0x98, 0x9B, 0xA8, 0xA3, 0x75, 0x70, 0x6A, 0x72, 0x72, 0x73, 0x84, 0x93, 0x7F, 0x7E, 0x79, 0x79, 0x7E, 0x80, 0x84, 0x88, 0x9C,
  0x9C, 0x92, 0x85, 0x74, 0x72, 0x65, 0x69, 0x7B, 0x7D, 0x81, 0x8E, 0x95, 0x95, 0x99, 0x90, 0x6B, 0x6A, 0x77, 0x80, 0x82, 0x84, 0x90, 0x89, 0x72, 0x72, 0x75, 0x72, 0x7E, 0x80, 0x89, 0x90, 0x95,
  0x93, 0x84, 0x7A, 0x75, 0x74, 0x71, 0x77, 0x7F, 0x80, 0x7E, 0x7F, 0x87, 0x89, 0x93, 0x90, 0x7C, 0x7B, 0x81, 0x84, 0x7A, 0x7A, 0x7E, 0x81, 0x7B, 0x7B, 0x7D, 0x7F, 0x7D, 0x7E, 0x80, 0x84, 0x8A,
  0x8A, 0x88, 0x83, 0x7F, 0x7F, 0x7A, 0x76, 0x7B, 0x7A, 0x79, 0x79, 0x82, 0x82, 0x85, 0x89, 0x90, 0x90, 0x8B, 0x84, 0x80, 0x80, 0x7E, 0x7A, 0x7C, 0x7D, 0x7F, 0x7C, 0x7A, 0x7B, 0x7C, 0x7F, 0x82,
  0x82, 0x83, 0x86, 0x87, 0x87, 0x85, 0x84, 0x7C, 0x7B, 0x7A, 0x7A, 0x76, 0x76, 0x7A, 0x7F, 0x84, 0x85, 0x8D, 0x90, 0x83, 0x81, 0x7F, 0x83, 0x7D, 0x7C, 0x7B, 0x81, 0x79, 0x78, 0x77, 0x7D, 0x7C,
  0x7B, 0x7D, 0x82, 0x83, 0x83, 0x85, 0x85, 0x83, 0x83, 0x85, 0x82, 0x83, 0x82, 0x7C, 0x75, 0x79, 0x7A, 0x7B, 0x7C, 0x8B, 0x8D, 0x91, 0x90, 0x83, 0x82, 0x7E, 0x7D, 0x76, 0x77, 0x7E, 0x85, 0x7C,
  0x7C, 0x80, 0x82, 0x7D, 0x7D, 0x80, 0x81, 0x84, 0x85, 0x86, 0x84, 0x80, 0x80, 0x7C, 0x7B, 0x81, 0x81, 0x80, 0x7F, 0x80, 0x7F, 0x7E, 0x7D, 0x80, 0x80, 0x82, 0x83, 0x89, 0x8A, 0x8D, 0x87, 0x7C,
  0x7D, 0x7F, 0x7C, 0x7C, 0x7D, 0x82, 0x82, 0x83, 0x83, 0x83, 0x7D, 0x7A, 0x7A, 0x7A, 0x7A, 0x83, 0x83, 0x83, 0x82, 0x80, 0x80, 0x80, 0x83, 0x81, 0x80, 0x7F, 0x7F, 0x7D, 0x7C, 0x7B, 0x7D, 0x7D,
  0x7D, 0x7F, 0x82, 0x85, 0x85, 0x85, 0x86, 0x86, 0x85, 0x82, 0x7F, 0x7D, 0x7C, 0x79, 0x7A, 0x85, 0x85, 0x82, 0x80, 0x82, 0x83, 0x81, 0x7E, 0x7E, 0x7F, 0x80, 0x80, 0x84, 0x85, 0x85, 0x83, 0x7F,
  0x7F, 0x82, 0x85, 0x84, 0x84, 0x82, 0x81, 0x7E, 0x7D, 0x7D, 0x7D, 0x80, 0x80, 0x80, 0x83, 0x84, 0x83, 0x7F, 0x7F, 0x84, 0x84, 0x83, 0x82, 0x7F, 0x7F, 0x80, 0x81, 0x81, 0x82, 0x82, 0x7F, 0x7E,
  0x7F, 0x82, 0x82, 0x81, 0x81, 0x80, 0x80, 0x80, 0x80, 0x80, 0x80, 0x80, 0x80, 0x82, 0x83, 0x81, 0x81, 0x7E, 0x7E, 0x7F, 0x80, 0x80, 0x80, 0x7F, 0x7F, 0x7F, 0x7E, 0x82, 0x83, 0x83, 0x82, 0x83,
  0x83, 0x84, 0x84, 0x81, 0x80, 0x80, 0x81, 0x80, 0x80, 0x80, 0x81, 0x7F, 0x7E, 0x7C, 0x7F, 0x83, 0x83, 0x83, 0x82, 0x81, 0x81, 0x7F, 0x7E, 0x81, 0x82, 0x82, 0x81, 0x81, 0x81, 0x81, 0x7F, 0x7F,
  0x7F, 0x81, 0x83, 0x83, 0x83, 0x81, 0x80, 0x7E, 0x7E, 0x7E, 0x7E, 0x80, 0x80, 0x81, 0x81, 0x82, 0x83, 0x84, 0x84, 0x81, 0x81, 0x81, 0x81, 0x7E, 0x7D, 0x7E, 0x80, 0x7F, 0x7F, 0x80, 0x80, 0x80,
  0x80, 0x81, 0x81, 0x81, 0x81, 0x82, 0x83, 0x81, 0x81, 0x81, 0x81, 0x7F, 0x7F, 0x7F, 0x81, 0x82, 0x82, 0x82, 0x82, 0x81, 0x81, 0x81, 0x7F, 0x80, 0x80, 0x81, 0x80, 0x80, 0x80, 0x80, 0x7F, 0x81,
  0x82, 0x83, 0x84, 0x82, 0x82, 0x81, 0x81, 0x82, 0x81, 0x81, 0x82, 0x82, 0x82, 0x81, 0x81, 0x81, 0x81, 0x7F, 0x7E, 0x7E, 0x7F, 0x80, 0x81, 0x81, 0x81, 0x81, 0x80, 0x81, 0x80, 0x81, 0x81, 0x81,
  0x80, 0x7F, 0x7F, 0x7F, 0x7F, 0x7E, 0x80, 0x81, 0x81, 0x81, 0x82, 0x82, 0x82, 0x80, 0x80, 0x82, 0x82, 0x82, 0x81, 0x82, 0x82, 0x80, 0x7F, 0x80, 0x80, 0x80, 0x81, 0x81, 0x81, 0x82, 0x82, 0x81,
  0x81, 0x81, 0x80, 0x7F, 0x7F, 0x80, 0x7F, 0x80, 0x80, 0x81, 0x80, 0x80, 0x80, 0x80, 0x80, 0x82, 0x82, 0x81, 0x80, 0x81, 0x81, 0x80, 0x80, 0x80, 0x81, 0x80, 0x81, 0x80, 0x80, 0x81, 0x81, 0x80,
  0x80, 0x80, 0x81, 0x81, 0x80, 0x80, 0x81, 0x82, 0x82, 0x81, 0x81, 0x82, 0x82, 0x80, 0x7F, 0x7F, 0x7F, 0x7F, 0x80, 0x81, 0x81, 0x81, 0x81, 0x81, 0x81, 0x84, 0x84, 0x82, 0x81, 0x80, 0x80, 0x7E,
  0x7E, 0x7E, 0x7E, 0x80, 0x80, 0x81, 0x82, 0x84, 0x84, 0x82, 0x81, 0x82, 0x83, 0x83, 0x81, 0x7F, 0x7F, 0x7F, 0x7E, 0x80, 0x80, 0x81, 0x81, 0x83, 0x83, 0x82, 0x82, 0x81, 0x80, 0x81, 0x83, 0x82,
  0x83, 0x82, 0x81, 0x7E, 0x7E, 0x7E, 0x7F, 0x80, 0x80, 0x82, 0x83, 0x80, 0x80, 0x80, 0x81, 0x81, 0x80, 0x7F, 0x7F, 0x80, 0x80, 0x7E, 0x7E, 0x80, 0x80, 0x7F, 0x80, 0x81, 0x81, 0x80, 0x81, 0x82,
  0x82, 0x81, 0x81, 0x7F, 0x7F, 0x7F, 0x7F, 0x7F, 0x80, 0x81, 0x80, 0x80, 0x80, 0x82, 0x81, 0x82, 0x82, 0x82, 0x81, 0x7F, 0x80, 0x7F, 0x7F, 0x80, 0x81, 0x81, 0x82, 0x82, 0x82, 0x82, 0x82, 0x82,
  0x82, 0x80, 0x80, 0x7F, 0x7F, 0x80, 0x82, 0x81, 0x80, 0x80, 0x80, 0x80, 0x80, 0x80, 0x82, 0x84, 0x83, 0x82, 0x80, 0x80, 0x80, 0x7F, 0x80, 0x82, 0x82, 0x82, 0x82, 0x81, 0x81, 0x80, 0x81, 0x81,
  0x81, 0x81, 0x81, 0x7F, 0x7F, 0x7F, 0x80, 0x81, 0x81, 0x82, 0x82, 0x81, 0x80, 0x81, 0x81, 0x80, 0x80, 0x80, 0x80, 0x81, 0x82, 0x82, 0x82, 0x82, 0x81, 0x80, 0x7F, 0x80, 0x80, 0x80, 0x81, 0x7F,
  0x7F, 0x7E, 0x7E, 0x80, 0x80, 0x82, 0x83, 0x82, 0x82, 0x81, 0x80, 0x80, 0x80, 0x80, 0x7F, 0x80, 0x80, 0x80, 0x80, 0x80, 0x80, 0x80, 0x80, 0x82, 0x83, 0x84, 0x84, 0x81, 0x80, 0x7F, 0x7E, 0x7E,
  0x7E, 0x7F, 0x80, 0x82, 0x82, 0x82, 0x81, 0x80, 0x80, 0x7F, 0x80, 0x83, 0x84, 0x83, 0x83, 0x80, 0x80, 0x7E, 0x7E, 0x80, 0x80, 0x81, 0x82, 0x82, 0x82, 0x82, 0x80, 0x7F, 0x7F, 0x7F, 0x80, 0x82,
  0x82, 0x81, 0x7F, 0x7E, 0x7E, 0x7F, 0x7F, 0x80, 0x81, 0x82, 0x83, 0x82, 0x81, 0x7F, 0x7E, 0x7F, 0x7F, 0x80, 0x82, 0x83, 0x82, 0x80, 0x7E, 0x7F, 0x7F, 0x80, 0x81, 0x81, 0x81, 0x81, 0x81, 0x81,
  0x81, 0x81, 0x82, 0x81, 0x81, 0x81, 0x80, 0x80, 0x7F, 0x7F, 0x7F, 0x81, 0x81, 0x82, 0x82, 0x83, 0x83, 0x82, 0x81, 0x80, 0x80, 0x81, 0x81, 0x80, 0x80, 0x81, 0x81, 0x80, 0x80, 0x81, 0x81, 0x80,
  0x80, 0x81, 0x81, 0x82, 0x82, 0x81, 0x80, 0x80, 0x80, 0x7F, 0x80, 0x81, 0x81, 0x82, 0x82, 0x81, 0x81, 0x80, 0x80, 0x82, 0x82, 0x83, 0x82, 0x80, 0x80, 0x81, 0x81, 0x80, 0x80, 0x80, 0x7F, 0x7E,
  0x7E, 0x80, 0x81, 0x81, 0x81, 0x81, 0x80, 0x7F, 0x7F, 0x7F, 0x80, 0x82, 0x82, 0x81, 0x80, 0x7E, 0x7E, 0x7E, 0x7E, 0x82, 0x82, 0x83, 0x83, 0x82, 0x82, 0x80, 0x7F, 0x7F, 0x7F, 0x7F, 0x80, 0x80,
  0x80, 0x80, 0x81, 0x81, 0x81, 0x81, 0x82, 0x83, 0x83, 0x83, 0x82, 0x81, 0x81, 0x81, 0x80, 0x7E, 0x7E, 0x7F, 0x80, 0x81, 0x82, 0x83, 0x84, 0x81, 0x81, 0x80, 0x80, 0x7F, 0x80, 0x80, 0x81, 0x80,
  0x80, 0x80, 0x80, 0x80, 0x80, 0x80, 0x81, 0x83, 0x83, 0x82, 0x81, 0x80, 0x80, 0x80, 0x80, 0x80, 0x81, 0x81, 0x81, 0x81, 0x81, 0x80, 0x7F, 0x7F, 0x80, 0x81, 0x81, 0x83, 0x83, 0x82, 0x81, 0x81,
  0x81, 0x81, 0x81, 0x81, 0x80, 0x80, 0x80, 0x81, 0x81, 0x81, 0x80, 0x81, 0x81, 0x81, 0x81, 0x81, 0x81, 0x81, 0x80, 0x80, 0x80, 0x81, 0x80, 0x80, 0x80, 0x81, 0x82, 0x82, 0x82, 0x81, 0x82, 0x80,
  0x80, 0x80, 0x81, 0x82, 0x81, 0x80, 0x7F, 0x7F, 0x7F, 0x7E, 0x80, 0x83, 0x83, 0x83, 0x81, 0x80, 0x80, 0x80, 0x80, 0x80, 0x80, 0x80, 0x80, 0x80, 0x80, 0x80, 0x81, 0x81, 0x81, 0x81, 0x81, 0x81,
  0x81, 0x80, 0x81, 0x80, 0x80, 0x80, 0x80, 0x7E, 0x7E, 0x7F, 0x80, 0x81, 0x81, 0x81, 0x81, 0x80, 0x80, 0x80, 0x81, 0x81, 0x81, 0x81, 0x81, 0x80, 0x81, 0x82, 0x82, 0x81, 0x81, 0x81, 0x80, 0x80,
  0x80, 0x81, 0x82, 0x81, 0x81, 0x80, 0x80, 0x82, 0x82, 0x82, 0x82, 0x81, 0x81, 0x80, 0x7F, 0x80, 0x80, 0x80, 0x80, 0x81, 0x81, 0x81, 0x80, 0x80, 0x80, 0x80, 0x81, 0x81, 0x81, 0x80, 0x80, 0x80,
  0x80, 0x7F, 0x80, 0x7F, 0x7F, 0x7F, 0x80, 0x83, 0x83, 0x83, 0x82, 0x80, 0x7F, 0x80, 0x7E, 0x7F, 0x7F, 0x81, 0x81, 0x80, 0x80, 0x80, 0x80, 0x82, 0x83, 0x85, 0x84, 0x81, 0x81, 0x7F, 0x7E, 0x80,
  0x80, 0x81, 0x81, 0x82, 0x81, 0x80, 0x80, 0x81, 0x81, 0x80, 0x80, 0x81, 0x81, 0x81, 0x81, 0x80, 0x80, 0x81, 0x80, 0x7F, 0x7F, 0x7F, 0x80, 0x80, 0x80, 0x81, 0x82, 0x81, 0x81, 0x80, 0x81, 0x81,
  0x81, 0x80, 0x80, 0x80, 0x80, 0x7F, 0x7F, 0x7F, 0x7F, 0x7F, 0x80, 0x83, 0x83, 0x84, 0x83, 0x82, 0x82, 0x81, 0x7F, 0x80, 0x80, 0x81, 0x81, 0x7F, 0x7F, 0x80, 0x80, 0x81, 0x81, 0x82, 0x82, 0x82,
  0x82, 0x81, 0x80, 0x7F, 0x7F, 0x7F, 0x80, 0x7F, 0x7F, 0x7F, 0x80, 0x81, 0x81, 0x82, 0x83, 0x81, 0x81, 0x81, 0x80, 0x80, 0x80, 0x80, 0x80, 0x7F, 0x7F, 0x80, 0x80, 0x81, 0x81, 0x82, 0x83, 0x83,
  0x83, 0x82, 0x81, 0x81, 0x81, 0x81, 0x80, 0x81, 0x81, 0x80, 0x80, 0x82, 0x82, 0x81, 0x80, 0x80, 0x80, 0x82, 0x82, 0x82, 0x82, 0x81, 0x80, 0x7F, 0x7F, 0x80, 0x80, 0x81, 0x81, 0x82, 0x82, 0x80,
  0x80, 0x80, 0x80, 0x80, 0x80, 0x81, 0x82, 0x81, 0x80, 0x80, 0x80, 0x80, 0x80, 0x80, 0x80, 0x80, 0x80, 0x81, 0x81, 0x81, 0x81, 0x81, 0x80, 0x81, 0x81, 0x82, 0x82, 0x81, 0x81, 0x7F, 0x7E, 0x7F,
  0x7F, 0x80, 0x80, 0x81, 0x81, 0x81, 0x80, 0x80, 0x80, 0x7F, 0x80, 0x81, 0x81, 0x82, 0x81, 0x7E, 0x7E, 0x7E, 0x7E, 0x80, 0x80, 0x82, 0x83, 0x83, 0x82, 0x82, 0x81, 0x80, 0x80, 0x80, 0x81, 0x82,
  0x82, 0x82, 0x81, 0x7F, 0x7F, 0x80, 0x81, 0x82, 0x82, 0x83, 0x83, 0x82, 0x82, 0x81, 0x80, 0x7F, 0x80, 0x80, 0x80, 0x81, 0x81, 0x81, 0x80, 0x80, 0x80, 0x80, 0x81, 0x81, 0x81, 0x81, 0x82, 0x81,
  0x81, 0x80, 0x7F, 0x7E, 0x7F, 0x80, 0x82, 0x82, 0x82, 0x81, 0x80, 0x80, 0x80, 0x81, 0x81, 0x81, 0x81, 0x81, 0x80, 0x81, 0x81, 0x81, 0x80, 0x80, 0x80, 0x80, 0x80, 0x80, 0x80, 0x81, 0x81, 0x81,
  0x81, 0x81, 0x81, 0x80, 0x7F, 0x7F, 0x7F, 0x80, 0x80, 0x80, 0x80, 0x80, 0x80, 0x81, 0x81, 0x82, 0x82, 0x82, 0x82, 0x7F, 0x7F, 0x7F, 0x7F, 0x7F, 0x7F, 0x80, 0x81, 0x81, 0x81, 0x81, 0x81, 0x81,
  0x81, 0x80, 0x80, 0x81, 0x81, 0x81, 0x80, 0x80, 0x80, 0x80, 0x80, 0x82, 0x82, 0x83, 0x81, 0x80, 0x81, 0x82, 0x81, 0x80, 0x80, 0x81, 0x81, 0x80, 0x80, 0x80, 0x80, 0x7F, 0x7F, 0x7F, 0x80, 0x82,
  0x82, 0x81, 0x80, 0x80, 0x80, 0x80, 0x81, 0x82, 0x83, 0x82, 0x81, 0x81, 0x81, 0x81, 0x80, 0x81, 0x81, 0x81, 0x81, 0x7F, 0x7F, 0x80, 0x81, 0x81, 0x82, 0x82, 0x83, 0x82, 0x81, 0x81, 0x80, 0x7F,
  0x7F, 0x7F, 0x7F, 0x82, 0x82, 0x82, 0x82, 0x82, 0x83, 0x82, 0x81, 0x7F, 0x7F, 0x7F, 0x80, 0x80, 0x80, 0x80, 0x81, 0x80, 0x80, 0x80, 0x80, 0x81, 0x81, 0x81, 0x81, 0x81, 0x81, 0x80, 0x80, 0x80,
  0x80, 0x80, 0x80, 0x81, 0x81, 0x81, 0x80, 0x80, 0x80, 0x80, 0x80, 0x82, 0x82, 0x83, 0x83, 0x81, 0x81, 0x80, 0x80, 0x7F, 0x80, 0x80, 0x80, 0x7F, 0x7F, 0x80, 0x80, 0x80, 0x80, 0x81, 0x81, 0x80,
  0x80, 0x80, 0x81, 0x81, 0x81, 0x81, 0x81, 0x80, 0x80, 0x80, 0x7F, 0x80, 0x81, 0x81, 0x81, 0x81, 0x81, 0x81, 0x80, 0x7F, 0x7F, 0x7F, 0x80, 0x81, 0x81, 0x81, 0x82, 0x82, 0x82, 0x81, 0x81, 0x83,
  0x83, 0x82, 0x80, 0x80, 0x80, 0x7F, 0x7F, 0x80, 0x80, 0x80, 0x80, 0x81, 0x81, 0x82, 0x82, 0x80, 0x80, 0x80, 0x80, 0x7F, 0x7F, 0x7F, 0x80, 0x80, 0x80, 0x81, 0x81, 0x80, 0x80, 0x80, 0x80, 0x81,
  0x81, 0x81, 0x81, 0x81, 0x81, 0x80, 0x80, 0x80, 0x80, 0x80, 0x81, 0x82, 0x82, 0x82, 0x82, 0x81, 0x81, 0x81, 0x81, 0x81, 0x81, 0x82, 0x82, 0x81, 0x81, 0x80, 0x80, 0x80, 0x80, 0x81, 0x81, 0x82,
  0x81, 0x80, 0x7F, 0x80, 0x80, 0x81, 0x81, 0x82, 0x82, 0x82, 0x81, 0x80, 0x80, 0x80, 0x7F, 0x80, 0x81, 0x81, 0x81, 0x80, 0x80, 0x80, 0x81, 0x82, 0x82, 0x82, 0x82, 0x81, 0x81, 0x80, 0x80, 0x80,
  0x80, 0x7F, 0x80, 0x80, 0x80, 0x81, 0x81, 0x81, 0x81, 0x81, 0x81, 0x80, 0x80, 0x81, 0x81, 0x7F, 0x7F, 0x7F, 0x7F, 0x80, 0x80, 0x81, 0x81, 0x81, 0x80, 0x80, 0x80, 0x81, 0x81, 0x81, 0x81, 0x80,
  0x80, 0x7E, 0x7E, 0x80, 0x80, 0x80, 0x80, 0x82, 0x82, 0x82, 0x80, 0x81, 0x81, 0x81, 0x81, 0x82, 0x82, 0x82, 0x81, 0x80, 0x80, 0x7F, 0x80, 0x81, 0x81, 0x82, 0x82, 0x82, 0x82, 0x82, 0x82, 0x82,
  0x82, 0x82, 0x82, 0x82, 0x82, 0x82, 0x81, 0x7F, 0x80, 0x80, 0x80, 0x80, 0x80, 0x82, 0x83, 0x82, 0x82, 0x81, 0x81, 0x7F, 0x7F, 0x7F, 0x80, 0x81, 0x81, 0x80, 0x81, 0x80, 0x80, 0x80, 0x80, 0x82,
  0x82, 0x82, 0x81, 0x81, 0x81, 0x80, 0x7F, 0x7F, 0x7F, 0x7F, 0x80, 0x80, 0x80, 0x80, 0x80, 0x81, 0x81, 0x81, 0x81, 0x81, 0x81, 0x81, 0x81, 0x80, 0x80, 0x80, 0x80, 0x7F, 0x7F, 0x80, 0x81, 0x82,
  0x82, 0x81, 0x80, 0x80, 0x80, 0x81, 0x80, 0x81, 0x81, 0x81, 0x80, 0x7F, 0x7F, 0x80, 0x7F, 0x80, 0x80, 0x80, 0x81, 0x81, 0x81, 0x80, 0x81, 0x81, 0x81, 0x81, 0x81, 0x81, 0x81, 0x80, 0x7F, 0x81,
  0x81, 0x80, 0x80, 0x82, 0x83, 0x83, 0x83, 0x82, 0x81, 0x81, 0x80, 0x80, 0x80, 0x81, 0x80, 0x7F, 0x7F, 0x7F, 0x80, 0x80, 0x80, 0x81, 0x81, 0x81, 0x81, 0x81, 0x81, 0x81, 0x81, 0x81, 0x80, 0x7F,
  0x80, 0x80, 0x80, 0x80, 0x80, 0x81, 0x81, 0x82, 0x82, 0x82, 0x82, 0x81, 0x81, 0x80, 0x80, 0x80, 0x80, 0x80, 0x81, 0x80, 0x80, 0x80, 0x80, 0x81, 0x81, 0x82, 0x83, 0x83, 0x83, 0x82, 0x82, 0x80,
  0x80, 0x7F, 0x7F, 0x7F, 0x7F, 0x80, 0x81, 0x81, 0x80, 0x80, 0x80, 0x80, 0x80, 0x80, 0x81, 0x81, 0x81, 0x81, 0x81, 0x7F, 0x7F, 0x7E, 0x7E, 0x80, 0x80, 0x81, 0x81, 0x81, 0x81, 0x80, 0x80, 0x80,
  0x80, 0x81, 0x82, 0x81, 0x81, 0x81, 0x80, 0x80, 0x80, 0x81, 0x81, 0x81, 0x81, 0x81, 0x81, 0x81, 0x81, 0x81, 0x81, 0x80, 0x80, 0x80, 0x81, 0x80, 0x80, 0x80, 0x7F, 0x7F, 0x7F, 0x80, 0x80, 0x81,
  0x82, 0x81, 0x81, 0x80, 0x80, 0x81, 0x81, 0x80, 0x81, 0x81, 0x81, 0x81, 0x81, 0x81, 0x82, 0x81, 0x81, 0x81, 0x82, 0x81, 0x81, 0x80, 0x80, 0x81, 0x81, 0x80, 0x80, 0x81, 0x81, 0x81, 0x81, 0x81,
  0x81, 0x80, 0x7F, 0x80, 0x80, 0x82, 0x83, 0x83, 0x83, 0x82, 0x81, 0x80, 0x80, 0x80, 0x7F, 0x80, 0x5A,
};

const uint8_t snd_door_close[] = {
  0x89, 0x7C, 0x81, 0x7E, 0x7C, 0x7C, 0x7E, 0x80, 0x77, 0x79, 0x7C, 0x78, 0x7E, 0x82, 0x80, 0x79, 0x81, 0x81, 0x7B, 0x7C, 0x82, 0x82, 0x86, 0x86, 0x8E, 0x8E, 0x85, 0x7F, 0x88, 0x86, 0x82, 0x86,
  0x87, 0x85, 0x82, 0x82, 0x81, 0x81, 0x7F, 0x7C, 0x80, 0x80, 0x7F, 0x7D, 0x80, 0x7F, 0x7E, 0x7B, 0x81, 0x7F, 0x80, 0x84, 0x7F, 0x7E, 0x81, 0x83, 0x82, 0x82, 0x7C, 0x81, 0x81, 0x80, 0x76, 0x82,
  0x7E, 0x7D, 0x82, 0x8A, 0x7E, 0x7E, 0x7F, 0x7F, 0x7B, 0x7A, 0x77, 0x79, 0x77, 0x76, 0x79, 0x7C, 0x74, 0x73, 0x77, 0x7F, 0x77, 0x77, 0x81, 0x7F, 0x7A, 0x7D, 0x83, 0x7C, 0x82, 0x83, 0x80, 0x7C,
  0x86, 0x86, 0x83, 0x85, 0x85, 0x86, 0x83, 0x82, 0x7F, 0x81, 0x83, 0x7D, 0x82, 0x83, 0x80, 0x7F, 0x84, 0x84, 0x83, 0x83, 0x8B, 0x8B, 0x83, 0x7E, 0x7C, 0x7B, 0x78, 0x80, 0x7D, 0x7D, 0x80, 0x83,
  0x81, 0x81, 0x81, 0x7D, 0x85, 0x84, 0x7F, 0x79, 0x7D, 0x7C, 0x78, 0x81, 0x7D, 0x7A, 0x80, 0x87, 0x83, 0x83, 0x80, 0x82, 0x80, 0x7F, 0x7D, 0x81, 0x7C, 0x7B, 0x7E, 0x83, 0x79, 0x7B, 0x7E, 0x7E,
  0x81, 0x82, 0x82, 0x82, 0x81, 0x82, 0x83, 0x85, 0x82, 0x83, 0x86, 0x85, 0x83, 0x85, 0x87, 0x86, 0x81, 0x82, 0x87, 0x82, 0x83, 0x84, 0x82, 0x80, 0x85, 0x85, 0x83, 0x7F, 0x80, 0x7F, 0x7E, 0x7E,
  0x7E, 0x7D, 0x7B, 0x78, 0x7A, 0x7A, 0x77, 0x71, 0x79, 0x79, 0x7B, 0x7B, 0x7B, 0x7A, 0x7D, 0x7E, 0x78, 0x77, 0x78, 0x77, 0x83, 0x82, 0x79, 0x7E, 0x81, 0x80, 0x7D, 0x84, 0x7E, 0x7C, 0x7E, 0x87,
  0x84, 0x84, 0x8A, 0x89, 0x88, 0x88, 0x87, 0x7F, 0x80, 0x7E, 0x7D, 0x81, 0x86, 0x83, 0x82, 0x85, 0x84, 0x84, 0x89, 0x88, 0x87, 0x87, 0x82, 0x7F, 0x81, 0x82, 0x80, 0x7F, 0x83, 0x82, 0x85, 0x86,
  0x81, 0x80, 0x82, 0x82, 0x7B, 0x7C, 0x7B, 0x7B, 0x80, 0x81, 0x7F, 0x7D, 0x7E, 0x7D, 0x7F, 0x7D, 0x76, 0x76, 0x7A, 0x76, 0x7A, 0x7B, 0x7B, 0x7B, 0x80, 0x80, 0x7E, 0x80, 0x81, 0x80, 0x7C, 0x7E,
  0x84, 0x83, 0x86, 0x8D, 0x8D, 0x8E, 0x90, 0x8E, 0x8D, 0x8E, 0x8E, 0x82, 0x8B, 0x8B, 0x8A, 0x83, 0x85, 0x82, 0x81, 0x8A, 0x86, 0x85, 0x8B, 0x8C, 0x87, 0x89, 0x8B, 0x83, 0x8D, 0x8D, 0x86, 0x87,
  0x89, 0x87, 0x81, 0x88, 0x7B, 0x7B, 0x81, 0x85, 0x7A, 0x7C, 0x7E, 0x79, 0x80, 0x81, 0x78, 0x76, 0x7F, 0x7D, 0x79, 0x81, 0x78, 0x76, 0x7E, 0x83, 0x79, 0x7A, 0x85, 0x82, 0x86, 0x88, 0x87, 0x84,
  0x87, 0x85, 0x7B, 0x7F, 0x79, 0x78, 0x77, 0x7A, 0x73, 0x76, 0x7E, 0x78, 0x7D, 0x7E, 0x7B, 0x7A, 0x7F, 0x7E, 0x7D, 0x80, 0x7F, 0x80, 0x87, 0x7F, 0x84, 0x84, 0x80, 0x7E, 0x84, 0x82, 0x7B, 0x85,
  0x7B, 0x7B, 0x7E, 0x7C, 0x78, 0x7A, 0x7E, 0x77, 0x7D, 0x7C, 0x7A, 0x78, 0x7C, 0x7C, 0x82, 0x85, 0x81, 0x81, 0x7D, 0x7F, 0x80, 0x80, 0x82, 0x87, 0x80, 0x81, 0x82, 0x80, 0x80, 0x80, 0x7C, 0x7E,
  0x83, 0x83, 0x81, 0x7F, 0x7C, 0x7D, 0x81, 0x80, 0x7D, 0x7D, 0x7F, 0x81, 0x7E, 0x7D, 0x7B, 0x7D, 0x79, 0x79, 0x7A, 0x76, 0x79, 0x79, 0x77, 0x7A, 0x7D, 0x7D, 0x7C, 0x7B, 0x7A, 0x7B, 0x7B, 0x79,
  0x81, 0x82, 0x7F, 0x81, 0x81, 0x80, 0x7E, 0x7C, 0x7E, 0x7F, 0x7E, 0x80, 0x84, 0x83, 0x87, 0x87, 0x85, 0x86, 0x86, 0x82, 0x82, 0x82, 0x7E, 0x7E, 0x7F, 0x7F, 0x83, 0x85, 0x83, 0x83, 0x85, 0x81,
  0x7F, 0x80, 0x7E, 0x7C, 0x7C, 0x7D, 0x7C, 0x7A, 0x7C, 0x7D, 0x7F, 0x7F, 0x7B, 0x7C, 0x7F, 0x7F, 0x7F, 0x80, 0x7F, 0x77, 0x80, 0x80, 0x7B, 0x7D, 0x7A, 0x7A, 0x7C, 0x83, 0x84, 0x85, 0x89, 0x85,
  0x82, 0x83, 0x87, 0x83, 0x83, 0x83, 0x84, 0x83, 0x87, 0x87, 0x85, 0x85, 0x84, 0x84, 0x85, 0x84, 0x85, 0x85, 0x85, 0x83, 0x85, 0x84, 0x85, 0x84, 0x8D, 0x8D, 0x8C, 0x8D, 0x89, 0x89, 0x89, 0x87,
  0x85, 0x85, 0x83, 0x82, 0x87, 0x88, 0x85, 0x85, 0x81, 0x80, 0x7F, 0x80, 0x7F, 0x80, 0x82, 0x80, 0x82, 0x83, 0x84, 0x84, 0x83, 0x82, 0x81, 0x84, 0x84, 0x83, 0x83, 0x85, 0x84, 0x84, 0x84, 0x84,
  0x83, 0x82, 0x82, 0x81, 0x82, 0x81, 0x83, 0x82, 0x84, 0x84, 0x83, 0x86, 0x83, 0x83, 0x87, 0x87, 0x87, 0x86, 0x85, 0x80, 0x82, 0x81, 0x81, 0x82, 0x80, 0x80, 0x80, 0x7D, 0x7A, 0x7A, 0x79, 0x78,
  0x79, 0x78, 0x7A, 0x7C, 0x80, 0x81, 0x84, 0x84, 0x85, 0x86, 0x84, 0x7F, 0x7F, 0x7F, 0x7F, 0x80, 0x7F, 0x7E, 0x81, 0x80, 0x7D, 0x7D, 0x7D, 0x7D, 0x7C, 0x7C, 0x7D, 0x7C, 0x80, 0x80, 0x7A, 0x77,
  0x7D, 0x7C, 0x7B, 0x81, 0x7F, 0x7E, 0x7D, 0x7F, 0x83, 0x84, 0x87, 0x86, 0x81, 0x80, 0x7B, 0x78, 0x79, 0x79, 0x7B, 0x7C, 0x7C, 0x7C, 0x7C, 0x7C, 0x7F, 0x7E, 0x7C, 0x7D, 0x7F, 0x7F, 0x80, 0x7E,
  0x7F, 0x7F, 0x7E, 0x7F, 0x7F, 0x7F, 0x7F, 0x7E, 0x7C, 0x7C, 0x7A, 0x78, 0x7C, 0x7C, 0x7B, 0x7A, 0x79, 0x79, 0x79, 0x7A, 0x7C, 0x7C, 0x7E, 0x7C, 0x7D, 0x7D, 0x7D, 0x7D, 0x7E, 0x7E, 0x7E, 0x7B,
  0x79, 0x79, 0x78, 0x78, 0x7B, 0x7C, 0x7B, 0x7D, 0x7D, 0x7D, 0x7B, 0x7A, 0x78, 0x78, 0x7C, 0x7D, 0x7D, 0x7C, 0x7B, 0x7A, 0x7C, 0x7B, 0x7E, 0x80, 0x84, 0x84, 0x86, 0x86, 0x86, 0x86, 0x85, 0x84,
  0x81, 0x81, 0x80, 0x80, 0x80, 0x81, 0x83, 0x85, 0x8A, 0x8A, 0x87, 0x86, 0x7F, 0x7E, 0x81, 0x85, 0x85, 0x86, 0x89, 0x87, 0x8B, 0x8B, 0x89, 0x8A, 0x8C, 0x8C, 0x8C, 0x8B, 0x84, 0x84, 0x81, 0x7B,
  0x7D, 0x7D, 0x7E, 0x7B, 0x7B, 0x7B, 0x7B, 0x7A, 0x79, 0x79, 0x78, 0x75, 0x79, 0x79, 0x79, 0x7A, 0x7B, 0x7C, 0x7E, 0x7D, 0x7F, 0x7F, 0x80, 0x80, 0x82, 0x82, 0x82, 0x88, 0x85, 0x85, 0x87, 0x85,
  0x83, 0x84, 0x85, 0x84, 0x85, 0x85, 0x83, 0x84, 0x88, 0x88, 0x8A, 0x8C, 0x8E, 0x8E, 0x8E, 0x8B, 0x8A, 0x89, 0x8B, 0x8A, 0x8A, 0x8A, 0x8C, 0x8D, 0x8E, 0x8E, 0x8A, 0x87, 0x87, 0x87, 0x83, 0x84,
  0x81, 0x81, 0x81, 0x81, 0x82, 0x83, 0x83, 0x81, 0x80, 0x7F, 0x7B, 0x7B, 0x7A, 0x79, 0x7A, 0x7D, 0x7A, 0x7A, 0x7A, 0x79, 0x76, 0x77, 0x78, 0x79, 0x7A, 0x7A, 0x79, 0x79, 0x7D, 0x7D, 0x7D, 0x7D,
  0x7E, 0x7E, 0x7F, 0x81, 0x80, 0x80, 0x80, 0x7F, 0x7F, 0x7F, 0x81, 0x80, 0x84, 0x85, 0x85, 0x84, 0x81, 0x81, 0x80, 0x82, 0x82, 0x83, 0x85, 0x84, 0x83, 0x83, 0x83, 0x82, 0x80, 0x80, 0x83, 0x85,
  0x81, 0x82, 0x83, 0x80, 0x7F, 0x80, 0x80, 0x7D, 0x7E, 0x7E, 0x7E, 0x7E, 0x80, 0x7F, 0x7D, 0x7D, 0x7C, 0x7C, 0x7B, 0x7B, 0x7C, 0x7D, 0x7E, 0x7F, 0x81, 0x81, 0x81, 0x82, 0x80, 0x80, 0x7D, 0x7D,
  0x7B, 0x7A, 0x7C, 0x80, 0x7F, 0x7F, 0x81, 0x81, 0x7E, 0x7E, 0x80, 0x7F, 0x80, 0x80, 0x7E, 0x7E, 0x7D, 0x7D, 0x7F, 0x7D, 0x7D, 0x7E, 0x7C, 0x7D, 0x7E, 0x7E, 0x7D, 0x7E, 0x7A, 0x7A, 0x7D, 0x7D,
  0x7C, 0x7C, 0x7E, 0x7D, 0x7B, 0x7B, 0x7B, 0x7D, 0x7E, 0x7E, 0x81, 0x81, 0x7E, 0x7E, 0x7E, 0x7D, 0x7C, 0x7C, 0x7F, 0x83, 0x85, 0x85, 0x87, 0x85, 0x86, 0x86, 0x81, 0x81, 0x82, 0x83, 0x83, 0x83,
  0x83, 0x83, 0x84, 0x82, 0x84, 0x84, 0x83, 0x81, 0x82, 0x83, 0x82, 0x83, 0x83, 0x83, 0x81, 0x82, 0x81, 0x81, 0x7F, 0x7E, 0x81, 0x82, 0x82, 0x82, 0x81, 0x81, 0x7F, 0x7F, 0x7D, 0x7D, 0x7D, 0x80,
  0x7C, 0x7C, 0x7E, 0x7F, 0x7C, 0x7C, 0x7D, 0x80, 0x7F, 0x7F, 0x7E, 0x80, 0x80, 0x80, 0x7F, 0x80, 0x7D, 0x7D, 0x7F, 0x81, 0x83, 0x84, 0x86, 0x87, 0x89, 0x89, 0x87, 0x84, 0x84, 0x84, 0x83, 0x85,
  0x86, 0x86, 0x86, 0x84, 0x84, 0x85, 0x83, 0x82, 0x7F, 0x7F, 0x81, 0x81, 0x7F, 0x80, 0x82, 0x82, 0x80, 0x80, 0x82, 0x81, 0x82, 0x82, 0x81, 0x7F, 0x83, 0x82, 0x7F, 0x7F, 0x7C, 0x7B, 0x7B, 0x7D,
  0x79, 0x7A, 0x7D, 0x7B, 0x7C, 0x7C, 0x7C, 0x78, 0x79, 0x79, 0x7A, 0x7D, 0x7F, 0x7E, 0x7F, 0x81, 0x84, 0x84, 0x84, 0x87, 0x8B, 0x8A, 0x88, 0x88, 0x83, 0x83, 0x85, 0x85, 0x82, 0x82, 0x82, 0x81,
  0x81, 0x81, 0x82, 0x84, 0x83, 0x83, 0x84, 0x83, 0x80, 0x80, 0x80, 0x83, 0x85, 0x85, 0x85, 0x83, 0x7C, 0x7D, 0x7E, 0x7D, 0x80, 0x80, 0x80, 0x7F, 0x7F, 0x7E, 0x7F, 0x81, 0x84, 0x84, 0x85, 0x86,
  0x83, 0x84, 0x84, 0x83, 0x82, 0x82, 0x83, 0x81, 0x80, 0x80, 0x7E, 0x7D, 0x7D, 0x7D, 0x7A, 0x7A, 0x7D, 0x7D, 0x7F, 0x80, 0x7F, 0x7E, 0x7C, 0x7F, 0x7E, 0x7F, 0x81, 0x82, 0x7F, 0x7F, 0x7E, 0x7E,
  0x7F, 0x7F, 0x80, 0x7F, 0x7E, 0x7E, 0x7B, 0x7B, 0x7B, 0x7B, 0x7C, 0x7E, 0x7E, 0x7E, 0x80, 0x80, 0x80, 0x81, 0x83, 0x81, 0x85, 0x86, 0x84, 0x81, 0x7F, 0x7E, 0x7D, 0x7D, 0x7B, 0x7C, 0x7E, 0x7E,
  0x7D, 0x7D, 0x7F, 0x81, 0x81, 0x81, 0x82, 0x81, 0x82, 0x82, 0x80, 0x81, 0x82, 0x81, 0x82, 0x81, 0x7F, 0x7F, 0x80, 0x7E, 0x7E, 0x7F, 0x7D, 0x7A, 0x7E, 0x7E, 0x7D, 0x7E, 0x82, 0x82, 0x80, 0x7E,
  0x7A, 0x7A, 0x7A, 0x79, 0x7A, 0x79, 0x7A, 0x7B, 0x7D, 0x7D, 0x7F, 0x81, 0x80, 0x80, 0x81, 0x82, 0x81, 0x80, 0x80, 0x82, 0x83, 0x83, 0x83, 0x82, 0x84, 0x84, 0x83, 0x86, 0x84, 0x83, 0x83, 0x84,
  0x83, 0x83, 0x82, 0x81, 0x80, 0x81, 0x83, 0x83, 0x84, 0x84, 0x82, 0x81, 0x82, 0x81, 0x80, 0x81, 0x7F, 0x7F, 0x7F, 0x7E, 0x7F, 0x80, 0x82, 0x81, 0x83, 0x83, 0x82, 0x82, 0x81, 0x80, 0x7E, 0x7E,
  0x7B, 0x7B, 0x7E, 0x7E, 0x80, 0x80, 0x82, 0x82, 0x81, 0x81, 0x7D, 0x7C, 0x7E, 0x7E, 0x7F, 0x7F, 0x83, 0x83, 0x84, 0x84, 0x84, 0x83, 0x81, 0x7F, 0x80, 0x7F, 0x80, 0x83, 0x86, 0x86, 0x87, 0x87,
  0x83, 0x83, 0x82, 0x82, 0x82, 0x83, 0x83, 0x82, 0x81, 0x81, 0x80, 0x81, 0x7E, 0x7E, 0x7E, 0x7F, 0x81, 0x81, 0x83, 0x83, 0x82, 0x81, 0x81, 0x82, 0x82, 0x81, 0x80, 0x7E, 0x7E, 0x7E, 0x7F, 0x7F,
  0x7D, 0x7C, 0x7D, 0x7E, 0x7D, 0x7E, 0x80, 0x7E, 0x80, 0x81, 0x81, 0x81, 0x83, 0x84, 0x83, 0x82, 0x81, 0x81, 0x81, 0x82, 0x83, 0x84, 0x87, 0x84, 0x84, 0x84, 0x84, 0x82, 0x82, 0x81, 0x7E, 0x7D,
  0x7B, 0x7C, 0x7E, 0x7D, 0x7B, 0x7B, 0x7C, 0x78, 0x78, 0x78, 0x77, 0x76, 0x79, 0x79, 0x79, 0x7A, 0x7E, 0x7E, 0x80, 0x81, 0x7F, 0x7F, 0x80, 0x81, 0x83, 0x83, 0x82, 0x80, 0x7F, 0x7F, 0x80, 0x83,
  0x83, 0x84, 0x85, 0x84, 0x83, 0x83, 0x84, 0x81, 0x7F, 0x7F, 0x7F, 0x80, 0x82, 0x82, 0x82, 0x82, 0x82, 0x81, 0x80, 0x80, 0x7C, 0x7C, 0x7C, 0x7E, 0x7E, 0x7E, 0x7E, 0x7E, 0x7E, 0x7E, 0x7E, 0x7F,
  0x7D, 0x7D, 0x7C, 0x7C, 0x7C, 0x7C, 0x7B, 0x7C, 0x7E, 0x7D, 0x7D, 0x7F, 0x7D, 0x7D, 0x7F, 0x82, 0x83, 0x83, 0x84, 0x84, 0x84, 0x85, 0x85, 0x85, 0x84, 0x84, 0x84, 0x86, 0x86, 0x87, 0x86, 0x85,
  0x85, 0x85, 0x83, 0x86, 0x88, 0x87, 0x86, 0x84, 0x84, 0x85, 0x85, 0x85, 0x84, 0x84, 0x83, 0x83, 0x85, 0x84, 0x84, 0x86, 0x85, 0x85, 0x85, 0x83, 0x83, 0x83, 0x84, 0x82, 0x81, 0x81, 0x81, 0x81,
  0x85, 0x85, 0x85, 0x85, 0x82, 0x82, 0x81, 0x80, 0x7E, 0x7E, 0x7F, 0x7E, 0x80, 0x80, 0x7F, 0x7E, 0x80, 0x80, 0x80, 0x7E, 0x7D, 0x7D, 0x7D, 0x7D, 0x7E, 0x7E, 0x7E, 0x7D, 0x7A, 0x7B, 0x7C, 0x7F,
  0x7B, 0x7B, 0x7C, 0x7B, 0x7E, 0x7F, 0x7D, 0x7B, 0x7C, 0x7C, 0x7C, 0x7C, 0x7E, 0x7F, 0x83, 0x84, 0x84, 0x84, 0x81, 0x81, 0x7E, 0x7E, 0x7F, 0x7F, 0x80, 0x80, 0x83, 0x86, 0x86, 0x86, 0x83, 0x82,
  0x83, 0x83, 0x83, 0x7E, 0x83, 0x83, 0x84, 0x83, 0x86, 0x86, 0x85, 0x86, 0x81, 0x80, 0x7E, 0x7F, 0x7F, 0x7F, 0x80, 0x7D, 0x7B, 0x7A, 0x7B, 0x7C, 0x7C, 0x7D, 0x7C, 0x7C, 0x7E, 0x7D, 0x7E, 0x7F,
  0x80, 0x80, 0x82, 0x84, 0x80, 0x80, 0x80, 0x81, 0x7C, 0x7C, 0x7A, 0x7A, 0x7C, 0x7C, 0x79, 0x7B, 0x7F, 0x7F, 0x80, 0x82, 0x86, 0x86, 0x85, 0x82, 0x7F, 0x7F, 0x80, 0x81, 0x82, 0x82, 0x83, 0x81,
  0x7F, 0x80, 0x7F, 0x7F, 0x7F, 0x7E, 0x7E, 0x80, 0x7F, 0x7F, 0x81, 0x83, 0x81, 0x81, 0x80, 0x7F, 0x7F, 0x80, 0x7E, 0x7D, 0x7A, 0x7A, 0x7F, 0x7E, 0x7F, 0x7F, 0x82, 0x85, 0x83, 0x83, 0x82, 0x85,
  0x83, 0x83, 0x82, 0x7D, 0x80, 0x80, 0x7E, 0x7F, 0x7D, 0x7D, 0x7B, 0x7C, 0x7A, 0x7A, 0x7B, 0x7A, 0x80, 0x80, 0x7F, 0x81, 0x81, 0x81, 0x7F, 0x7E, 0x7C, 0x7C, 0x7A, 0x77, 0x7C, 0x7D, 0x7F, 0x81,
  0x7E, 0x7E, 0x7D, 0x7A, 0x78, 0x78, 0x7A, 0x7C, 0x81, 0x81, 0x84, 0x83, 0x84, 0x83, 0x80, 0x7F, 0x7C, 0x7C, 0x7D, 0x80, 0x83, 0x83, 0x83, 0x85, 0x7F, 0x7F, 0x7C, 0x7B, 0x7D, 0x7E, 0x81, 0x83,
  0x86, 0x86, 0x8A, 0x88, 0x84, 0x85, 0x83, 0x84, 0x85, 0x85, 0x85, 0x88, 0x89, 0x89, 0x89, 0x89, 0x84, 0x84, 0x87, 0x83, 0x7E, 0x7D, 0x7D, 0x81, 0x83, 0x82, 0x7E, 0x80, 0x80, 0x7F, 0x7E, 0x7E,
  0x7B, 0x79, 0x78, 0x7A, 0x83, 0x83, 0x83, 0x82, 0x86, 0x86, 0x84, 0x84, 0x82, 0x82, 0x81, 0x81, 0x7D, 0x7D, 0x80, 0x82, 0x85, 0x86, 0x88, 0x8A, 0x8C, 0x8C, 0x89, 0x8A, 0x85, 0x85, 0x84, 0x85,
  0x88, 0x88, 0x84, 0x81, 0x84, 0x84, 0x85, 0x85, 0x82, 0x82, 0x85, 0x85, 0x81, 0x81, 0x81, 0x80, 0x83, 0x83, 0x85, 0x86, 0x84, 0x85, 0x85, 0x85, 0x85, 0x84, 0x83, 0x82, 0x7E, 0x7C, 0x78, 0x79,
  0x7A, 0x7A, 0x79, 0x7B, 0x7C, 0x7C, 0x7A, 0x78, 0x7B, 0x7B, 0x7A, 0x7E, 0x7E, 0x7E, 0x7D, 0x7D, 0x7D, 0x7D, 0x80, 0x80, 0x7E, 0x7E, 0x7F, 0x80, 0x7F, 0x7F, 0x7E, 0x7F, 0x7F, 0x80, 0x80, 0x7E,
  0x7B, 0x7A, 0x7C, 0x7D, 0x7B, 0x7B, 0x7C, 0x7E, 0x83, 0x83, 0x83, 0x7F, 0x7E, 0x7E, 0x7E, 0x7F, 0x80, 0x80, 0x82, 0x82, 0x80, 0x80, 0x80, 0x7E, 0x7F, 0x7E, 0x7F, 0x82, 0x82, 0x82, 0x80, 0x81,
  0x7F, 0x7F, 0x7D, 0x7D, 0x7D, 0x7D, 0x7F, 0x7E, 0x7E, 0x7E, 0x7D, 0x7D, 0x7F, 0x80, 0x7E, 0x7D, 0x7E, 0x7F, 0x80, 0x80, 0x7F, 0x7F, 0x81, 0x80, 0x80, 0x7F, 0x7F, 0x82, 0x87, 0x88, 0x84, 0x83,
  0x7D, 0x7C, 0x7B, 0x7D, 0x80, 0x80, 0x80, 0x80, 0x82, 0x83, 0x84, 0x86, 0x89, 0x89, 0x89, 0x86, 0x83, 0x84, 0x83, 0x80, 0x80, 0x80, 0x81, 0x83, 0x82, 0x81, 0x80, 0x7F, 0x7F, 0x80, 0x81, 0x81,
  0x7D, 0x7D, 0x7D, 0x80, 0x81, 0x81, 0x83, 0x83, 0x85, 0x85, 0x85, 0x82, 0x82, 0x81, 0x7F, 0x7F, 0x7F, 0x7E, 0x7E, 0x81, 0x82, 0x82, 0x83, 0x82, 0x80, 0x7F, 0x7E, 0x7E, 0x7D, 0x7D, 0x7E, 0x80,
  0x81, 0x80, 0x7F, 0x7E, 0x7E, 0x7F, 0x80, 0x7F, 0x82, 0x82, 0x82, 0x81, 0x7F, 0x7F, 0x80, 0x7E, 0x7E, 0x7E, 0x7E, 0x7C, 0x77, 0x77, 0x79, 0x7A, 0x7D, 0x7D, 0x7E, 0x81, 0x81, 0x81, 0x7E, 0x7C,
  0x7E, 0x7E, 0x7D, 0x7C, 0x7C, 0x7C, 0x7C, 0x7D, 0x83, 0x83, 0x85, 0x84, 0x85, 0x85, 0x83, 0x7F, 0x7B, 0x7B, 0x7B, 0x7D, 0x83, 0x84, 0x85, 0x87, 0x88, 0x87, 0x83, 0x7D, 0x7B, 0x7B, 0x7C, 0x7D,
  0x83, 0x83, 0x84, 0x82, 0x7F, 0x7F, 0x7D, 0x7C, 0x7F, 0x7F, 0x7E, 0x80, 0x7E, 0x7D, 0x7B, 0x7C, 0x7A, 0x7B, 0x7E, 0x82, 0x83, 0x83, 0x84, 0x82, 0x82, 0x82, 0x82, 0x81, 0x82, 0x82, 0x81, 0x80,
  0x81, 0x81, 0x85, 0x85, 0x83, 0x83, 0x86, 0x85, 0x81, 0x81, 0x83, 0x83, 0x82, 0x82, 0x83, 0x84, 0x85, 0x84, 0x84, 0x85, 0x7E, 0x7E, 0x7E, 0x7F, 0x83, 0x83, 0x82, 0x84, 0x84, 0x84, 0x84, 0x81,
  0x80, 0x80, 0x81, 0x80, 0x83, 0x82, 0x81, 0x82, 0x82, 0x82, 0x83, 0x85, 0x83, 0x83, 0x83, 0x85, 0x81, 0x80, 0x79, 0x7B, 0x7A, 0x7A, 0x7A, 0x7C, 0x7C, 0x7D, 0x7F, 0x7F, 0x7B, 0x7B, 0x7A, 0x7B,
  0x7F, 0x7F, 0x80, 0x84, 0x85, 0x85, 0x83, 0x82, 0x7E, 0x7E, 0x80, 0x84, 0x84, 0x84, 0x85, 0x86, 0x84, 0x83, 0x82, 0x7F, 0x7E, 0x7E, 0x80, 0x82, 0x86, 0x86, 0x83, 0x80, 0x81, 0x81, 0x81, 0x7B,
  0x85, 0x88, 0x8E, 0x8F, 0x81, 0x82, 0x86, 0x85, 0x83, 0x84, 0x83, 0x7F, 0x77, 0x78, 0x7D, 0x89, 0x8B, 0x8C, 0x89, 0x85, 0x78, 0x77, 0x74, 0x75, 0x79, 0x78, 0x7A, 0x80, 0x78, 0x77, 0x75, 0x77,
  0x80, 0x81, 0x7F, 0x7B, 0x7C, 0x7D, 0x82, 0x81, 0x7B, 0x7A, 0x78, 0x74, 0x7B, 0x7D, 0x87, 0x8A, 0x7A, 0x79, 0x77, 0x77, 0x7C, 0x7C, 0x7D, 0x7C, 0x7D, 0x7D, 0x81, 0x84, 0x7A, 0x79, 0x7A, 0x83,
  0x8A, 0x89, 0x83, 0x81, 0x81, 0x80, 0x7B, 0x7A, 0x80, 0x82, 0x88, 0x87, 0x7C, 0x7B, 0x7D, 0x83, 0x86, 0x85, 0x82, 0x7E, 0x7E, 0x7D, 0x7B, 0x7B, 0x84, 0x84, 0x82, 0x81, 0x7B, 0x7B, 0x78, 0x79,
  0x82, 0x82, 0x81, 0x7D, 0x83, 0x84, 0x85, 0x7E, 0x7F, 0x80, 0x85, 0x86, 0x85, 0x86, 0x88, 0x87, 0x83, 0x83, 0x85, 0x85, 0x7E, 0x7E, 0x82, 0x86, 0x80, 0x80, 0x81, 0x85, 0x7E, 0x7D, 0x7B, 0x81,
  0x84, 0x83, 0x81, 0x80, 0x81, 0x81, 0x80, 0x85, 0x87, 0x86, 0x7E, 0x7E, 0x85, 0x85, 0x84, 0x83, 0x82, 0x82, 0x83, 0x86, 0x88, 0x87, 0x84, 0x82, 0x81, 0x81, 0x7F, 0x7E, 0x7E, 0x7F, 0x82, 0x85,
  0x86, 0x85, 0x83, 0x82, 0x7F, 0x7E, 0x7C, 0x7C, 0x82, 0x82, 0x82, 0x83, 0x82, 0x82, 0x80, 0x7C, 0x7C, 0x7C, 0x7D, 0x80, 0x7D, 0x7C, 0x7A, 0x7C, 0x7B, 0x7A, 0x78, 0x77, 0x7E, 0x7D, 0x79, 0x76,
  0x75, 0x75, 0x75, 0x7B, 0x85, 0x86, 0x84, 0x7F, 0x7C, 0x7C, 0x7B, 0x7A, 0x7F, 0x80, 0x80, 0x83, 0x80, 0x80, 0x7F, 0x7E, 0x7D, 0x7D, 0x7E, 0x82, 0x82, 0x82, 0x80, 0x80, 0x80, 0x81, 0x81, 0x80,
  0x83, 0x83, 0x84, 0x86, 0x83, 0x83, 0x82, 0x81, 0x83, 0x84, 0x86, 0x88, 0x89, 0x88, 0x84, 0x80, 0x7F, 0x80, 0x80, 0x80, 0x81, 0x81, 0x80, 0x80, 0x7F, 0x80, 0x80, 0x82, 0x83, 0x83, 0x82, 0x80,
  0x83, 0x84, 0x86, 0x86, 0x80, 0x80, 0x83, 0x86, 0x83, 0x83, 0x82, 0x82, 0x82, 0x82, 0x81, 0x82, 0x81, 0x81, 0x83, 0x84, 0x7F, 0x7E, 0x7C, 0x7B, 0x7D, 0x7E, 0x7F, 0x7F, 0x7F, 0x7F, 0x80, 0x80,
  0x80, 0x80, 0x7F, 0x7F, 0x7F, 0x80, 0x7E, 0x7D, 0x7D, 0x7D, 0x7F, 0x7D, 0x7C, 0x7C, 0x7C, 0x7D, 0x79, 0x79, 0x7A, 0x7D, 0x7F, 0x7F, 0x80, 0x80, 0x7E, 0x7E, 0x7E, 0x80, 0x80, 0x80, 0x80, 0x82,
  0x87, 0x87, 0x87, 0x83, 0x7F, 0x7F, 0x7D, 0x7E, 0x80, 0x80, 0x7F, 0x80, 0x80, 0x80, 0x7C, 0x7A, 0x7E, 0x7F, 0x80, 0x7E, 0x7B, 0x7B, 0x7D, 0x7E, 0x7F, 0x80, 0x84, 0x85, 0x83, 0x83, 0x80, 0x80,
  0x82, 0x82, 0x82, 0x82, 0x81, 0x80, 0x7F, 0x80, 0x7B, 0x7A, 0x78, 0x77, 0x76, 0x76, 0x76, 0x7A, 0x7E, 0x7E, 0x7E, 0x83, 0x85, 0x85, 0x85, 0x84, 0x86, 0x86, 0x84, 0x82, 0x87, 0x88, 0x89, 0x8A,
  0x87, 0x88, 0x8E, 0x8A, 0x87, 0x85, 0x81, 0x82, 0x80, 0x80, 0x88, 0x8A, 0x7E, 0x7C, 0x80, 0x7E, 0x83, 0x82, 0x7D, 0x80, 0x85, 0x84, 0x7D, 0x86, 0x87, 0x87, 0x80, 0x86, 0x83, 0x83, 0x7B, 0x7C,
  0x81, 0x80, 0x7D, 0x82, 0x82, 0x81, 0x7A, 0x7F, 0x85, 0x86, 0x82, 0x7F, 0x7E, 0x7E, 0x84, 0x86, 0x84, 0x83, 0x7D, 0x85, 0x80, 0x81, 0x7D, 0x90, 0x84, 0x86, 0x7B, 0x82, 0x7E, 0x82, 0x7C, 0x7C,
  0x7C, 0x7F, 0x82, 0x7B, 0x7A, 0x7A, 0x84, 0x7B, 0x79, 0x73, 0x7F, 0x78, 0x82, 0x7D, 0x7D, 0x82, 0x81, 0x80, 0x76, 0x86, 0x7D, 0x7F, 0x75, 0x81, 0x81, 0x83, 0x80, 0x7D, 0x7B, 0x7B, 0x82, 0x79,
  0x80, 0x7D, 0x83, 0x84, 0x88, 0x85, 0x7A, 0x81, 0x86, 0x88, 0x80, 0x82, 0x80, 0x83, 0x85, 0x80, 0x7A, 0x79, 0x7E, 0x7D, 0x82, 0x83, 0x84, 0x8B, 0x81, 0x83, 0x80, 0x83, 0x7B, 0x7D, 0x82, 0x7E,
  0x80, 0x80, 0x85, 0x81, 0x83, 0x82, 0x83, 0x86, 0x85, 0x84, 0x81, 0x7F, 0x7F, 0x80, 0x7C, 0x7C, 0x7B, 0x7C, 0x7B, 0x7F, 0x80, 0x81, 0x7F, 0x81, 0x7E, 0x7D, 0x7D, 0x7F, 0x86, 0x86, 0x84, 0x84,
  0x83, 0x82, 0x7B, 0x80, 0x7D, 0x7E, 0x7A, 0x7B, 0x7C, 0x7D, 0x7D, 0x7D, 0x79, 0x79, 0x78, 0x76, 0x77, 0x77, 0x7D, 0x7C, 0x7F, 0x7F, 0x81, 0x7C, 0x7F, 0x7E, 0x86, 0x89, 0x89, 0x88, 0x88, 0x86,
  0x83, 0x82, 0x81, 0x83, 0x86, 0x86, 0x83, 0x87, 0x89, 0x8B, 0x88, 0x8A, 0x88, 0x8A, 0x8A, 0x88, 0x87, 0x87, 0x8B, 0x86, 0x82, 0x82, 0x87, 0x82, 0x7C, 0x7B, 0x7B, 0x7D, 0x7C, 0x7B, 0x7C, 0x80,
  0x7E, 0x7D, 0x7A, 0x7E, 0x7F, 0x7F, 0x7B, 0x7E, 0x7D, 0x7D, 0x7A, 0x7A, 0x7C, 0x7D, 0x7F, 0x7B, 0x7F, 0x7F, 0x81, 0x80, 0x87, 0x85, 0x85, 0x80, 0x7E, 0x7C, 0x7C, 0x80, 0x86, 0x86, 0x85, 0x87,
  0x7F, 0x80, 0x82, 0x82, 0x7F, 0x7F, 0x82, 0x81, 0x7F, 0x7F, 0x80, 0x7F, 0x7B, 0x7A, 0x77, 0x7B, 0x80, 0x81, 0x7F, 0x80, 0x80, 0x80, 0x7D, 0x7F, 0x82, 0x83, 0x7E, 0x7E, 0x7E, 0x7E, 0x7D, 0x7E,
  0x82, 0x83, 0x84, 0x82, 0x85, 0x85, 0x83, 0x80, 0x80, 0x7F, 0x80, 0x7D, 0x81, 0x81, 0x82, 0x7E, 0x7C, 0x7B, 0x7D, 0x79, 0x79, 0x78, 0x79, 0x79, 0x80, 0x83, 0x7B, 0x7C, 0x7F, 0x7F, 0x82, 0x7A,
  0x7D, 0x7D, 0x84, 0x78, 0x82, 0x7E, 0x84, 0x81, 0x80, 0x7C, 0x81, 0x7F, 0x86, 0x82, 0x77, 0x87, 0x7E, 0x7F, 0x7D, 0x7F, 0x7D, 0x82, 0x7F, 0x79, 0x78, 0x77, 0x7C, 0x82, 0x81, 0x83, 0x82, 0x83,
  0x83, 0x83, 0x81, 0x7E, 0x7E, 0x7F, 0x8C, 0x88, 0x84, 0x80, 0x78, 0x8A, 0x81, 0x7F, 0x7E, 0x87, 0x8E, 0x8F, 0x83, 0x7F, 0x80, 0x80, 0x81, 0x82, 0x87, 0x86, 0x88, 0x85, 0x8A, 0x89, 0x80, 0x7E,
  0x7D, 0x80, 0x86, 0x85, 0x82, 0x87, 0x84, 0x86, 0x7E, 0x7D, 0x81, 0x85, 0x81, 0x85, 0x80, 0x7A, 0x82, 0x81, 0x7B, 0x80, 0x7D, 0x7F, 0x8C, 0x7D, 0x88, 0x87, 0x81, 0x83, 0x7A, 0x76, 0x7F, 0x83,
  0x8A, 0x8B, 0x86, 0x7F, 0x7E, 0x7F, 0x81, 0x83, 0x6E, 0x70, 0x84, 0x7B, 0x7E, 0x7A, 0x79, 0x78, 0x82, 0x83, 0x80, 0x81, 0x7F, 0x82, 0x83, 0x8E, 0x7C, 0x7C, 0x81, 0x82, 0x8E, 0x8D, 0x7F, 0x83,
  0x85, 0x87, 0x8C, 0x8A, 0x89, 0x8D, 0x8E, 0x8E, 0x85, 0x83, 0x7D, 0x82, 0x83, 0x7F, 0x76, 0x7C, 0x74, 0x71, 0x5D, 0x62, 0x5C, 0x5C, 0x4F, 0x4F, 0x46, 0x47, 0x46, 0x52, 0x66, 0x6C, 0x70, 0x83,
  0xA5, 0xA6, 0xA5, 0xA6, 0xB5, 0xB7, 0xB7, 0xB4, 0xBB, 0xBB, 0xBE, 0xB6, 0xB7, 0xB9, 0xBE, 0xA8, 0x98, 0x98, 0x9F, 0x95, 0x8C, 0x8A, 0x89, 0x6F, 0x4A, 0x46, 0x4B, 0x53, 0x73, 0x74, 0x7B, 0x6B,
  0x5C, 0x5B, 0x67, 0x69, 0x52, 0x4C, 0x43, 0x3D, 0x50, 0x52, 0x53, 0x5C, 0x42, 0x42, 0x3C, 0x44, 0x5F, 0x5D, 0x62, 0x5D, 0x7F, 0x82, 0x9E, 0xBD, 0xC4, 0xC3, 0xBE, 0x3B, 0x3C, 0x3C, 0xB5, 0xA8,
  0xA4, 0xA3, 0xAE, 0xAB, 0x96, 0x96, 0x92, 0xB8, 0xA6, 0xB3, 0xAC, 0xBB, 0x75, 0x79, 0x54, 0x63, 0x5C, 0x62, 0x55, 0x64, 0x57, 0x57, 0x72, 0x7D, 0x67, 0x61, 0x58, 0x7D, 0x6A, 0x6B, 0x5F, 0x77,
  0x5C, 0x62, 0x6A, 0x78, 0x8E, 0x8B, 0x78, 0x8A, 0x66, 0x68, 0x87, 0x66, 0x56, 0x4F, 0x8E, 0x8D, 0xB0, 0xAA, 0xB5, 0xBB, 0x3C, 0xC4, 0xBF, 0xC5, 0xC0, 0xC1, 0xC3, 0xC4, 0xAA, 0xA3, 0x9A, 0x96,
  0xAE, 0xA1, 0x8B, 0x7D, 0x5C, 0x62, 0x48, 0x50, 0x3D, 0x3F, 0x44, 0xC5, 0x42, 0x48, 0x68, 0x92, 0x9C, 0xA7, 0xB9, 0x90, 0x7D, 0x77, 0x8B, 0x73, 0x52, 0x4A, 0x52, 0x51, 0x42, 0x40, 0x3F, 0x42,
  0x55, 0x4E, 0x5A, 0x5A, 0x63, 0x64, 0x74, 0x6E, 0x5D, 0x5E, 0x65, 0x8A, 0xA3, 0xA4, 0xA6, 0xB4, 0xBD, 0xBF, 0xC0, 0x3B, 0x3B, 0x3B, 0xB5, 0xC2, 0xB0, 0xB3, 0xAC, 0xBA, 0x92, 0x9C, 0xAC, 0x86,
  0x68, 0x68, 0x65, 0xC4, 0x42, 0x3E, 0x3F, 0x47, 0x68, 0x6F, 0x72, 0x91, 0xA1, 0xAA, 0xB7, 0xC0, 0xB8, 0xBE, 0xB5, 0x96, 0x7F, 0x7D, 0x8B, 0x9C, 0x76, 0x74, 0x4D, 0x72, 0x48, 0x52, 0x52, 0x64,
  0x67, 0x69, 0x81, 0x77, 0x85, 0x83, 0x9D, 0x9E, 0xA5, 0xA0, 0x9D, 0x88, 0x85, 0x85, 0x66, 0x75, 0x74, 0x7E, 0x66, 0x61, 0x92, 0x94, 0x95, 0x58, 0x94, 0x85, 0x63, 0x5A, 0x70, 0x68, 0x54, 0x5B,
  0x90, 0x8C, 0x7E, 0x6C, 0x6A, 0x68, 0x5F, 0x55, 0x85, 0x80, 0x71, 0x8E, 0xAC, 0xAD, 0x9D, 0x90, 0x7D, 0x7F, 0x7C, 0x80, 0x9B, 0x9F, 0x91, 0x8E, 0x8F, 0x91, 0x7C, 0x77, 0x6B, 0x70, 0x64, 0x63,
  0xA5, 0xAB, 0xAF, 0x94, 0x8B, 0x93, 0x94, 0x9B, 0x7B, 0x84, 0x8E, 0xA6, 0xA3, 0xA5, 0xC5, 0xB7, 0xB7, 0xB5, 0xC5, 0xA3, 0x91, 0x92, 0x91, 0x9E, 0x75, 0x73, 0x62, 0x5E, 0x52, 0x55, 0x3F, 0x45,
  0x4B, 0x4F, 0x60, 0x5C, 0x71, 0x65, 0x5A, 0x90, 0xA3, 0xA1, 0x8A, 0x83, 0x8C, 0x8A, 0x7F, 0x7A, 0x7F, 0x86, 0x6E, 0x6C, 0x6D, 0x63, 0x54, 0x4A, 0x5B, 0x5C, 0x73, 0x7E, 0x92, 0x9B, 0xA6, 0x9B,
  0x83, 0x80, 0x9A, 0x6D, 0x71, 0x6B, 0x7D, 0x87, 0x68, 0x6E, 0x6E, 0x6E, 0x76, 0x71, 0x6D, 0x59, 0x4D, 0x47, 0x72, 0x68, 0x5A, 0x57, 0x69, 0x6B, 0x7C, 0x84, 0x86, 0x8C, 0x7C, 0x81, 0x93, 0x92,
  0x94, 0x94, 0xA3, 0xA6, 0x97, 0x97, 0xA2, 0xA8, 0x9A, 0x99, 0x97, 0x8B, 0x8D, 0x8E, 0x94, 0x97, 0x95, 0x93, 0x96, 0x9C, 0x92, 0x92, 0x8D, 0x91, 0x87, 0x86, 0x81, 0x75, 0x5F, 0x5D, 0x67, 0x6B,
  0x7C, 0x7B, 0x79, 0x8A, 0x8A, 0x8C, 0x83, 0x8A, 0x87, 0x8B, 0x86, 0x95, 0x88, 0x8D, 0x88, 0x8D, 0x81, 0x83, 0x89, 0x7A, 0x71, 0x6F, 0x73, 0x70, 0x69, 0x67, 0x62, 0x70, 0x75, 0x78, 0x7E, 0x7E,
  0x8E, 0x93, 0x9D, 0x8E, 0xA0, 0x9D, 0xA4, 0x9A, 0x9B, 0x97, 0x9C, 0xA5, 0xAE, 0xAF, 0xB4, 0xB5, 0x9E, 0x9C, 0x95, 0x85, 0x81, 0x7D, 0x85, 0x88, 0x8E, 0x8C, 0x7C, 0x7D, 0x68, 0x6B, 0x44, 0x69,
  0x9B, 0xA9, 0xAB, 0x8B, 0x94, 0x8F, 0xAD, 0x84, 0xBD, 0xB6, 0xBF, 0xA5, 0x74, 0x7F, 0x84, 0x8A, 0x59, 0x61, 0x87, 0x4E, 0x4B, 0x3F, 0x6F, 0x65, 0x5C, 0x53, 0x57, 0x70, 0x88, 0x85, 0x7D, 0x6D,
  0x5B, 0x64, 0x6F, 0x53, 0x40, 0x44, 0x68, 0x65, 0x46, 0x3F, 0x51, 0x4D, 0x6F, 0x6A, 0x60, 0x50, 0x7D, 0x7F, 0x6A, 0x5A, 0x5F, 0x68, 0x64, 0x81, 0x50, 0x5C, 0x68, 0x5B, 0x57, 0x59, 0x72, 0x72,
  0x95, 0x93, 0x9D, 0x95, 0x98, 0x96, 0x9B, 0x98, 0xA6, 0xA2, 0xA0, 0x91, 0x83, 0x79, 0x4D, 0x6A, 0x82, 0x8B, 0x83, 0x83, 0x6E, 0x66, 0x6D, 0x74, 0x50, 0x4E, 0x5E, 0x67, 0x71, 0x73, 0x9E, 0x91,
  0x8C, 0x85, 0x7C, 0x8C, 0xA3, 0xA6, 0xAD, 0x8D, 0xAD, 0xAD, 0x85, 0x97, 0x84, 0x90, 0xA0, 0x86, 0x53, 0x4F, 0x5E, 0x54, 0x81, 0x7E, 0x7A, 0x96, 0xA3, 0xA5, 0xAB, 0xC4, 0x3C, 0x3C, 0xAF, 0xB1,
  0xB6, 0xBD, 0xBB, 0xB1, 0xBD, 0xC0, 0xC5, 0xB1, 0x76, 0x71, 0x5D, 0x6E, 0x6C, 0x73, 0x7F, 0x75, 0x72, 0x6E, 0x6A, 0x61, 0x69, 0x68, 0x80, 0x6E, 0x87, 0x83, 0x96, 0x9C, 0x9D, 0xA1, 0xA5, 0x90,
  0x8F, 0x8D, 0xA2, 0xA1, 0x9F, 0x9B, 0xB2, 0xAC, 0xAA, 0xA5, 0x94, 0x96, 0x86, 0x8E, 0x91, 0x8F, 0x80, 0x7E, 0x8A, 0x78, 0x75, 0x6A, 0x67, 0x6F, 0x85, 0x7E, 0x7B, 0x86, 0x85, 0x83, 0x6E, 0x8E,
  0x86, 0x8E, 0x8D, 0x9D, 0xA6, 0xA4, 0xA2, 0x8A, 0x77, 0x71, 0x66, 0x58, 0x60, 0x5C, 0x56, 0x54, 0x5E, 0x63, 0x68, 0x53, 0x6F, 0x71, 0x6A, 0x66, 0x87, 0x86, 0x85, 0x54, 0x67, 0x6C, 0x8A, 0x91,
  0x6A, 0x6B, 0x7A, 0x71, 0x6B, 0x67, 0x7C, 0x68, 0x43, 0x3F, 0x6D, 0x64, 0x66, 0x5C, 0x67, 0x6E, 0x6F, 0x6E, 0x68, 0x87, 0x7D, 0x7F, 0x91, 0x9B, 0x89, 0x86, 0x91, 0x85, 0x84, 0x83, 0xA0, 0xA6,
  0x77, 0x75, 0x5D, 0x4B, 0x4C, 0x47, 0x3D, 0x69, 0x57, 0x5F, 0x42, 0x4A, 0x47, 0x4E, 0x42, 0x3D, 0x60, 0x61, 0x67, 0x79, 0x78, 0x77, 0x7A, 0x8E, 0x9E, 0xA0, 0xA3, 0xA7, 0x96, 0x9D, 0x94, 0x8B,
  0xA9, 0xA8, 0x9F, 0x94, 0x71, 0x6D, 0x75, 0x84, 0x5F, 0x60, 0x5A, 0x6C, 0x6E, 0x6F, 0x57, 0x5B, 0x76, 0x75, 0x6D, 0x7A, 0x7B, 0x80, 0x7A, 0x82, 0xA9, 0xAE, 0xA7, 0xC1, 0xBC, 0xC1, 0xC5, 0xC0,
  0xC5, 0xC5, 0xC5, 0xC4, 0xB3, 0xAE, 0xAD, 0xAA, 0x8F, 0x8A, 0x73, 0x74, 0x64, 0x63, 0x61, 0x63, 0x6B, 0x6E, 0x67, 0x68, 0x68, 0x6C, 0x66, 0x7A, 0xB2, 0xB9, 0xA2, 0x91, 0xB7, 0xBC, 0xC5, 0xBC,
  0xA7, 0xA9, 0xBE, 0xBF, 0xA1, 0x9E, 0xA5, 0xAA, 0x9B, 0xA2, 0xA5, 0xA0, 0x76, 0x7A, 0x81, 0x5D, 0x94, 0x98, 0xA0, 0xA1, 0x81, 0x87, 0x8A, 0x8A, 0x8C, 0x97, 0x9D, 0x8E, 0xA0, 0x9F, 0x7E, 0x67,
  0x68, 0x69, 0x72, 0x77, 0x81, 0x85, 0x79, 0x78, 0x75, 0x74, 0x76, 0x6F, 0x60, 0x5B, 0x64, 0x5A, 0x5B, 0x5B, 0x57, 0x4D, 0x4B, 0x4D, 0x77, 0x73, 0x5B, 0x5A, 0x6E, 0x62, 0x67, 0x61, 0x6D, 0x83,
  0x84, 0x7E, 0x7A, 0x6A, 0x86, 0x80, 0x5E, 0x6A, 0x84, 0x86, 0x86, 0x9D, 0x81, 0x7F, 0x8E, 0x94, 0x9E, 0x97, 0xAA, 0xA5, 0xBC, 0xB8, 0xA2, 0x96, 0x81, 0x82, 0x74, 0x74, 0x6B, 0x72, 0x6D, 0x50,
  0x63, 0x65, 0x51, 0x4D, 0x58, 0x5F, 0x82, 0x72, 0x5C, 0x67, 0x85, 0x8C, 0x5E, 0x5A, 0x5C, 0x6B, 0x70, 0x75, 0x75, 0x6C, 0x7F, 0x80, 0x6D, 0x60, 0x6A, 0x6D, 0x8C, 0x7F, 0x89, 0x88, 0x86, 0x6C,
  0x8C, 0x8A, 0x80, 0x7C, 0x43, 0x43, 0x6E, 0x7C, 0x96, 0x95, 0x90, 0xA3, 0x82, 0x79, 0x61, 0x7A, 0x6E, 0x7D, 0x85, 0x87, 0x98, 0x9D, 0x99, 0xA8, 0x8E, 0x8F, 0x77, 0x99, 0x99, 0xA7, 0x81, 0x6B,
  0x70, 0x73, 0x87, 0x7F, 0x8D, 0x8B, 0x9C, 0xAF, 0xB0, 0xB0, 0xA1, 0x99, 0x89, 0x86, 0x83, 0x8D, 0x93, 0x93, 0xA4, 0x9F, 0xAB, 0xA6, 0x93, 0x9A, 0x8C, 0x8D, 0x7E, 0x89, 0x70, 0x76, 0x75, 0x7B,
};

const uint8_t snd_door_open[] = {
  0x75, 0x75, 0x6E, 0x6F, 0x71, 0x72, 0x74, 0x71, 0x6D, 0x6D, 0x70, 0x71, 0x70, 0x71, 0x74, 0x74, 0x75, 0x78, 0x7A, 0x76, 0x72, 0x74, 0x79, 0x79, 0x84, 0x83, 0x84, 0x7E, 0x86, 0x86, 0x89, 0x91,
  0x8F, 0x8F, 0x90, 0x8E, 0x88, 0x88, 0x8C, 0x92, 0x94, 0x94, 0x8F, 0x8C, 0x88, 0x8A, 0x88, 0x88, 0x8C, 0x8B, 0x7E, 0x77, 0x88, 0x89, 0x89, 0x84, 0x88, 0x87, 0x8B, 0x87, 0x8F, 0x8F, 0x8E, 0x89,
  0x7A, 0x78, 0x70, 0x72, 0x7A, 0x7A, 0x78, 0x78, 0x82, 0x83, 0x85, 0x87, 0x85, 0x85, 0x7F, 0x80, 0x81, 0x83, 0x7F, 0x7B, 0x71, 0x72, 0x74, 0x7C, 0x84, 0x86, 0x86, 0x87, 0x79, 0x7B, 0x81, 0x85,
  0x80, 0x81, 0x8B, 0x88, 0x83, 0x84, 0x85, 0x8C, 0x88, 0x87, 0x81, 0x79, 0x80, 0x80, 0x87, 0x88, 0x84, 0x81, 0x79, 0x7B, 0x80, 0x80, 0x7E, 0x76, 0x71, 0x70, 0x75, 0x72, 0x79, 0x76, 0x74, 0x73,
  0x77, 0x77, 0x75, 0x77, 0x79, 0x79, 0x78, 0x7E, 0x7F, 0x7F, 0x78, 0x7B, 0x72, 0x72, 0x74, 0x7E, 0x84, 0x85, 0x81, 0x80, 0x83, 0x84, 0x84, 0x86, 0x85, 0x86, 0x87, 0x87, 0x85, 0x86, 0x8B, 0x8C,
  0x83, 0x83, 0x89, 0x88, 0x7C, 0x7A, 0x76, 0x78, 0x72, 0x72, 0x73, 0x79, 0x80, 0x80, 0x82, 0x80, 0x7C, 0x7C, 0x79, 0x7A, 0x82, 0x82, 0x7D, 0x82, 0x81, 0x82, 0x74, 0x76, 0x75, 0x78, 0x7F, 0x87,
  0x84, 0x83, 0x7F, 0x7D, 0x7F, 0x7E, 0x79, 0x75, 0x7F, 0x7E, 0x83, 0x84, 0x91, 0x92, 0x93, 0x96, 0x97, 0x97, 0x8E, 0x89, 0x8C, 0x8E, 0x8B, 0x83, 0x84, 0x84, 0x82, 0x7F, 0x83, 0x81, 0x7D, 0x7B,
  0x81, 0x80, 0x7B, 0x82, 0x7C, 0x7C, 0x7B, 0x7C, 0x7E, 0x7E, 0x86, 0x8E, 0x90, 0x8F, 0x87, 0x82, 0x81, 0x82, 0x7C, 0x7B, 0x82, 0x84, 0x85, 0x82, 0x7D, 0x7D, 0x7D, 0x7F, 0x80, 0x82, 0x86, 0x86,
  0x78, 0x79, 0x7F, 0x7F, 0x78, 0x78, 0x7B, 0x7C, 0x76, 0x77, 0x7D, 0x81, 0x8F, 0x8D, 0x8A, 0x85, 0x81, 0x80, 0x7A, 0x80, 0x7F, 0x80, 0x7B, 0x7E, 0x7E, 0x7F, 0x83, 0x81, 0x85, 0x85, 0x85, 0x7E,
  0x7D, 0x7D, 0x7F, 0x7C, 0x76, 0x76, 0x77, 0x7B, 0x78, 0x78, 0x7D, 0x83, 0x86, 0x86, 0x88, 0x89, 0x85, 0x84, 0x7F, 0x7A, 0x80, 0x83, 0x86, 0x87, 0x7D, 0x7D, 0x79, 0x79, 0x7D, 0x7E, 0x80, 0x7F,
  0x79, 0x77, 0x72, 0x77, 0x84, 0x86, 0x86, 0x83, 0x7F, 0x81, 0x82, 0x81, 0x88, 0x89, 0x8F, 0x86, 0x84, 0x84, 0x84, 0x82, 0x87, 0x88, 0x84, 0x83, 0x7A, 0x7C, 0x7C, 0x78, 0x74, 0x75, 0x7B, 0x7D,
  0x81, 0x82, 0x8C, 0x87, 0x84, 0x85, 0x85, 0x85, 0x84, 0x84, 0x84, 0x86, 0x7F, 0x80, 0x86, 0x87, 0x7B, 0x7B, 0x7D, 0x84, 0x7F, 0x7E, 0x7F, 0x84, 0x7B, 0x79, 0x78, 0x7E, 0x81, 0x80, 0x76, 0x73,
  0x7B, 0x7D, 0x82, 0x78, 0x77, 0x77, 0x81, 0x7B, 0x79, 0x7A, 0x80, 0x89, 0x87, 0x89, 0x8D, 0x8F, 0x87, 0x86, 0x88, 0x85, 0x86, 0x85, 0x83, 0x7D, 0x7D, 0x7D, 0x7D, 0x7B, 0x83, 0x84, 0x83, 0x7E,
  0x80, 0x81, 0x89, 0x88, 0x84, 0x85, 0x8C, 0x97, 0x92, 0x92, 0x90, 0x8C, 0x85, 0x85, 0x84, 0x7B, 0x77, 0x78, 0x7B, 0x81, 0x7D, 0x7F, 0x83, 0x81, 0x7B, 0x7B, 0x7C, 0x7A, 0x79, 0x78, 0x7A, 0x79,
  0x77, 0x78, 0x7F, 0x81, 0x86, 0x85, 0x85, 0x85, 0x91, 0x91, 0x8E, 0x8A, 0x8E, 0x8D, 0x89, 0x7C, 0x76, 0x76, 0x78, 0x7F, 0x7B, 0x7B, 0x7A, 0x78, 0x75, 0x74, 0x73, 0x71, 0x76, 0x77, 0x7A, 0x7D,
  0x7D, 0x7D, 0x7B, 0x7D, 0x7F, 0x7F, 0x7B, 0x7C, 0x7D, 0x7C, 0x78, 0x77, 0x78, 0x77, 0x73, 0x75, 0x75, 0x78, 0x79, 0x7B, 0x7E, 0x7E, 0x7F, 0x79, 0x7C, 0x7C, 0x77, 0x72, 0x74, 0x77, 0x7C, 0x77,
  0x7B, 0x7C, 0x7E, 0x7C, 0x83, 0x83, 0x84, 0x82, 0x84, 0x84, 0x89, 0x8F, 0x8E, 0x8D, 0x87, 0x87, 0x8B, 0x8C, 0x8A, 0x8B, 0x88, 0x87, 0x82, 0x7F, 0x80, 0x7F, 0x7F, 0x7D, 0x7A, 0x79, 0x7A, 0x7C,
  0x7F, 0x80, 0x82, 0x86, 0x89, 0x89, 0x86, 0x84, 0x80, 0x80, 0x82, 0x8D, 0x91, 0x92, 0x8A, 0x88, 0x7D, 0x7D, 0x7E, 0x80, 0x80, 0x80, 0x84, 0x86, 0x8A, 0x89, 0x89, 0x8A, 0x8F, 0x90, 0x8B, 0x82,
  0x7F, 0x80, 0x89, 0x86, 0x8B, 0x8C, 0x8E, 0x8B, 0x87, 0x87, 0x85, 0x87, 0x86, 0x85, 0x87, 0x83, 0x80, 0x81, 0x86, 0x81, 0x7D, 0x7D, 0x7C, 0x78, 0x76, 0x78, 0x7A, 0x7E, 0x7F, 0x7F, 0x7D, 0x7D,
  0x82, 0x81, 0x81, 0x7E, 0x75, 0x74, 0x72, 0x71, 0x7A, 0x79, 0x7C, 0x7E, 0x75, 0x73, 0x6E, 0x76, 0x83, 0x84, 0x89, 0x8C, 0x85, 0x84, 0x7F, 0x84, 0x8B, 0x8B, 0x81, 0x7D, 0x81, 0x83, 0x86, 0x89,
  0x87, 0x87, 0x84, 0x7E, 0x7B, 0x7C, 0x80, 0x7C, 0x7E, 0x7F, 0x87, 0x83, 0x81, 0x80, 0x80, 0x80, 0x7A, 0x79, 0x74, 0x75, 0x72, 0x73, 0x74, 0x80, 0x7D, 0x7F, 0x80, 0x84, 0x7E, 0x7F, 0x7D, 0x7E,
  0x80, 0x80, 0x83, 0x81, 0x80, 0x80, 0x84, 0x8C, 0x8E, 0x8E, 0x87, 0x83, 0x85, 0x85, 0x83, 0x81, 0x7B, 0x7A, 0x74, 0x74, 0x75, 0x74, 0x72, 0x74, 0x7B, 0x7B, 0x79, 0x73, 0x78, 0x78, 0x7D, 0x82,
  0x83, 0x83, 0x85, 0x8A, 0x86, 0x86, 0x85, 0x89, 0x87, 0x86, 0x87, 0x8D, 0x87, 0x85, 0x7F, 0x7B, 0x7E, 0x7E, 0x7E, 0x7C, 0x7F, 0x7F, 0x7F, 0x84, 0x7F, 0x80, 0x81, 0x86, 0x7F, 0x7F, 0x83, 0x8C,
  0x95, 0x95, 0x91, 0x8A, 0x83, 0x83, 0x7F, 0x7F, 0x86, 0x84, 0x7C, 0x7C, 0x85, 0x87, 0x89, 0x84, 0x7E, 0x7D, 0x80, 0x7B, 0x80, 0x80, 0x83, 0x80, 0x76, 0x76, 0x78, 0x7F, 0x7F, 0x81, 0x8A, 0x8B,
  0x7F, 0x7E, 0x7F, 0x80, 0x77, 0x77, 0x77, 0x7A, 0x78, 0x77, 0x76, 0x79, 0x7E, 0x7F, 0x7F, 0x7F, 0x7D, 0x7C, 0x7C, 0x83, 0x83, 0x81, 0x7D, 0x7C, 0x75, 0x76, 0x75, 0x78, 0x81, 0x82, 0x7F, 0x78,
  0x7F, 0x7F, 0x7D, 0x75, 0x7C, 0x7C, 0x7B, 0x7E, 0x87, 0x88, 0x85, 0x82, 0x7B, 0x7B, 0x77, 0x77, 0x7E, 0x7E, 0x82, 0x80, 0x7F, 0x7F, 0x7F, 0x7C, 0x80, 0x80, 0x83, 0x83, 0x7A, 0x7C, 0x81, 0x82,
  0x76, 0x76, 0x78, 0x80, 0x84, 0x84, 0x83, 0x83, 0x7E, 0x7D, 0x79, 0x79, 0x84, 0x85, 0x84, 0x89, 0x8D, 0x8E, 0x8C, 0x86, 0x8C, 0x8D, 0x8E, 0x85, 0x88, 0x88, 0x8A, 0x8A, 0x92, 0x92, 0x90, 0x90,
  0x8C, 0x8B, 0x89, 0x88, 0x7F, 0x7E, 0x7D, 0x7E, 0x7D, 0x7D, 0x80, 0x7E, 0x72, 0x71, 0x6F, 0x70, 0x76, 0x77, 0x7D, 0x83, 0x7D, 0x7C, 0x7B, 0x7E, 0x7C, 0x7C, 0x7D, 0x7F, 0x84, 0x85, 0x8B, 0x8C,
  0x85, 0x84, 0x82, 0x84, 0x84, 0x85, 0x86, 0x85, 0x88, 0x89, 0x8B, 0x89, 0x82, 0x83, 0x85, 0x89, 0x88, 0x8A, 0x8B, 0x86, 0x84, 0x83, 0x7D, 0x78, 0x7E, 0x7F, 0x86, 0x89, 0x84, 0x83, 0x83, 0x87,
  0x88, 0x88, 0x86, 0x83, 0x77, 0x78, 0x81, 0x83, 0x85, 0x84, 0x82, 0x83, 0x83, 0x83, 0x7D, 0x79, 0x7D, 0x7D, 0x7B, 0x79, 0x80, 0x80, 0x7D, 0x81, 0x7C, 0x7C, 0x7A, 0x7B, 0x70, 0x71, 0x70, 0x77,
  0x76, 0x76, 0x70, 0x73, 0x78, 0x7A, 0x79, 0x78, 0x72, 0x73, 0x76, 0x71, 0x71, 0x72, 0x7A, 0x7B, 0x77, 0x76, 0x74, 0x72, 0x76, 0x77, 0x78, 0x7B, 0x84, 0x85, 0x88, 0x8B, 0x93, 0x93, 0x8E, 0x8B,
  0x83, 0x82, 0x83, 0x86, 0x86, 0x85, 0x84, 0x83, 0x7B, 0x7A, 0x7A, 0x77, 0x7E, 0x7D, 0x7A, 0x76, 0x80, 0x80, 0x81, 0x7F, 0x7D, 0x7B, 0x76, 0x7A, 0x7D, 0x7D, 0x79, 0x7E, 0x7F, 0x7F, 0x7F, 0x7B,
  0x81, 0x81, 0x84, 0x80, 0x81, 0x80, 0x86, 0x86, 0x7E, 0x7C, 0x7F, 0x80, 0x83, 0x82, 0x84, 0x8C, 0x8C, 0x8B, 0x83, 0x83, 0x87, 0x87, 0x82, 0x87, 0x8A, 0x8B, 0x8E, 0x91, 0x90, 0x90, 0x91, 0x96,
  0x96, 0x94, 0x87, 0x81, 0x75, 0x75, 0x72, 0x77, 0x7F, 0x7F, 0x7F, 0x81, 0x81, 0x80, 0x7E, 0x80, 0x7E, 0x7D, 0x7B, 0x75, 0x7A, 0x7A, 0x7A, 0x7C, 0x7E, 0x7E, 0x80, 0x80, 0x81, 0x82, 0x84, 0x87,
  0x84, 0x83, 0x87, 0x8C, 0x90, 0x90, 0x8C, 0x86, 0x81, 0x80, 0x81, 0x84, 0x8C, 0x8D, 0x90, 0x8D, 0x88, 0x88, 0x88, 0x87, 0x83, 0x83, 0x82, 0x80, 0x84, 0x84, 0x82, 0x84, 0x87, 0x86, 0x85, 0x82,
  0x7A, 0x78, 0x70, 0x72, 0x78, 0x7A, 0x7D, 0x7D, 0x76, 0x75, 0x76, 0x79, 0x7B, 0x7B, 0x78, 0x74, 0x75, 0x76, 0x7F, 0x81, 0x86, 0x85, 0x86, 0x86, 0x8C, 0x8B, 0x87, 0x7F, 0x7E, 0x7E, 0x80, 0x7D,
  0x81, 0x81, 0x80, 0x7E, 0x7B, 0x7A, 0x7B, 0x7C, 0x7B, 0x7B, 0x7A, 0x7B, 0x7D, 0x7E, 0x7C, 0x77, 0x75, 0x77, 0x7B, 0x77, 0x74, 0x74, 0x7D, 0x81, 0x83, 0x81, 0x7D, 0x7C, 0x7E, 0x7E, 0x7D, 0x84,
  0x83, 0x83, 0x82, 0x83, 0x7F, 0x7F, 0x81, 0x84, 0x7D, 0x7E, 0x7B, 0x7B, 0x79, 0x7B, 0x82, 0x82, 0x83, 0x83, 0x83, 0x7D, 0x78, 0x78, 0x7A, 0x7B, 0x7E, 0x7F, 0x80, 0x7E, 0x7B, 0x7C, 0x7B, 0x7B,
  0x81, 0x80, 0x7F, 0x7E, 0x7E, 0x7E, 0x80, 0x83, 0x83, 0x83, 0x8B, 0x90, 0x8D, 0x8C, 0x89, 0x86, 0x88, 0x88, 0x84, 0x86, 0x85, 0x85, 0x83, 0x84, 0x83, 0x83, 0x81, 0x7E, 0x82, 0x82, 0x87, 0x85,
  0x7B, 0x7B, 0x78, 0x76, 0x70, 0x71, 0x77, 0x7A, 0x7A, 0x7A, 0x7C, 0x7A, 0x75, 0x76, 0x7D, 0x81, 0x83, 0x84, 0x89, 0x86, 0x85, 0x86, 0x8E, 0x8B, 0x8B, 0x8B, 0x8E, 0x8D, 0x89, 0x87, 0x80, 0x7E,
  0x83, 0x83, 0x81, 0x80, 0x83, 0x83, 0x84, 0x84, 0x82, 0x83, 0x81, 0x7F, 0x84, 0x84, 0x86, 0x86, 0x7F, 0x7E, 0x7E, 0x7F, 0x83, 0x83, 0x85, 0x88, 0x88, 0x88, 0x83, 0x86, 0x8A, 0x8A, 0x84, 0x7E,
  0x7F, 0x80, 0x82, 0x80, 0x78, 0x79, 0x81, 0x84, 0x7D, 0x7C, 0x7F, 0x7F, 0x7A, 0x79, 0x79, 0x7A, 0x79, 0x78, 0x70, 0x72, 0x7B, 0x7D, 0x7C, 0x7C, 0x78, 0x77, 0x77, 0x79, 0x88, 0x88, 0x85, 0x83,
  0x85, 0x86, 0x81, 0x7D, 0x80, 0x82, 0x85, 0x83, 0x84, 0x83, 0x81, 0x79, 0x7A, 0x7B, 0x80, 0x85, 0x82, 0x81, 0x7D, 0x7D, 0x82, 0x82, 0x83, 0x84, 0x81, 0x81, 0x82, 0x83, 0x85, 0x86, 0x87, 0x8A,
  0x84, 0x84, 0x84, 0x81, 0x7B, 0x79, 0x75, 0x77, 0x80, 0x80, 0x80, 0x83, 0x85, 0x84, 0x82, 0x7E, 0x7B, 0x7A, 0x7A, 0x7E, 0x7E, 0x7D, 0x79, 0x80, 0x7F, 0x80, 0x80, 0x85, 0x83, 0x82, 0x82, 0x83,
  0x87, 0x89, 0x8A, 0x87, 0x83, 0x82, 0x83, 0x80, 0x7D, 0x7D, 0x80, 0x7E, 0x7C, 0x7B, 0x7B, 0x78, 0x78, 0x77, 0x76, 0x77, 0x7C, 0x7C, 0x7A, 0x78, 0x79, 0x7A, 0x7C, 0x79, 0x79, 0x79, 0x7B, 0x7C,
  0x80, 0x80, 0x7D, 0x7E, 0x82, 0x82, 0x7F, 0x86, 0x8E, 0x8F, 0x8B, 0x8C, 0x8A, 0x8A, 0x88, 0x86, 0x7F, 0x7F, 0x7E, 0x88, 0x8C, 0x8C, 0x8A, 0x8A, 0x86, 0x86, 0x80, 0x80, 0x85, 0x85, 0x86, 0x86,
  0x81, 0x80, 0x7F, 0x82, 0x84, 0x84, 0x7F, 0x7D, 0x82, 0x82, 0x82, 0x80, 0x84, 0x84, 0x87, 0x85, 0x7F, 0x7F, 0x81, 0x85, 0x84, 0x83, 0x7E, 0x7D, 0x7D, 0x7D, 0x7E, 0x7F, 0x7E, 0x7E, 0x81, 0x84,
  0x7E, 0x7D, 0x78, 0x7D, 0x7D, 0x7D, 0x7B, 0x80, 0x7F, 0x7F, 0x7D, 0x7C, 0x83, 0x83, 0x85, 0x80, 0x80, 0x80, 0x7F, 0x7D, 0x79, 0x79, 0x7B, 0x80, 0x85, 0x86, 0x85, 0x84, 0x84, 0x84, 0x7D, 0x77,
  0x71, 0x72, 0x73, 0x75, 0x79, 0x79, 0x75, 0x77, 0x7B, 0x7B, 0x7C, 0x7D, 0x7E, 0x7E, 0x81, 0x81, 0x83, 0x82, 0x80, 0x7C, 0x79, 0x79, 0x7E, 0x86, 0x8F, 0x8E, 0x8A, 0x8C, 0x90, 0x90, 0x8A, 0x82,
  0x86, 0x85, 0x82, 0x7C, 0x7E, 0x7D, 0x7B, 0x78, 0x7D, 0x7D, 0x81, 0x83, 0x7B, 0x79, 0x76, 0x76, 0x7C, 0x7C, 0x7B, 0x78, 0x7A, 0x7A, 0x7B, 0x7C, 0x80, 0x80, 0x80, 0x83, 0x7E, 0x7E, 0x79, 0x78,
  0x81, 0x85, 0x8F, 0x8F, 0x84, 0x86, 0x8B, 0x87, 0x81, 0x81, 0x89, 0x8C, 0x84, 0x83, 0x85, 0x84, 0x7F, 0x7F, 0x80, 0x82, 0x84, 0x83, 0x7E, 0x79, 0x77, 0x77, 0x78, 0x7D, 0x7E, 0x7E, 0x76, 0x77,
  0x7A, 0x7C, 0x7F, 0x80, 0x84, 0x85, 0x85, 0x85, 0x85, 0x84, 0x7D, 0x7F, 0x85, 0x84, 0x7D, 0x7A, 0x81, 0x82, 0x85, 0x82, 0x83, 0x83, 0x81, 0x7E, 0x83, 0x84, 0x87, 0x88, 0x82, 0x83, 0x84, 0x86,
  0x82, 0x82, 0x83, 0x85, 0x87, 0x86, 0x87, 0x86, 0x7F, 0x7E, 0x7D, 0x80, 0x7F, 0x7F, 0x7D, 0x7D, 0x78, 0x78, 0x7A, 0x7A, 0x7C, 0x7C, 0x81, 0x82, 0x7F, 0x7F, 0x7E, 0x80, 0x84, 0x83, 0x82, 0x84,
  0x89, 0x89, 0x84, 0x85, 0x84, 0x84, 0x81, 0x7E, 0x7C, 0x7D, 0x83, 0x86, 0x90, 0x91, 0x94, 0x8E, 0x85, 0x84, 0x85, 0x86, 0x8F, 0x90, 0x90, 0x8E, 0x82, 0x81, 0x7D, 0x7E, 0x79, 0x79, 0x7B, 0x80,
  0x83, 0x84, 0x86, 0x88, 0x85, 0x84, 0x81, 0x83, 0x84, 0x83, 0x80, 0x7F, 0x82, 0x82, 0x81, 0x85, 0x86, 0x87, 0x88, 0x86, 0x84, 0x84, 0x82, 0x81, 0x78, 0x77, 0x76, 0x78, 0x76, 0x76, 0x76, 0x73,
  0x77, 0x78, 0x7B, 0x7D, 0x7A, 0x7A, 0x77, 0x76, 0x77, 0x77, 0x7C, 0x83, 0x88, 0x88, 0x82, 0x7E, 0x7E, 0x7D, 0x7A, 0x7C, 0x81, 0x82, 0x82, 0x81, 0x7E, 0x7F, 0x7F, 0x7D, 0x77, 0x76, 0x74, 0x74,
  0x7A, 0x7A, 0x7C, 0x7C, 0x7A, 0x79, 0x75, 0x70, 0x74, 0x76, 0x7D, 0x7F, 0x7D, 0x7D, 0x7C, 0x77, 0x74, 0x75, 0x80, 0x84, 0x7E, 0x7D, 0x79, 0x7A, 0x78, 0x79, 0x7B, 0x80, 0x81, 0x80, 0x80, 0x7F,
  0x84, 0x84, 0x84, 0x84, 0x84, 0x84, 0x84, 0x85, 0x89, 0x89, 0x89, 0x88, 0x7F, 0x7D, 0x7A, 0x78, 0x75, 0x76, 0x7D, 0x83, 0x84, 0x83, 0x7D, 0x7D, 0x7F, 0x7F, 0x7E, 0x7E, 0x85, 0x86, 0x89, 0x87,
  0x85, 0x85, 0x88, 0x89, 0x88, 0x88, 0x88, 0x8A, 0x8E, 0x8E, 0x8C, 0x8A, 0x83, 0x82, 0x80, 0x7F, 0x7B, 0x7B, 0x7E, 0x85, 0x85, 0x86, 0x83, 0x84, 0x84, 0x84, 0x85, 0x8A, 0x8D, 0x8C, 0x8A, 0x8B,
  0x8E, 0x8F, 0x8C, 0x8F, 0x93, 0x93, 0x8C, 0x85, 0x83, 0x84, 0x83, 0x7D, 0x7D, 0x7F, 0x83, 0x7F, 0x7C, 0x7C, 0x7E, 0x7D, 0x78, 0x78, 0x78, 0x79, 0x7D, 0x7E, 0x82, 0x82, 0x81, 0x81, 0x7F, 0x7C,
  0x7E, 0x7F, 0x82, 0x84, 0x84, 0x84, 0x87, 0x86, 0x80, 0x80, 0x85, 0x89, 0x85, 0x84, 0x80, 0x7E, 0x7F, 0x7F, 0x7F, 0x7E, 0x7B, 0x7A, 0x7B, 0x7C, 0x7E, 0x7E, 0x7E, 0x78, 0x77, 0x77, 0x7A, 0x7C,
  0x7E, 0x7D, 0x7C, 0x7C, 0x7E, 0x7E, 0x7F, 0x81, 0x83, 0x81, 0x7A, 0x77, 0x7C, 0x7D, 0x7E, 0x7F, 0x7C, 0x7D, 0x7F, 0x7E, 0x7F, 0x7F, 0x80, 0x7D, 0x77, 0x76, 0x73, 0x74, 0x77, 0x77, 0x74, 0x74,
  0x77, 0x77, 0x74, 0x74, 0x71, 0x71, 0x71, 0x73, 0x7B, 0x7C, 0x7E, 0x7E, 0x80, 0x80, 0x82, 0x82, 0x7E, 0x7E, 0x7F, 0x81, 0x7C, 0x7C, 0x7C, 0x7F, 0x7B, 0x7A, 0x78, 0x80, 0x89, 0x88, 0x7F, 0x7E,
  0x82, 0x82, 0x82, 0x82, 0x86, 0x86, 0x87, 0x8A, 0x8B, 0x8A, 0x86, 0x85, 0x87, 0x87, 0x87, 0x88, 0x8D, 0x8D, 0x8C, 0x86, 0x82, 0x81, 0x80, 0x80, 0x7A, 0x7A, 0x7B, 0x7E, 0x7F, 0x7F, 0x81, 0x81,
  0x7C, 0x7B, 0x79, 0x7B, 0x80, 0x80, 0x7E, 0x7E, 0x82, 0x83, 0x86, 0x89, 0x8A, 0x8A, 0x8D, 0x8D, 0x8A, 0x8A, 0x8A, 0x8C, 0x86, 0x85, 0x86, 0x87, 0x87, 0x87, 0x88, 0x8A, 0x87, 0x87, 0x83, 0x84,
  0x88, 0x87, 0x86, 0x86, 0x8B, 0x8A, 0x8C, 0x8B, 0x88, 0x88, 0x86, 0x87, 0x82, 0x82, 0x7F, 0x80, 0x7C, 0x7C, 0x7B, 0x79, 0x76, 0x76, 0x7A, 0x7A, 0x7C, 0x7C, 0x80, 0x83, 0x86, 0x86, 0x84, 0x84,
  0x80, 0x80, 0x81, 0x82, 0x7E, 0x7E, 0x7E, 0x81, 0x83, 0x83, 0x81, 0x7F, 0x79, 0x79, 0x7A, 0x7F, 0x81, 0x81, 0x80, 0x7E, 0x87, 0x87, 0x89, 0x88, 0x85, 0x84, 0x83, 0x83, 0x7E, 0x7E, 0x7D, 0x7D,
  0x7C, 0x7C, 0x7B, 0x78, 0x79, 0x79, 0x7B, 0x7A, 0x76, 0x76, 0x77, 0x76, 0x76, 0x75, 0x78, 0x7A, 0x75, 0x75, 0x74, 0x75, 0x78, 0x79, 0x7B, 0x7E, 0x80, 0x80, 0x80, 0x7E, 0x7D, 0x7D, 0x7B, 0x7E,
  0x7C, 0x7C, 0x7C, 0x7F, 0x80, 0x80, 0x7C, 0x7C, 0x79, 0x79, 0x77, 0x78, 0x82, 0x82, 0x7F, 0x7E, 0x83, 0x85, 0x88, 0x8B, 0x89, 0x89, 0x85, 0x84, 0x87, 0x87, 0x88, 0x87, 0x80, 0x80, 0x81, 0x84,
  0x81, 0x80, 0x7B, 0x77, 0x75, 0x75, 0x78, 0x7A, 0x7E, 0x7F, 0x80, 0x7F, 0x7C, 0x7C, 0x7B, 0x7C, 0x81, 0x81, 0x81, 0x80, 0x81, 0x81, 0x83, 0x81, 0x80, 0x80, 0x7E, 0x7C, 0x80, 0x81, 0x84, 0x83,
  0x85, 0x86, 0x85, 0x85, 0x81, 0x82, 0x84, 0x84, 0x83, 0x83, 0x85, 0x82, 0x7E, 0x7F, 0x83, 0x83, 0x7F, 0x7F, 0x7C, 0x7C, 0x82, 0x82, 0x81, 0x80, 0x81, 0x80, 0x80, 0x82, 0x86, 0x86, 0x86, 0x8A,
  0x8D, 0x8D, 0x92, 0x93, 0x8A, 0x89, 0x87, 0x85, 0x80, 0x80, 0x81, 0x82, 0x80, 0x80, 0x81, 0x86, 0x84, 0x84, 0x82, 0x82, 0x83, 0x83, 0x81, 0x7F, 0x7D, 0x7C, 0x7B, 0x7B, 0x7C, 0x7D, 0x80, 0x84,
  0x84, 0x83, 0x7F, 0x7D, 0x78, 0x78, 0x7B, 0x81, 0x82, 0x83, 0x80, 0x7F, 0x7D, 0x7D, 0x7F, 0x7B, 0x79, 0x78, 0x7A, 0x7F, 0x85, 0x86, 0x82, 0x81, 0x81, 0x82, 0x80, 0x7F, 0x87, 0x88, 0x89, 0x88,
  0x85, 0x85, 0x82, 0x7E, 0x79, 0x79, 0x7B, 0x7B, 0x82, 0x82, 0x86, 0x84, 0x83, 0x84, 0x85, 0x86, 0x89, 0x89, 0x88, 0x84, 0x81, 0x81, 0x84, 0x80, 0x77, 0x76, 0x72, 0x6F, 0x75, 0x75, 0x77, 0x77,
  0x76, 0x76, 0x77, 0x7B, 0x77, 0x77, 0x77, 0x7A, 0x7A, 0x7A, 0x7E, 0x82, 0x87, 0x87, 0x83, 0x7F, 0x82, 0x83, 0x84, 0x83, 0x86, 0x86, 0x86, 0x87, 0x88, 0x88, 0x84, 0x84, 0x81, 0x80, 0x7D, 0x7B,
  0x79, 0x78, 0x77, 0x79, 0x7C, 0x7C, 0x7A, 0x79, 0x79, 0x79, 0x77, 0x74, 0x78, 0x79, 0x7E, 0x80, 0x82, 0x82, 0x81, 0x81, 0x80, 0x7F, 0x7E, 0x83, 0x81, 0x82, 0x83, 0x87, 0x8A, 0x8A, 0x89, 0x8B,
  0x89, 0x88, 0x85, 0x81, 0x81, 0x81, 0x82, 0x83, 0x85, 0x85, 0x86, 0x87, 0x84, 0x83, 0x84, 0x89, 0x86, 0x86, 0x85, 0x87, 0x86, 0x87, 0x88, 0x88, 0x88, 0x87, 0x85, 0x7F, 0x7C, 0x7C, 0x7C, 0x7D,
  0x7D, 0x7D, 0x7B, 0x7D, 0x78, 0x79, 0x77, 0x76, 0x71, 0x71, 0x73, 0x75, 0x7B, 0x7B, 0x7F, 0x7F, 0x80, 0x80, 0x83, 0x81, 0x7F, 0x7F, 0x84, 0x86, 0x8A, 0x8B, 0x8C, 0x8F, 0x90, 0x90, 0x8E, 0x8B,
  0x8C, 0x8C, 0x8A, 0x89, 0x88, 0x88, 0x87, 0x85, 0x80, 0x80, 0x80, 0x81, 0x80, 0x81, 0x82, 0x86, 0x83, 0x82, 0x82, 0x82, 0x81, 0x81, 0x7F, 0x7D, 0x76, 0x76, 0x75, 0x7A, 0x7D, 0x7D, 0x80, 0x83,
  0x82, 0x81, 0x7D, 0x7A, 0x7C, 0x7C, 0x7D, 0x7D, 0x83, 0x83, 0x83, 0x83, 0x82, 0x83, 0x85, 0x80, 0x7B, 0x7B, 0x80, 0x80, 0x82, 0x82, 0x86, 0x86, 0x7E, 0x7D, 0x7A, 0x7A, 0x7A, 0x7A, 0x7B, 0x79,
  0x7C, 0x7C, 0x80, 0x81, 0x81, 0x81, 0x83, 0x85, 0x7F, 0x7E, 0x7E, 0x80, 0x7E, 0x7E, 0x7C, 0x79, 0x7A, 0x7A, 0x7B, 0x7A, 0x79, 0x79, 0x7A, 0x79, 0x7A, 0x7A, 0x7E, 0x7F, 0x7F, 0x7F, 0x7E, 0x7E,
  0x82, 0x82, 0x82, 0x82, 0x80, 0x80, 0x81, 0x85, 0x87, 0x87, 0x84, 0x82, 0x7F, 0x7E, 0x79, 0x7A, 0x82, 0x83, 0x83, 0x84, 0x7E, 0x7E, 0x80, 0x82, 0x7F, 0x7E, 0x80, 0x7D, 0x75, 0x74, 0x73, 0x77,
  0x7C, 0x7C, 0x78, 0x76, 0x77, 0x77, 0x78, 0x78, 0x7A, 0x79, 0x7A, 0x7E, 0x81, 0x81, 0x80, 0x7F, 0x80, 0x80, 0x82, 0x81, 0x87, 0x87, 0x84, 0x83, 0x7D, 0x7D, 0x7D, 0x80, 0x82, 0x82, 0x81, 0x82,
  0x82, 0x81, 0x80, 0x80, 0x83, 0x84, 0x86, 0x83, 0x7F, 0x80, 0x81, 0x82, 0x82, 0x82, 0x88, 0x8A, 0x8A, 0x8A, 0x8A, 0x87, 0x80, 0x7F, 0x80, 0x7F, 0x80, 0x7F, 0x82, 0x84, 0x86, 0x86, 0x84, 0x85,
  0x7B, 0x7B, 0x7B, 0x7E, 0x80, 0x81, 0x85, 0x88, 0x88, 0x88, 0x89, 0x8A, 0x87, 0x86, 0x82, 0x85, 0x88, 0x89, 0x8A, 0x8B, 0x89, 0x88, 0x86, 0x84, 0x86, 0x86, 0x87, 0x89, 0x88, 0x88, 0x88, 0x86,
  0x81, 0x81, 0x84, 0x82, 0x7A, 0x7A, 0x7B, 0x7D, 0x7F, 0x7F, 0x7F, 0x7E, 0x7E, 0x7E, 0x7E, 0x7C, 0x7F, 0x7F, 0x81, 0x81, 0x87, 0x88, 0x88, 0x86, 0x82, 0x82, 0x81, 0x7E, 0x7E, 0x7E, 0x7E, 0x7E,
  0x7C, 0x7C, 0x7D, 0x7B, 0x7D, 0x7C, 0x7B, 0x7C, 0x7F, 0x7F, 0x7F, 0x84, 0x85, 0x85, 0x81, 0x83, 0x86, 0x86, 0x81, 0x7F, 0x7D, 0x7D, 0x7E, 0x80, 0x7E, 0x7D, 0x79, 0x76, 0x76, 0x76, 0x76, 0x77,
  0x76, 0x75, 0x75, 0x76, 0x78, 0x78, 0x7B, 0x7C, 0x7C, 0x7C, 0x7D, 0x81, 0x82, 0x83, 0x84, 0x83, 0x81, 0x81, 0x81, 0x82, 0x85, 0x85, 0x82, 0x80, 0x80, 0x80, 0x80, 0x83, 0x84, 0x84, 0x81, 0x7E,
  0x7D, 0x7D, 0x7D, 0x7B, 0x77, 0x76, 0x74, 0x76, 0x81, 0x81, 0x81, 0x80, 0x7E, 0x7E, 0x7C, 0x7C, 0x7F, 0x7F, 0x7A, 0x78, 0x7A, 0x7B, 0x7B, 0x7E, 0x7C, 0x7D, 0x7E, 0x80, 0x82, 0x82, 0x83, 0x84,
  0x85, 0x85, 0x86, 0x8B, 0x89, 0x89, 0x86, 0x83, 0x83, 0x83, 0x83, 0x80, 0x80, 0x80, 0x81, 0x84, 0x88, 0x87, 0x84, 0x81, 0x7E, 0x7D, 0x7D, 0x81, 0x7D, 0x7C, 0x7D, 0x7F, 0x7E, 0x7E, 0x7F, 0x7F,
  0x7C, 0x7B, 0x7B, 0x7B, 0x80, 0x81, 0x80, 0x81, 0x81, 0x81, 0x7F, 0x7F, 0x81, 0x80, 0x7F, 0x7F, 0x7F, 0x7F, 0x7F, 0x81, 0x80, 0x80, 0x7F, 0x7D, 0x7F, 0x7F, 0x81, 0x82, 0x85, 0x85, 0x87, 0x87,
  0x88, 0x88, 0x87, 0x84, 0x7F, 0x80, 0x82, 0x84, 0x84, 0x85, 0x85, 0x84, 0x84, 0x85, 0x87, 0x88, 0x86, 0x85, 0x83, 0x81, 0x82, 0x82, 0x83, 0x83, 0x85, 0x85, 0x85, 0x86, 0x83, 0x82, 0x7D, 0x7D,
  0x7F, 0x7F, 0x7F, 0x81, 0x7E, 0x7E, 0x7D, 0x7D, 0x7E, 0x7E, 0x80, 0x82, 0x85, 0x85, 0x83, 0x81, 0x7E, 0x7F, 0x7F, 0x7E, 0x7F, 0x7F, 0x7F, 0x82, 0x84, 0x84, 0x82, 0x80, 0x7C, 0x7C, 0x7A, 0x79,
  0x7C, 0x7D, 0x80, 0x80, 0x83, 0x83, 0x82, 0x7F, 0x80, 0x7F, 0x7F, 0x7F, 0x81, 0x81, 0x7F, 0x7F, 0x7F, 0x7F, 0x7F, 0x7D, 0x7D, 0x7E, 0x80, 0x81, 0x81, 0x81, 0x7F, 0x7D, 0x82, 0x83, 0x84, 0x83,
  0x80, 0x80, 0x7F, 0x7F, 0x82, 0x83, 0x85, 0x83, 0x83, 0x83, 0x85, 0x82, 0x81, 0x81, 0x83, 0x84, 0x80, 0x80, 0x7F, 0x81, 0x7F, 0x7F, 0x7F, 0x7D, 0x78, 0x78, 0x79, 0x7A, 0x79, 0x7A, 0x7B, 0x7D,
  0x7D, 0x7E, 0x7F, 0x7D, 0x7F, 0x80, 0x82, 0x81, 0x81, 0x81, 0x80, 0x7F, 0x83, 0x82, 0x80, 0x7E, 0x7F, 0x7F, 0x82, 0x84, 0x82, 0x82, 0x85, 0x85, 0x81, 0x81, 0x85, 0x84, 0x83, 0x82, 0x83, 0x83,
  0x81, 0x81, 0x81, 0x83, 0x83, 0x83, 0x83, 0x81, 0x7D, 0x7D, 0x7A, 0x79, 0x79, 0x79, 0x79, 0x7B, 0x7F, 0x7F, 0x80, 0x82, 0x84, 0x84, 0x83, 0x7F, 0x7C, 0x7C, 0x7C, 0x7E, 0x83, 0x83, 0x80, 0x7F,
  0x7C, 0x7B, 0x77, 0x79, 0x7C, 0x7C, 0x7E, 0x82, 0x82, 0x81, 0x80, 0x81, 0x86, 0x86, 0x84, 0x7F, 0x80, 0x81, 0x85, 0x85, 0x85, 0x85, 0x85, 0x83, 0x80, 0x80, 0x81, 0x82, 0x84, 0x85, 0x86, 0x85,
  0x81, 0x81, 0x82, 0x82, 0x7F, 0x7F, 0x80, 0x82, 0x80, 0x7F, 0x7B, 0x78, 0x77, 0x77, 0x7B, 0x82, 0x80, 0x80, 0x82, 0x84, 0x83, 0x83, 0x80, 0x84, 0x84, 0x85, 0x89, 0x88, 0x83, 0x81, 0x83, 0x7E,
  0x7F, 0x7D, 0x7C, 0x7F, 0x80, 0x80, 0x80, 0x81, 0x7C, 0x7C, 0x7D, 0x7C, 0x7A, 0x7A, 0x81, 0x81, 0x7F, 0x7F, 0x83, 0x85, 0x85, 0x84, 0x84, 0x83, 0x82, 0x83, 0x80, 0x82, 0x7F, 0x7E, 0x82, 0x8D,
  0x86, 0x84, 0x7D, 0x84, 0x88, 0x87, 0x7D, 0x88, 0x88, 0x86, 0x72, 0x81, 0x82, 0x83, 0x74, 0x7D, 0x7A, 0x7C, 0x7E, 0x72, 0x6B, 0x6A, 0x84, 0x7D, 0x7B, 0x74, 0x7F, 0x84, 0x7E, 0x7F, 0x82, 0x82,
  0x7E, 0x84, 0x8F, 0x87, 0x7B, 0x7E, 0x94, 0x7F, 0x83, 0x84, 0x92, 0x8C, 0x8A, 0x8C, 0x8C, 0x84, 0x7F, 0x82, 0x7B, 0x7F, 0x7A, 0x7D, 0x82, 0x7F, 0x7E, 0x80, 0x81, 0x80, 0x7A, 0x7A, 0x7B, 0x7D,
  0x7D, 0x7B, 0x75, 0x7C, 0x80, 0x7F, 0x76, 0x7A, 0x7C, 0x7C, 0x7A, 0x88, 0x8F, 0x8E, 0x83, 0x7F, 0x7E, 0x7D, 0x74, 0x72, 0x7B, 0x7C, 0x80, 0x79, 0x79, 0x77, 0x79, 0x72, 0x77, 0x75, 0x7C, 0x7C,
  0x78, 0x77, 0x80, 0x81, 0x82, 0x7F, 0x7C, 0x82, 0x89, 0x8A, 0x82, 0x81, 0x75, 0x79, 0x7D, 0x7E, 0x77, 0x78, 0x7F, 0x7F, 0x83, 0x83, 0x83, 0x86, 0x83, 0x84, 0x7C, 0x86, 0x80, 0x82, 0x7B, 0x83,
  0x83, 0x83, 0x80, 0x7D, 0x82, 0x82, 0x89, 0x86, 0x83, 0x80, 0x80, 0x87, 0x84, 0x84, 0x7E, 0x82, 0x7F, 0x7F, 0x82, 0x80, 0x7D, 0x7D, 0x7E, 0x84, 0x7F, 0x80, 0x7A, 0x80, 0x7D, 0x80, 0x80, 0x81,
  0x81, 0x82, 0x89, 0x86, 0x88, 0x88, 0x89, 0x8A, 0x88, 0x88, 0x85, 0x82, 0x86, 0x86, 0x86, 0x88, 0x8D, 0x8D, 0x89, 0x84, 0x84, 0x85, 0x83, 0x82, 0x89, 0x88, 0x87, 0x85, 0x86, 0x85, 0x83, 0x82,
  0x83, 0x82, 0x80, 0x7C, 0x7E, 0x7E, 0x7E, 0x7E, 0x7E, 0x7F, 0x7F, 0x7D, 0x7B, 0x7C, 0x7D, 0x7A, 0x79, 0x7A, 0x82, 0x82, 0x81, 0x80, 0x7F, 0x85, 0x80, 0x81, 0x7D, 0x7E, 0x7F, 0x81, 0x85, 0x84,
  0x83, 0x82, 0x84, 0x82, 0x85, 0x84, 0x84, 0x84, 0x81, 0x80, 0x83, 0x86, 0x87, 0x86, 0x85, 0x84, 0x81, 0x81, 0x81, 0x81, 0x83, 0x83, 0x80, 0x7B, 0x7C, 0x7C, 0x7B, 0x7C, 0x7D, 0x7C, 0x79, 0x7D,
  0x80, 0x80, 0x7E, 0x80, 0x82, 0x82, 0x81, 0x80, 0x7E, 0x7F, 0x7E, 0x7C, 0x7C, 0x7D, 0x80, 0x80, 0x80, 0x7F, 0x7C, 0x7A, 0x7C, 0x7D, 0x7C, 0x7F, 0x7C, 0x7B, 0x7B, 0x7C, 0x83, 0x84, 0x87, 0x84,
  0x7C, 0x7B, 0x7B, 0x7C, 0x7A, 0x7B, 0x78, 0x7D, 0x7B, 0x7B, 0x7B, 0x7B, 0x80, 0x80, 0x7F, 0x7E, 0x7E, 0x7D, 0x7D, 0x79, 0x76, 0x76, 0x7A, 0x7E, 0x7E, 0x7E, 0x7F, 0x80, 0x82, 0x83, 0x8A, 0x89,
  0x83, 0x81, 0x84, 0x84, 0x88, 0x89, 0x8B, 0x8C, 0x89, 0x89, 0x86, 0x81, 0x86, 0x85, 0x86, 0x87, 0x87, 0x8B, 0x9E, 0x7D, 0x6F, 0x64, 0x88, 0x8D, 0x77, 0x72, 0x70, 0x93, 0x5D, 0x60, 0x49, 0x81,
  0x65, 0x6E, 0x83, 0x91, 0xA5, 0xA2, 0xC1, 0xB4, 0xB0, 0xA4, 0x9D, 0x6A, 0x4F, 0x43, 0x3B, 0x42, 0x4D, 0x4C, 0x6A, 0x91, 0xB5, 0xB4, 0xA8, 0x3C, 0xB1, 0xB4, 0x93, 0x69, 0x52, 0x4A, 0x53, 0xC1,
  0x58, 0x55, 0x56, 0x7F, 0x93, 0x9F, 0x8B, 0xA0, 0xB6, 0xBE, 0x98, 0x8D, 0x74, 0x7D, 0x95, 0x66, 0x71, 0x71, 0xA2, 0x75, 0x5D, 0x55, 0x8A, 0x7B, 0x74, 0x70, 0x91, 0xA0, 0x81, 0x80, 0x95, 0x69,
  0x62, 0x59, 0xAB, 0x56, 0x68, 0x50, 0x6B, 0x7D, 0xAA, 0xA6, 0x85, 0xA2, 0x88, 0x8D, 0x65, 0x8B, 0x94, 0xA0, 0x8C, 0x9A, 0x68, 0x65, 0x56, 0x49, 0x62, 0x64, 0x82, 0x66, 0x96, 0x8F, 0x9E, 0xA9,
  0xBF, 0xBB, 0xA1, 0xAD, 0xA2, 0x9E, 0x75, 0x70, 0x51, 0x58, 0x64, 0x71, 0x6C, 0x70, 0x7A, 0x8B, 0x72, 0x77, 0x87, 0x80, 0x6E, 0x68, 0x75, 0x79, 0x8C, 0x85, 0x8C, 0x88, 0x8E, 0x92, 0x72, 0x71,
  0x5B, 0x5B, 0x64, 0x69, 0x74, 0x6F, 0x7B, 0x69, 0x99, 0x96, 0xB4, 0xB6, 0xAD, 0xA7, 0x9A, 0x8F, 0x86, 0x82, 0x75, 0x72, 0x70, 0x71, 0x66, 0x53, 0x6A, 0x6F, 0x7C, 0x77, 0x8C, 0x8A, 0x84, 0x88,
  0x8F, 0x92, 0x99, 0x97, 0x77, 0x76, 0x71, 0x6A, 0x5D, 0x5D, 0x5C, 0x6A, 0x7D, 0x80, 0x91, 0x88, 0x7E, 0x80, 0x86, 0xA0, 0xA3, 0xA1, 0x9D, 0xA3, 0x95, 0x92, 0x7E, 0x7F, 0x7C, 0x7A, 0x79, 0x7A,
  0x85, 0x80, 0x7B, 0x75, 0x72, 0x76, 0x7F, 0x84, 0x7B, 0x7A, 0x83, 0x93, 0x9A, 0x9D, 0x9C, 0x8D, 0x79, 0x74, 0x7C, 0x6F, 0x4C, 0x45, 0x4A, 0x53, 0x68, 0x6B, 0x70, 0x78, 0x95, 0x99, 0xA2, 0x98,
  0xAE, 0xAE, 0xB4, 0xA5, 0xA7, 0xA5, 0x9B, 0xA3, 0x93, 0x93, 0x9A, 0x86, 0x78, 0x75, 0x79, 0x7A, 0x5C, 0x5A, 0x53, 0x42, 0xC4, 0x3B, 0x58, 0x64, 0x76, 0x73, 0x70, 0x77, 0x67, 0x6A, 0x7A, 0x94,
  0x8A, 0x8A, 0x8B, 0x7F, 0x81, 0x80, 0x90, 0x8A, 0x99, 0x96, 0x9A, 0xA2, 0x9A, 0x97, 0x8E, 0x8F, 0x7F, 0x7E, 0x6D, 0x70, 0x7C, 0x7D, 0x7B, 0x6A, 0x64, 0x62, 0x69, 0x74, 0x8C, 0x91, 0x97, 0x90,
  0x9A, 0x9A, 0x9D, 0x95, 0x8E, 0x91, 0x8F, 0x8C, 0x8C, 0x8B, 0x90, 0x88, 0x8E, 0x8F, 0x86, 0x7D, 0x71, 0x71, 0x70, 0x64, 0x5D, 0x5A, 0x5E, 0x6B, 0x7E, 0x80, 0x7C, 0x90, 0x91, 0x94, 0x9E, 0x9B,
  0x9A, 0x96, 0x96, 0x81, 0x65, 0x5B, 0x56, 0x5E, 0x72, 0x6C, 0x5A, 0x9C, 0x79, 0x80, 0x66, 0x66, 0x72, 0x80, 0x81, 0x73, 0x87, 0x91, 0x8E, 0x5D, 0x62, 0x55, 0x98, 0x83, 0xB9, 0xB2, 0x84, 0xBC,
  0xBE, 0xC3, 0xAC, 0xA4, 0x77, 0x7D, 0x96, 0x45, 0x6C, 0x5C, 0x85, 0x83, 0x6F, 0x76, 0x56, 0x89, 0x98, 0xA9, 0x9E, 0x89, 0x74, 0x88, 0xA8, 0x7D, 0x5E, 0x57, 0x77, 0x94, 0x85, 0x8F, 0x6D, 0x7F,
  0x4B, 0x51, 0x7E, 0x64, 0x5D, 0x57, 0x7C, 0x98, 0x82, 0x75, 0x85, 0x80, 0x92, 0x7D, 0x98, 0xA5, 0x8D, 0x7C, 0x6A, 0x65, 0x4F, 0x45, 0x55, 0x45, 0x68, 0x5B, 0x6A, 0x72, 0x9D, 0xA0, 0x88, 0x99,
  0x8F, 0x9D, 0x66, 0x4D, 0x70, 0x87, 0x9D, 0x66, 0x87, 0x87, 0x93, 0x62, 0x80, 0x7F, 0x8C, 0x78, 0x7F, 0x7B, 0x81, 0x63, 0x8B, 0x8B, 0xA4, 0x8A, 0xA0, 0x95, 0x9B, 0x98, 0x86, 0x86, 0x89, 0x7A,
  0x69, 0x5F, 0x66, 0x92, 0x7A, 0x81, 0x59, 0x9D, 0x93, 0xA8, 0x90, 0xB0, 0x81, 0x8A, 0x90, 0x8C, 0x82, 0x82, 0x62, 0x6F, 0x59, 0x59, 0x3A, 0x66, 0x7C, 0x8A, 0x6F, 0x6A, 0x57, 0x51, 0x6A, 0x4C,
  0x8E, 0x83, 0x97, 0xAA, 0x3D, 0x3B, 0xB2, 0xAB, 0xAC, 0xA2, 0x84, 0x76, 0x9D, 0x98, 0xAF, 0xA4, 0x78, 0x6A, 0x68, 0x94, 0x81, 0x7D, 0x60, 0x4B, 0x47, 0x45, 0x6C, 0x65, 0x90, 0x8C, 0x9E, 0x91,
  0x91, 0x8F, 0x96, 0x7A, 0x79, 0x75, 0x96, 0x9B, 0x96, 0x8D, 0x82, 0xA6, 0x88, 0x8C, 0x7B, 0x7E, 0x7F, 0x7F, 0x7F, 0x80, 0x63, 0x66, 0x68, 0x7B, 0x6A, 0x63, 0x67, 0xA0, 0x83, 0x81, 0x88, 0x8D,
};

const uint8_t snd_door_open1[] = {
  0x80, 0x80, 0x80, 0x80, 0x80, 0x80, 0x7C, 0x7C, 0x7C, 0x79, 0x79, 0x78, 0x75, 0x73, 0x72, 0x73, 0x77, 0x7A, 0x83, 0x84, 0x81, 0x7F, 0x7D, 0x7D, 0x7E, 0x81, 0x80, 0x7F, 0x7D, 0x7C, 0x83, 0x84,
  0x86, 0x82, 0x7C, 0x7B, 0x7A, 0x7A, 0x7C, 0x7C, 0x7C, 0x79, 0x76, 0x76, 0x7A, 0x7B, 0x75, 0x74, 0x70, 0x6F, 0x70, 0x70, 0x71, 0x78, 0x7C, 0x7D, 0x7F, 0x80, 0x7D, 0x7D, 0x7B, 0x75, 0x72, 0x73,
  0x7A, 0x80, 0x7F, 0x7F, 0x7E, 0x80, 0x85, 0x85, 0x7F, 0x76, 0x72, 0x73, 0x78, 0x79, 0x7D, 0x7D, 0x80, 0x80, 0x82, 0x82, 0x7E, 0x7C, 0x7B, 0x7C, 0x7D, 0x80, 0x82, 0x83, 0x87, 0x88, 0x84, 0x83,
  0x82, 0x7E, 0x76, 0x75, 0x74, 0x79, 0x81, 0x82, 0x80, 0x7F, 0x80, 0x81, 0x86, 0x85, 0x80, 0x7F, 0x7D, 0x7E, 0x80, 0x81, 0x82, 0x85, 0x80, 0x7F, 0x7D, 0x7A, 0x7A, 0x7A, 0x79, 0x7A, 0x80, 0x81,
  0x80, 0x7D, 0x7B, 0x7B, 0x7A, 0x77, 0x73, 0x73, 0x74, 0x77, 0x7D, 0x7D, 0x7C, 0x7F, 0x81, 0x82, 0x80, 0x7D, 0x79, 0x79, 0x7A, 0x7B, 0x7A, 0x79, 0x78, 0x7C, 0x82, 0x82, 0x7E, 0x7A, 0x76, 0x76,
  0x79, 0x79, 0x7B, 0x7A, 0x78, 0x78, 0x7F, 0x7F, 0x81, 0x84, 0x79, 0x78, 0x72, 0x72, 0x77, 0x78, 0x7C, 0x7F, 0x85, 0x86, 0x89, 0x89, 0x87, 0x85, 0x82, 0x81, 0x85, 0x85, 0x84, 0x86, 0x88, 0x89,
  0x8F, 0x8D, 0x8A, 0x89, 0x84, 0x80, 0x7F, 0x7F, 0x7E, 0x7D, 0x7A, 0x7A, 0x7A, 0x7C, 0x80, 0x80, 0x7E, 0x7B, 0x77, 0x77, 0x78, 0x79, 0x7C, 0x7C, 0x7E, 0x7C, 0x7C, 0x7C, 0x7A, 0x79, 0x79, 0x79,
  0x78, 0x79, 0x79, 0x79, 0x7B, 0x7A, 0x7B, 0x7B, 0x7B, 0x7A, 0x7A, 0x7A, 0x7B, 0x7F, 0x81, 0x82, 0x84, 0x86, 0x87, 0x87, 0x85, 0x82, 0x80, 0x80, 0x7F, 0x7E, 0x81, 0x83, 0x87, 0x8A, 0x88, 0x87,
  0x84, 0x80, 0x80, 0x81, 0x81, 0x82, 0x81, 0x82, 0x83, 0x86, 0x8B, 0x8C, 0x8D, 0x86, 0x7F, 0x7E, 0x7E, 0x7F, 0x7F, 0x80, 0x83, 0x85, 0x87, 0x87, 0x86, 0x85, 0x82, 0x81, 0x7D, 0x78, 0x7A, 0x7A,
  0x7E, 0x7F, 0x7B, 0x7B, 0x7B, 0x7F, 0x80, 0x7F, 0x7B, 0x7B, 0x80, 0x80, 0x83, 0x85, 0x82, 0x81, 0x81, 0x84, 0x84, 0x84, 0x84, 0x80, 0x7C, 0x7B, 0x7B, 0x7D, 0x83, 0x82, 0x81, 0x80, 0x84, 0x85,
  0x87, 0x84, 0x7C, 0x7C, 0x7F, 0x81, 0x82, 0x82, 0x81, 0x81, 0x81, 0x81, 0x81, 0x82, 0x82, 0x82, 0x82, 0x7E, 0x81, 0x81, 0x81, 0x7F, 0x7F, 0x80, 0x82, 0x84, 0x7D, 0x7D, 0x7B, 0x7A, 0x81, 0x81,
  0x7F, 0x7F, 0x80, 0x81, 0x81, 0x83, 0x7E, 0x7E, 0x79, 0x76, 0x7E, 0x7F, 0x7E, 0x7E, 0x7B, 0x7A, 0x7A, 0x7B, 0x7B, 0x7C, 0x7C, 0x7A, 0x80, 0x81, 0x87, 0x8D, 0x8B, 0x8B, 0x88, 0x84, 0x7E, 0x7E,
  0x7D, 0x7E, 0x83, 0x84, 0x87, 0x87, 0x83, 0x83, 0x84, 0x83, 0x7B, 0x7B, 0x75, 0x6F, 0x73, 0x74, 0x79, 0x79, 0x79, 0x79, 0x7D, 0x7E, 0x80, 0x7F, 0x7D, 0x79, 0x7A, 0x7A, 0x7D, 0x84, 0x84, 0x85,
  0x86, 0x86, 0x8B, 0x8B, 0x8A, 0x84, 0x7E, 0x7E, 0x82, 0x86, 0x85, 0x83, 0x80, 0x82, 0x8C, 0x8D, 0x8C, 0x83, 0x7C, 0x7B, 0x7A, 0x7A, 0x7D, 0x7C, 0x7C, 0x7E, 0x7E, 0x7F, 0x81, 0x81, 0x81, 0x81,
  0x80, 0x80, 0x7F, 0x7F, 0x7C, 0x7A, 0x7F, 0x80, 0x83, 0x84, 0x82, 0x81, 0x7F, 0x7F, 0x7E, 0x7D, 0x7D, 0x7C, 0x7C, 0x7C, 0x7D, 0x82, 0x82, 0x81, 0x7C, 0x7A, 0x7C, 0x7D, 0x7F, 0x80, 0x7D, 0x7E,
  0x7F, 0x83, 0x83, 0x82, 0x7F, 0x7D, 0x81, 0x82, 0x81, 0x7F, 0x7E, 0x7E, 0x81, 0x80, 0x80, 0x80, 0x80, 0x82, 0x7D, 0x7C, 0x79, 0x7C, 0x7F, 0x7F, 0x7D, 0x7C, 0x83, 0x84, 0x8A, 0x8C, 0x89, 0x89,
  0x88, 0x84, 0x7F, 0x7F, 0x87, 0x8C, 0x89, 0x88, 0x85, 0x82, 0x86, 0x85, 0x83, 0x82, 0x7A, 0x7A, 0x78, 0x7D, 0x7F, 0x80, 0x82, 0x81, 0x87, 0x86, 0x86, 0x85, 0x82, 0x82, 0x7F, 0x7E, 0x7B, 0x7C,
  0x7D, 0x7F, 0x82, 0x82, 0x85, 0x85, 0x7B, 0x7A, 0x77, 0x74, 0x76, 0x76, 0x75, 0x76, 0x77, 0x78, 0x7D, 0x83, 0x86, 0x87, 0x89, 0x89, 0x83, 0x82, 0x83, 0x83, 0x84, 0x83, 0x84, 0x87, 0x84, 0x84,
  0x82, 0x84, 0x87, 0x88, 0x89, 0x87, 0x83, 0x82, 0x85, 0x88, 0x82, 0x80, 0x7B, 0x78, 0x76, 0x76, 0x75, 0x78, 0x78, 0x77, 0x74, 0x73, 0x7E, 0x7F, 0x84, 0x85, 0x85, 0x86, 0x84, 0x82, 0x82, 0x82,
  0x85, 0x89, 0x8A, 0x8A, 0x87, 0x88, 0x86, 0x85, 0x81, 0x7D, 0x7C, 0x7C, 0x7E, 0x7C, 0x77, 0x77, 0x76, 0x75, 0x77, 0x76, 0x75, 0x7A, 0x83, 0x85, 0x84, 0x82, 0x7C, 0x7B, 0x7B, 0x7C, 0x7F, 0x7E,
  0x7F, 0x84, 0x89, 0x8A, 0x8C, 0x89, 0x88, 0x87, 0x84, 0x85, 0x88, 0x87, 0x83, 0x7D, 0x75, 0x75, 0x75, 0x75, 0x7F, 0x80, 0x83, 0x86, 0x84, 0x84, 0x82, 0x7F, 0x7A, 0x7A, 0x7A, 0x7A, 0x7D, 0x7D,
  0x7F, 0x7E, 0x7E, 0x7D, 0x81, 0x85, 0x84, 0x84, 0x85, 0x85, 0x84, 0x84, 0x83, 0x82, 0x81, 0x80, 0x7E, 0x82, 0x86, 0x87, 0x8B, 0x8D, 0x81, 0x80, 0x7E, 0x7C, 0x85, 0x84, 0x84, 0x81, 0x7C, 0x7B,
  0x7C, 0x7E, 0x76, 0x75, 0x73, 0x75, 0x77, 0x77, 0x74, 0x72, 0x75, 0x75, 0x77, 0x7C, 0x82, 0x83, 0x87, 0x87, 0x86, 0x87, 0x85, 0x7F, 0x7D, 0x7C, 0x7C, 0x7E, 0x85, 0x85, 0x82, 0x7F, 0x7A, 0x7A,
  0x78, 0x77, 0x78, 0x78, 0x7B, 0x7F, 0x82, 0x82, 0x80, 0x7E, 0x7D, 0x7D, 0x7D, 0x7F, 0x85, 0x85, 0x85, 0x84, 0x88, 0x88, 0x88, 0x85, 0x7E, 0x7D, 0x7D, 0x82, 0x8B, 0x8D, 0x90, 0x8B, 0x85, 0x85,
  0x87, 0x8A, 0x8B, 0x8B, 0x86, 0x81, 0x81, 0x82, 0x86, 0x86, 0x84, 0x84, 0x85, 0x86, 0x84, 0x84, 0x81, 0x7D, 0x76, 0x76, 0x72, 0x73, 0x7D, 0x7F, 0x85, 0x85, 0x80, 0x7F, 0x7E, 0x7D, 0x80, 0x81,
  0x80, 0x82, 0x83, 0x84, 0x84, 0x85, 0x85, 0x84, 0x80, 0x7B, 0x7C, 0x7C, 0x7F, 0x81, 0x82, 0x82, 0x81, 0x80, 0x86, 0x86, 0x87, 0x85, 0x85, 0x85, 0x85, 0x85, 0x81, 0x82, 0x86, 0x8B, 0x8C, 0x8B,
  0x88, 0x87, 0x87, 0x86, 0x7F, 0x7A, 0x7B, 0x7C, 0x7F, 0x7E, 0x7E, 0x7E, 0x81, 0x81, 0x7A, 0x7A, 0x7A, 0x7D, 0x79, 0x79, 0x78, 0x7B, 0x80, 0x80, 0x7B, 0x76, 0x7D, 0x7F, 0x88, 0x8B, 0x87, 0x86,
  0x84, 0x81, 0x80, 0x80, 0x83, 0x87, 0x84, 0x84, 0x83, 0x86, 0x8F, 0x8E, 0x88, 0x7E, 0x79, 0x79, 0x7A, 0x7C, 0x7A, 0x7B, 0x7D, 0x7E, 0x7B, 0x7B, 0x7C, 0x7C, 0x7A, 0x79, 0x72, 0x74, 0x7C, 0x7D,
  0x82, 0x83, 0x81, 0x81, 0x82, 0x81, 0x7F, 0x7F, 0x7E, 0x7E, 0x7F, 0x80, 0x82, 0x84, 0x87, 0x86, 0x87, 0x84, 0x82, 0x82, 0x80, 0x80, 0x7C, 0x7C, 0x7C, 0x7E, 0x7B, 0x7B, 0x7A, 0x7C, 0x82, 0x81,
  0x7D, 0x79, 0x76, 0x77, 0x7C, 0x82, 0x86, 0x85, 0x7F, 0x7F, 0x85, 0x85, 0x85, 0x85, 0x80, 0x80, 0x81, 0x83, 0x8A, 0x8A, 0x8A, 0x85, 0x82, 0x81, 0x80, 0x7F, 0x7C, 0x7B, 0x78, 0x7A, 0x81, 0x83,
  0x86, 0x81, 0x7F, 0x7F, 0x83, 0x84, 0x7E, 0x7C, 0x77, 0x74, 0x76, 0x77, 0x78, 0x7C, 0x82, 0x82, 0x81, 0x7E, 0x7D, 0x7C, 0x7C, 0x7B, 0x79, 0x79, 0x78, 0x7B, 0x83, 0x84, 0x84, 0x81, 0x7A, 0x79,
  0x78, 0x7A, 0x82, 0x83, 0x86, 0x87, 0x87, 0x87, 0x87, 0x89, 0x87, 0x87, 0x84, 0x7E, 0x7D, 0x7E, 0x7E, 0x7D, 0x79, 0x79, 0x79, 0x7A, 0x7C, 0x7D, 0x7F, 0x7C, 0x75, 0x75, 0x73, 0x75, 0x7A, 0x7A,
  0x7C, 0x7E, 0x7C, 0x7D, 0x82, 0x85, 0x88, 0x88, 0x87, 0x87, 0x81, 0x80, 0x7A, 0x76, 0x7B, 0x7C, 0x7D, 0x7B, 0x7C, 0x7C, 0x7E, 0x81, 0x88, 0x88, 0x87, 0x84, 0x82, 0x82, 0x82, 0x81, 0x86, 0x87,
  0x88, 0x88, 0x86, 0x86, 0x86, 0x87, 0x84, 0x84, 0x84, 0x81, 0x84, 0x84, 0x82, 0x80, 0x7E, 0x7E, 0x7F, 0x80, 0x7F, 0x7F, 0x81, 0x85, 0x88, 0x88, 0x85, 0x83, 0x85, 0x86, 0x88, 0x85, 0x7C, 0x7B,
  0x78, 0x79, 0x7F, 0x80, 0x84, 0x89, 0x8A, 0x8A, 0x89, 0x86, 0x84, 0x83, 0x84, 0x82, 0x7F, 0x7F, 0x7B, 0x79, 0x76, 0x77, 0x78, 0x7C, 0x7B, 0x7B, 0x7D, 0x7A, 0x82, 0x83, 0x83, 0x85, 0x7F, 0x80,
  0x7F, 0x82, 0x88, 0x87, 0x8A, 0x8A, 0x8B, 0x8C, 0x8B, 0x8F, 0x8B, 0x8C, 0x90, 0x8E, 0x8C, 0x8A, 0x87, 0x87, 0x7F, 0x7F, 0x7B, 0x77, 0x7B, 0x7D, 0x83, 0x80, 0x8B, 0x88, 0x88, 0x85, 0x86, 0x88,
  0x7B, 0x80, 0x73, 0x78, 0x7B, 0x72, 0x77, 0x78, 0x8D, 0x7A, 0x7D, 0x7A, 0x80, 0x83, 0x7C, 0x7E, 0x74, 0x7C, 0x88, 0x8A, 0x87, 0x82, 0x7C, 0x7B, 0x80, 0x80, 0x86, 0x84, 0x7D, 0x82, 0x88, 0x89,
  0x8E, 0x88, 0x80, 0x7F, 0x7A, 0x84, 0x7D, 0x80, 0x86, 0x84, 0x82, 0x81, 0x8F, 0x88, 0x85, 0x81, 0x7C, 0x85, 0x75, 0x78, 0x73, 0x78, 0x71, 0x75, 0x83, 0x78, 0x7D, 0x7B, 0x81, 0x81, 0x83, 0x81,
  0x7A, 0x7D, 0x7B, 0x7D, 0x7A, 0x75, 0x7B, 0x7A, 0x84, 0x7C, 0x83, 0x82, 0x82, 0x84, 0x7F, 0x82, 0x85, 0x80, 0x79, 0x77, 0x7C, 0x74, 0x7B, 0x79, 0x7C, 0x84, 0x81, 0x82, 0x81, 0x84, 0x7C, 0x7B,
  0x81, 0x7B, 0x84, 0x84, 0x7E, 0x8C, 0x6D, 0x68, 0x61, 0x91, 0x7C, 0x7B, 0x84, 0x74, 0x98, 0xA6, 0x84, 0x7F, 0x6A, 0x73, 0x9D, 0x65, 0x53, 0x46, 0xB2, 0x5E, 0x71, 0x5F, 0xA2, 0x7F, 0x91, 0x8F,
  0x5C, 0xA8, 0xA4, 0xB6, 0x71, 0x78, 0x87, 0x86, 0x85, 0x90, 0x98, 0x92, 0x3A, 0x8B, 0x75, 0x7D, 0x42, 0x94, 0x84, 0x9C, 0x74, 0xAD, 0x83, 0xA2, 0x91, 0x66, 0x73, 0x7B, 0xAF, 0x5C, 0x8C, 0x7B,
  0x98, 0x9B, 0xAC, 0xB0, 0x72, 0x8D, 0x7A, 0x86, 0x83, 0x57, 0x4F, 0x40, 0x80, 0x73, 0x87, 0x7C, 0x7D, 0x9F, 0x6E, 0x6D, 0x7F, 0x64, 0x53, 0x41, 0x7E, 0x5A, 0x72, 0x5E, 0x7C, 0x93, 0xAF, 0xA9,
  0x80, 0x95, 0x6F, 0x6B, 0x81, 0x6B, 0x66, 0x57, 0x79, 0x96, 0x9B, 0x94, 0x9A, 0xB4, 0x9E, 0x9C, 0x6D, 0x96, 0x60, 0x69, 0x6D, 0x67, 0x71, 0x6F, 0x85, 0x85, 0x95, 0x90, 0x77, 0x98, 0x92, 0x93,
  0x5F, 0x7C, 0x74, 0x7D, 0x77, 0x7C, 0x88, 0x8F, 0x8F, 0x90, 0x7E, 0x85, 0x8A, 0x75, 0x7B, 0x7C, 0x79, 0x78, 0x7D, 0x83, 0x9D, 0x81, 0x8B, 0x86, 0xB2, 0x8F, 0x9A, 0x8F, 0x84, 0x7E, 0x75, 0x72,
  0x70, 0x73, 0x84, 0x85, 0x90, 0x97, 0x8D, 0x89, 0x80, 0x84, 0x72, 0x70, 0x53, 0x74, 0x6D, 0x77, 0x75, 0x8D, 0x88, 0x8B, 0x86, 0x92, 0x87, 0x89, 0x67, 0x85, 0x86, 0x8F, 0x76, 0x90, 0x9B, 0xA2,
  0x98, 0x9E, 0x99, 0x9F, 0x82, 0x83, 0x6A, 0x72, 0x76, 0x75, 0x6F, 0x76, 0x82, 0x74, 0x7B, 0x7D, 0x8F, 0x75, 0x6B, 0x6B, 0x80, 0x6B, 0x6C, 0x6E, 0x85, 0x71, 0x8C, 0x8B, 0x9C, 0x85, 0x87, 0x84,
  0x90, 0x75, 0x80, 0x7C, 0x8F, 0x7E, 0x89, 0x82, 0x8E, 0x83, 0x80, 0x7B, 0x7F, 0x6E, 0x6D, 0x68, 0x70, 0x69, 0x80, 0x7A, 0x80, 0x85, 0x8D, 0x87, 0x8B, 0x8F, 0x81, 0x7C, 0x6F, 0x75, 0x72, 0x6E,
  0x71, 0x74, 0x7D, 0x79, 0x75, 0x88, 0x91, 0x8E, 0x73, 0x8D, 0x90, 0x92, 0x73, 0x8E, 0x8A, 0x8D, 0x79, 0x93, 0x95, 0x99, 0x79, 0x93, 0x8D, 0x94, 0x83, 0x8B, 0x83, 0x86, 0x7B, 0x82, 0x7C, 0x82,
  0x7B, 0x7E, 0x79, 0x7E, 0x81, 0x81, 0x7F, 0x80, 0x7F, 0x78, 0x7E, 0x7F, 0x72, 0x75, 0x73, 0x76, 0x78, 0x7D, 0x79, 0x7A, 0x88, 0x7E, 0x85, 0x85, 0x95, 0x84, 0x87, 0x85, 0x8A, 0x7D, 0x7C, 0x7B,
  0x7F, 0x6F, 0x62, 0x62, 0x75, 0x69, 0x72, 0x71, 0x7E, 0x74, 0x72, 0x6F, 0x7D, 0x6A, 0x70, 0x6C, 0x7D, 0x73, 0x83, 0x7F, 0x90, 0x95, 0x9E, 0x98, 0x9A, 0x9D, 0x9F, 0x9C, 0x92, 0x8F, 0x8C, 0x8A,
  0x86, 0x91, 0x93, 0x90, 0x84, 0x90, 0x83, 0x84, 0x6E, 0x7E, 0x7C, 0x7F, 0x6E, 0x77, 0x7C, 0x80, 0x7C, 0x7E, 0x7D, 0x7F, 0x77, 0x7F, 0x82, 0x87, 0x80, 0x88, 0x8B, 0x8F, 0x89, 0x78, 0x6C, 0x6E,
  0x6A, 0x67, 0x68, 0x69, 0x70, 0x61, 0x64, 0x63, 0x74, 0x69, 0x75, 0x73, 0x7A, 0x6F, 0x6F, 0x6F, 0x76, 0x73, 0x80, 0x82, 0x97, 0x86, 0x84, 0x7F, 0x94, 0x87, 0x8E, 0x87, 0x90, 0x84, 0x89, 0x83,
  0x89, 0x86, 0x83, 0x7D, 0x83, 0x8F, 0x8C, 0x88, 0x8A, 0x98, 0x96, 0x93, 0x92, 0x91, 0x8F, 0x8B, 0x88, 0x93, 0x8F, 0x8C, 0x80, 0x93, 0x8E, 0x8F, 0x81, 0x91, 0x86, 0x8A, 0x7B, 0x89, 0x81, 0x86,
  0x79, 0x7D, 0x78, 0x7D, 0x74, 0x78, 0x7B, 0x81, 0x75, 0x77, 0x76, 0x7B, 0x78, 0x77, 0x81, 0x87, 0x8B, 0x81, 0x7B, 0x7E, 0x84, 0x76, 0x7C, 0x7C, 0x88, 0x81, 0x81, 0x82, 0x89, 0x82, 0x78, 0x78,
  0x80, 0x73, 0x74, 0x72, 0x7B, 0x77, 0x83, 0x83, 0x89, 0x8F, 0x93, 0x93, 0x8D, 0x90, 0x8A, 0x8D, 0x89, 0x7E, 0x74, 0x73, 0x8A, 0x81, 0x88, 0x82, 0x8C, 0x85, 0x82, 0x7E, 0x7D, 0x76, 0x71, 0x70,
  0x73, 0x77, 0x7E, 0x7D, 0x7E, 0x7D, 0x83, 0x81, 0x7E, 0x81, 0x79, 0x79, 0x78, 0x7A, 0x81, 0x81, 0x7C, 0x82, 0x8C, 0x8D, 0x85, 0x88, 0x78, 0x79, 0x73, 0x6F, 0x70, 0x71, 0x7E, 0x77, 0x7D, 0x7C,
  0x86, 0x81, 0x83, 0x81, 0x7A, 0x77, 0x79, 0x79, 0x79, 0x79, 0x7A, 0x7A, 0x7B, 0x83, 0x89, 0x89, 0x86, 0x88, 0x8E, 0x8C, 0x86, 0x85, 0x84, 0x82, 0x7F, 0x8C, 0x8C, 0x8D, 0x84, 0x90, 0x89, 0x8D,
  0x80, 0x76, 0x71, 0x72, 0x6D, 0x70, 0x7D, 0x80, 0x7C, 0x89, 0x90, 0x93, 0x8A, 0x90, 0x86, 0x88, 0x7B, 0x84, 0x82, 0x86, 0x85, 0x88, 0x8A, 0x8C, 0x91, 0x89, 0x80, 0x7D, 0x79, 0x74, 0x72, 0x73,
  0x77, 0x78, 0x7F, 0x81, 0x88, 0x83, 0x7E, 0x7E, 0x84, 0x7F, 0x77, 0x76, 0x79, 0x72, 0x72, 0x72, 0x80, 0x83, 0x87, 0x85, 0x8B, 0x7F, 0x88, 0x87, 0x88, 0x7C, 0x77, 0x76, 0x80, 0x82, 0x85, 0x84,
  0x8B, 0x88, 0x85, 0x83, 0x87, 0x84, 0x8A, 0x89, 0x83, 0x88, 0x88, 0x89, 0x83, 0x85, 0x81, 0x82, 0x81, 0x85, 0x87, 0x89, 0x85, 0x8A, 0x86, 0x86, 0x7E, 0x81, 0x7D, 0x7E, 0x75, 0x79, 0x7A, 0x7E,
  0x7B, 0x82, 0x80, 0x82, 0x7F, 0x7D, 0x7F, 0x7E, 0x7A, 0x78, 0x7B, 0x7B, 0x7D, 0x83, 0x8A, 0x8B, 0x8A, 0x88, 0x79, 0x79, 0x7B, 0x79, 0x71, 0x72, 0x70, 0x6E, 0x74, 0x75, 0x7B, 0x7D, 0x79, 0x78,
  0x78, 0x76, 0x76, 0x73, 0x71, 0x80, 0x87, 0x8A, 0x91, 0x8C, 0x8F, 0x8E, 0x87, 0x80, 0x85, 0x83, 0x7D, 0x82, 0x88, 0x89, 0x88, 0x87, 0x83, 0x82, 0x84, 0x79, 0x7E, 0x7C, 0x82, 0x7D, 0x7D, 0x7B,
  0x7F, 0x7E, 0x7F, 0x7F, 0x87, 0x7E, 0x70, 0x6E, 0x6F, 0x70, 0x73, 0x71, 0x76, 0x78, 0x80, 0x80, 0x79, 0x7D, 0x82, 0x84, 0x7F, 0x7D, 0x76, 0x77, 0x76, 0x7D, 0x73, 0x75, 0x6F, 0x71, 0x74, 0x75,
  0x7E, 0x84, 0x8C, 0x8E, 0xA0, 0x98, 0x94, 0x94, 0x98, 0x94, 0x8B, 0x8B, 0x87, 0x8C, 0x92, 0x94, 0x8A, 0x9D, 0x93, 0x9B, 0x85, 0x7E, 0x65, 0x65, 0x86, 0x67, 0x78, 0x73, 0x81, 0x8D, 0x89, 0x8B,
  0x7F, 0x81, 0x70, 0x73, 0x85, 0x73, 0x78, 0x75, 0x86, 0x78, 0x7C, 0x77, 0x77, 0x82, 0x94, 0x93, 0x7C, 0x8D, 0x7F, 0x80, 0x7F, 0x6F, 0x83, 0x7D, 0x7E, 0x7D, 0x93, 0x92, 0x79, 0x81, 0x78, 0x76,
  0x69, 0x7A, 0x91, 0x95, 0x83, 0x96, 0x89, 0x8D, 0x84, 0x88, 0x81, 0x82, 0x6B, 0x7B, 0x69, 0x71, 0x77, 0x70, 0x7E, 0x80, 0x83, 0x6D, 0x6F, 0x72, 0x77, 0x77, 0x7E, 0x80, 0x79, 0x74, 0x82, 0x85,
  0x8C, 0x87, 0x8A, 0x89, 0x8C, 0x8D, 0x94, 0x94, 0x90, 0x90, 0x94, 0x94, 0x90, 0x81, 0x70, 0x6C, 0x77, 0x7E, 0x8E, 0x8C, 0x8A, 0x85, 0x82, 0x82, 0x82, 0x83, 0x7B, 0x7A, 0x74, 0x6E, 0x6E, 0x6D,
  0x70, 0x75, 0x7B, 0x7A, 0x74, 0x74, 0x75, 0x72, 0x7A, 0x85, 0x8A, 0x88, 0x7D, 0x85, 0x7C, 0x7D, 0x76, 0x83, 0x8F, 0x8F, 0x82, 0x8A, 0x87, 0x8B, 0x87, 0x8C, 0x93, 0x97, 0x95, 0x93, 0x87, 0x88,
  0x88, 0x7D, 0x84, 0x85, 0x81, 0x84, 0x93, 0x95, 0x8E, 0x85, 0x84, 0x85, 0x84, 0x7E, 0x7D, 0x7C, 0x7B, 0x72, 0x78, 0x79, 0x86, 0x89, 0x9A, 0x9A, 0xA3, 0x93, 0x8B, 0x89, 0x99, 0x8F, 0x8A, 0x84,
  0x7C, 0x70, 0x7A, 0x78, 0x86, 0x83, 0x7C, 0x76, 0x71, 0x75, 0x7C, 0x79, 0x72, 0x6E, 0x71, 0x6F, 0x73, 0x78, 0x74, 0x71, 0x6A, 0x7B, 0x7C, 0x7F, 0x7D, 0x84, 0x7E, 0x7F, 0x7A, 0x7E, 0x7F, 0x7F,
  0x72, 0x75, 0x7C, 0x7F, 0x77, 0x76, 0x75, 0x78, 0x7D, 0x7D, 0x82, 0x84, 0x85, 0x88, 0x81, 0x83, 0x85, 0x87, 0x82, 0x83, 0x82, 0x87, 0x7E, 0x80, 0x89, 0x8A, 0x92, 0x93, 0x9C, 0x92, 0x85, 0x85,
  0x86, 0x8B, 0x88, 0x8A, 0x8B, 0x7F, 0x83, 0x82, 0x8A, 0x82, 0x84, 0x84, 0x83, 0x81, 0x82, 0x82, 0x88, 0x80, 0x6D, 0x6C, 0x71, 0x76, 0x80, 0x7F, 0x7B, 0x70, 0x7B, 0x7A, 0x7F, 0x7B, 0x7C, 0x7C,
  0x7D, 0x82, 0x78, 0x7A, 0x81, 0x88, 0x83, 0x81, 0x79, 0x78, 0x6A, 0x69, 0x57, 0x63, 0x73, 0x77, 0x76, 0x76, 0x7B, 0x7E, 0x85, 0x8B, 0x85, 0x87, 0x89, 0x8F, 0x7A, 0x79, 0x6F, 0x6D, 0x7A, 0x7B,
  0x81, 0x84, 0x7A, 0x7C, 0x75, 0x6D, 0x69, 0x6B, 0x7B, 0x7F, 0x85, 0x86, 0x81, 0x87, 0x86, 0x85, 0x8E, 0x88, 0xA1, 0xA0, 0x9D, 0xA1, 0x91, 0x94, 0x99, 0x99, 0x97, 0x93, 0x8A, 0x87, 0x83, 0x83,
  0x7C, 0x83, 0x7F, 0x7F, 0x75, 0x6D, 0x70, 0x73, 0x71, 0x6B, 0x6A, 0x6C, 0x73, 0x71, 0x6F, 0x6F, 0x7D, 0x7D, 0x76, 0x75, 0x77, 0x79, 0x8C, 0x8D, 0x8E, 0x87, 0x87, 0x87, 0x90, 0x8A, 0x81, 0x7F,
  0x80, 0x84, 0x79, 0x78, 0x7A, 0x78, 0x87, 0x84, 0x81, 0x7E, 0x7A, 0x77, 0x72, 0x75, 0x7D, 0x7D, 0x81, 0x85, 0x89, 0x88, 0x89, 0x8A, 0x8E, 0x8D, 0x8A, 0x8E, 0x81, 0x80, 0x76, 0x7A, 0x7F, 0x83,
  0x87, 0x91, 0x85, 0x84, 0x7B, 0x7A, 0x78, 0x76, 0x7A, 0x71, 0x81, 0x83, 0x84, 0x89, 0x80, 0x83, 0x83, 0x8E, 0x89, 0x89, 0x89, 0x8D, 0x97, 0x98, 0x93, 0x8C, 0x79, 0x7B, 0x7A, 0x7F, 0x83, 0x87,
  0x8F, 0x8D, 0x77, 0x78, 0x7C, 0x7B, 0x79, 0x76, 0x71, 0x6E, 0x7C, 0x7F, 0x82, 0x7A, 0x7A, 0x7B, 0x82, 0x81, 0x8B, 0x8A, 0x87, 0x81, 0x70, 0x6F, 0x74, 0x72, 0x7E, 0x7B, 0x7D, 0x78, 0x8E, 0x8D,
  0x92, 0x8B, 0x80, 0x7C, 0x7D, 0x84, 0x87, 0x87, 0x86, 0x96, 0x96, 0x96, 0x8E, 0x95, 0x97, 0x97, 0x8F, 0x8D, 0x87, 0x87, 0x8A, 0x88, 0x83, 0x81, 0x7D, 0x79, 0x78, 0x76, 0x71, 0x72, 0x6E, 0x6C,
  0x69, 0x6A, 0x77, 0x77, 0x7D, 0x7B, 0x77, 0x77, 0x76, 0x7B, 0x7B, 0x7C, 0x7A, 0x82, 0x7D, 0x7E, 0x79, 0x7F, 0x81, 0x82, 0x7A, 0x79, 0x7C, 0x7C, 0x75, 0x6E, 0x66, 0x67, 0x68, 0x6F, 0x7D, 0x7F,
  0x84, 0x8A, 0x8A, 0x8B, 0x87, 0x84, 0x80, 0x80, 0x79, 0x75, 0x80, 0x83, 0x8B, 0x86, 0x7C, 0x7D, 0x84, 0x8B, 0x94, 0x95, 0x94, 0x94, 0x8C, 0x8A, 0x84, 0x7E, 0x80, 0x81, 0x88, 0x81, 0x6C, 0x6B,
  0x75, 0x7E, 0x7F, 0x80, 0x85, 0x82, 0x88, 0x88, 0x8E, 0x8B, 0x8C, 0x8A, 0x87, 0x82, 0x7F, 0x7F, 0x82, 0x82, 0x7A, 0x7A, 0x75, 0x7A, 0x78, 0x79, 0x7B, 0x7D, 0x88, 0x87, 0x8C, 0x89, 0x7D, 0x7B,
  0x79, 0x84, 0x90, 0x92, 0x8A, 0x85, 0x79, 0x79, 0x76, 0x7D, 0x7A, 0x79, 0x78, 0x6B, 0x6E, 0x6E, 0x6E, 0x6C, 0x7B, 0x7C, 0x7E, 0x7F, 0x84, 0x85, 0x8E, 0x8A, 0x80, 0x80, 0x88, 0x8C, 0x8E, 0x8B,
  0x8D, 0x8A, 0x88, 0x87, 0x8B, 0x8E, 0x90, 0x91, 0x96, 0x95, 0x88, 0x85, 0x76, 0x6E, 0x66, 0x63, 0x5E, 0x5F, 0x76, 0x77, 0x7D, 0x81, 0x75, 0x76, 0x7C, 0x86, 0x89, 0x87, 0x7B, 0x7B, 0x8F, 0x92,
  0x99, 0x99, 0x88, 0x88, 0x80, 0x80, 0x89, 0x8B, 0x8A, 0x8C, 0x81, 0x80, 0x7D, 0x7D, 0x8E, 0x90, 0x94, 0x88, 0x73, 0x73, 0x76, 0x8B, 0x7D, 0x78, 0x50, 0x46, 0x60, 0x64, 0x74, 0x8C, 0xB2, 0xB1,
  0x87, 0x80, 0x59, 0x54, 0x68, 0x57, 0x84, 0x81, 0x97, 0x96, 0x71, 0x75, 0x6B, 0xC2, 0x6E, 0x70, 0x44, 0x78, 0x8D, 0x97, 0xAC, 0xA0, 0x95, 0x98, 0x91, 0x99, 0x64, 0x6A, 0x73, 0x63, 0x9E, 0x8E,
  0x6F, 0x3C, 0x41, 0x47, 0x7E, 0xA0, 0xB3, 0xA9, 0xB1, 0xBE, 0xA8, 0x98, 0x54, 0x5A, 0x69, 0x7B, 0x92, 0x60, 0x7D, 0x87, 0xB5, 0xA2, 0x5E, 0x5F, 0x44, 0x48, 0x46, 0x4F, 0x97, 0xA8, 0xB4, 0xB1,
  0xC5, 0xC2, 0x93, 0x87, 0x98, 0x85, 0x56, 0x45, 0x4E, 0xC4, 0x7A, 0x7C, 0xB7, 0xA7, 0x8D, 0x7C, 0xB0, 0x82, 0x8D, 0x89, 0x7E, 0x5C, 0x5B, 0x54, 0x61, 0x48, 0xB3, 0xA9, 0xC5, 0xBE, 0xB6, 0xA8,
  0x57, 0x4C, 0xAE, 0xB3, 0x8C, 0x79, 0x95, 0x8D, 0x56, 0x7B, 0xBD, 0xC2, 0xAB, 0x6B, 0xC2, 0xC3, 0x43, 0x3F, 0xA3, 0xA2, 0xC5, 0xBE, 0x5F, 0x53, 0x3D, 0xC4, 0x5C, 0x6A, 0xA8, 0xBE, 0x89, 0x80,
  0x6C, 0x5E, 0xA6, 0xA1, 0xC5, 0xB8, 0x65, 0x5A, 0x7A, 0x9C, 0x87, 0x8F, 0x8E, 0xAF, 0x4C, 0x58, 0x4A, 0x77, 0x74, 0x7A, 0xB7, 0x64, 0x5B, 0x47, 0x4F, 0x71, 0x3A, 0xC2, 0x7E, 0x94, 0xBB, 0xBD,
  0x85, 0x60, 0x4C, 0x45, 0x53, 0x5B, 0x9E, 0xA8, 0xB1, 0xC2, 0xA8, 0xA6, 0x63, 0x4F, 0x5C, 0x64, 0x76, 0x40, 0x65, 0x71, 0xB7, 0x97, 0xA7, 0xAB, 0xC5, 0x89, 0x45, 0x40, 0x3A, 0x71, 0x47, 0x4B,
  0x5F, 0x6C, 0xA1, 0xA9, 0xB9, 0xC3, 0x75, 0x79, 0x59, 0x3D, 0xC2, 0xC3, 0x45, 0x46, 0x8C, 0x9B, 0x9F, 0x3E, 0xBC, 0xBE, 0x68, 0x4B, 0x45, 0x49, 0x4A, 0x8B, 0x70, 0x76, 0x9F, 0xB4, 0xBE, 0xBB,
  0xC5, 0x9A, 0x43, 0x3F, 0x3A, 0x46, 0x7A, 0x7F, 0xC4, 0x84, 0x93, 0x76, 0xAA, 0x80, 0xA3, 0x85, 0x4A, 0x56, 0x78, 0x8C, 0x97, 0x3B, 0xAD, 0xA3, 0x70, 0xA3, 0x5C, 0x65, 0x67, 0xAE, 0x6E, 0x6F,
  0x5D, 0x8A, 0x6A, 0x64, 0x79, 0xB5, 0xC3, 0xC4, 0xB2, 0xB6, 0xA1, 0xAC, 0x79, 0x95, 0x5E, 0x61, 0x3F, 0x43, 0x8C, 0x89, 0x86, 0x8D, 0x7A, 0x73, 0x6D, 0x5A, 0x51, 0x45, 0x72, 0x70, 0x8C, 0x85,
  0x99, 0x99, 0xBA, 0xB2, 0xB5, 0x89, 0xBE, 0xB7, 0xA9, 0x7E, 0x92, 0x9C, 0x81, 0x90, 0x6C, 0x7B, 0x84, 0x9E, 0x93, 0x98, 0x6C, 0x3E, 0x45, 0x44, 0x53, 0x6D, 0x7A, 0x86, 0x97, 0xB9, 0x63, 0x72,
  0x88, 0x97, 0x80, 0x77, 0x68, 0x53, 0x85, 0x86, 0x91, 0x90, 0x8A, 0x7C, 0x95, 0x8A, 0xC1, 0xBA, 0xAE, 0xC0, 0x8D, 0x84, 0x52, 0x57, 0x63, 0x6A, 0x55, 0x7F, 0x98, 0x9E, 0x81, 0x6D, 0x5D, 0x5E,
  0x79, 0x71, 0x66, 0x59, 0x51, 0x53, 0x7F, 0x82, 0x8F, 0xC2, 0xA3, 0xA6, 0x87, 0x9B, 0x88, 0x82, 0x6B, 0x67, 0x93, 0x8A, 0x78, 0x54, 0x88, 0x83, 0x8D, 0x8A, 0x79, 0x6E, 0x3E, 0x55, 0x82, 0x85,
  0x78, 0xB2, 0xB2, 0xB1, 0x8B, 0x89, 0x87, 0x8A, 0x6E, 0x88, 0x5B, 0x61, 0x7C, 0x77, 0x62, 0x5D, 0x7B, 0x93, 0x3D, 0x3B, 0x9C, 0x8D, 0x75, 0x71, 0x46, 0x57, 0x9C, 0xA9, 0x91, 0x9E, 0x62, 0x66,
  0x75, 0x74, 0x99, 0x94, 0x84, 0x7E, 0x9D, 0x9C, 0x82, 0x76, 0x4E, 0x59, 0x7F, 0x7C, 0x73, 0x7A, 0xA6, 0x8D, 0x6D, 0x69, 0x56, 0x3C, 0x49, 0x51, 0x6F, 0x96, 0xB6, 0xBC, 0xAE, 0x95, 0x7E, 0x7C,
  0x69, 0x59, 0x8D, 0x8F, 0x88, 0x93, 0x81, 0x7F, 0x78, 0x71, 0x5A, 0x5E, 0x94, 0x8F, 0x80, 0x78, 0x72, 0x62, 0x63, 0x65, 0x79, 0x85, 0x92, 0x8F, 0x70, 0x73, 0x9D, 0x9E, 0x8B, 0x7A, 0x79, 0x79,
  0x6A, 0x79, 0xA2, 0xAA, 0x9C, 0x90, 0x78, 0x75, 0x75, 0x6D, 0x7D, 0x7C, 0x8F, 0x88, 0x94, 0x97, 0x80, 0x5C, 0x6C, 0x76, 0x95, 0xA6, 0x9F, 0x9E, 0x96, 0x71, 0x82, 0x7D, 0x8C, 0x6B, 0x60, 0x55,
  0x5B, 0x5D, 0x7A, 0x7E, 0x97, 0xB4, 0xA3, 0xA6, 0x8F, 0x8F, 0x86, 0x88, 0x82, 0x7C, 0x76, 0x7E, 0x92, 0x8D, 0x77, 0x7E, 0x89, 0x7B, 0x8D, 0x8A, 0x94, 0x7D, 0x81, 0x79, 0x64, 0x57, 0x76, 0x7F,
  0xA5, 0xC3, 0x7D, 0x77, 0x57, 0x58, 0x83, 0x84, 0x96, 0x8F, 0x85, 0x7D, 0x65, 0x76, 0x94, 0x98, 0x8B, 0x94, 0x92, 0x96, 0x89, 0x92, 0x83, 0x87, 0x83, 0x85, 0x81, 0x81, 0x88, 0x75, 0x81, 0x84,
  0x96, 0x8B, 0x90, 0x94, 0x99, 0x7D, 0x86, 0x86, 0x92, 0x8D, 0x86, 0x85, 0x76, 0x6D, 0x7F, 0x7D, 0x72, 0x65, 0x5A, 0x57, 0x68, 0x7A, 0x73, 0x73, 0x77, 0xA1, 0x8F, 0x91, 0x88, 0x7C, 0x68, 0x68,
  0x6F, 0x6E, 0x70, 0x6E, 0x76, 0x76, 0x8E, 0x90, 0xAA, 0xC3, 0xB9, 0xB2, 0x93, 0x8E, 0x5D, 0x59, 0x55, 0x6E, 0x77, 0x78, 0x72, 0x6D, 0x56, 0x59, 0x62, 0x5D, 0x68, 0x6F, 0x80, 0x74, 0x71, 0x6F,
  0x82, 0x81, 0xA0, 0x9F, 0xB5, 0xB4, 0x9F, 0x9D, 0x84, 0x89, 0x74, 0x74, 0x63, 0x5F, 0x6A, 0x6E, 0x86, 0x86, 0x89, 0x88, 0x7D, 0x75, 0x6A, 0x69, 0x58, 0x73, 0xA1, 0xA5, 0x96, 0x93, 0x66, 0x64,
  0x55, 0x72, 0x87, 0x90, 0x9B, 0x97, 0x7A, 0x78, 0x6F, 0x65, 0x84, 0x80, 0x7F, 0x95, 0xA0, 0xA1, 0x81, 0x73, 0x6F, 0x75, 0x78, 0x7D, 0x7A, 0x7D, 0x84, 0x82, 0x82, 0x83, 0x8A, 0x9C, 0x8C, 0x8D,
  0x70, 0x78, 0x7A, 0x84, 0x91, 0x8A, 0x8C, 0x89, 0x84, 0x72, 0x81, 0x7E, 0x79, 0x74, 0x81, 0x7F, 0x98, 0xA1, 0x84, 0x81, 0x7B, 0x85, 0x7A, 0x7C, 0x8C, 0x8A, 0x6E, 0x6B, 0x79, 0x90, 0x7B, 0x77,
  0x6B, 0x79, 0x84, 0x85, 0x83, 0x90, 0x98, 0x9A, 0x82, 0x87, 0x61, 0x63, 0x53, 0x49, 0x78, 0x7A, 0x8C, 0x87, 0x89, 0x85, 0x84, 0x8C, 0x9C, 0x9D, 0x97, 0x9F, 0x7C, 0x7A, 0x6C, 0x6D, 0x7A, 0x7B,
  0x8A, 0x8B, 0x91, 0x8F, 0x93, 0x9A, 0x8B, 0x8A, 0x76, 0x6E, 0x58, 0x5B, 0x65, 0x7B, 0x94, 0x98, 0x98, 0xA1, 0x71, 0x6D, 0x65, 0x75, 0x82, 0x81, 0x81, 0x84, 0x71, 0x6E, 0x68, 0x74, 0x7C, 0x7B,
  0x73, 0x7C, 0x83, 0x85, 0x85, 0x7E, 0x7D, 0x7D, 0x7E, 0x7F, 0x8A, 0x8C, 0x87, 0x96, 0x80, 0x80, 0x74, 0x86, 0x89, 0x8E, 0x8F, 0x92, 0x97, 0x97, 0x95, 0x7C, 0x75, 0x71, 0x6E, 0x75, 0x76, 0x76,
  0x74, 0x6B, 0x92, 0x8F, 0xA9, 0x96, 0x8E, 0x85, 0x70, 0x6B, 0x60, 0x60, 0x64, 0x6F, 0x70, 0x71, 0x8A, 0xA0, 0x9E, 0x98, 0x8F, 0x79, 0x6C, 0x6B, 0x72, 0x89, 0x92, 0x94, 0x89, 0x86, 0x83, 0x87,
  0x7E, 0x7B, 0x87, 0x8D, 0x92, 0x91, 0xA1, 0xA3, 0xA5, 0x86, 0x73, 0x72, 0x79, 0x82, 0x7F, 0x7E, 0x75, 0x70, 0x73, 0x76, 0x83, 0x89, 0x7E, 0x7D, 0x7A, 0x89, 0x85, 0x88, 0x77, 0x74, 0x69, 0x6E,
  0x78, 0x8B, 0x88, 0x8A, 0x7E, 0x75, 0x88, 0x8D, 0x86, 0x6F, 0x71, 0x74, 0x87, 0x73, 0x86, 0x86, 0xA7, 0x91, 0x79, 0x72, 0x72, 0x6B, 0x5B, 0x5A, 0x63, 0x7C, 0x85, 0x8A, 0x93, 0x95, 0x8B, 0x8C,
  0x88, 0x82, 0x92, 0x95, 0x97, 0x8E, 0x8C, 0x8C, 0x88, 0x6E, 0x68, 0x6C, 0x83, 0x81, 0x6E, 0x6B, 0x64, 0x71, 0x78, 0x78, 0x78, 0x8D, 0x93, 0x94, 0x94, 0x88, 0x65, 0x63, 0x78, 0x70, 0x68, 0x69,
  0x6C, 0x81, 0x9B, 0x9F, 0x9B, 0x9C, 0xA1, 0xA2, 0x9C, 0x7B, 0x6A, 0x6B, 0x70, 0x71, 0x83, 0x89, 0x9E, 0xAA, 0x76, 0x72, 0x63, 0x5B, 0x64, 0x64, 0x72, 0x74, 0x78, 0x74, 0x71, 0x83, 0x88, 0x8C,
  0x85, 0x9C, 0xA0, 0x9E, 0x8D, 0x7D, 0x63, 0x5F, 0x54, 0x5F, 0x7D, 0x81, 0x89, 0x8D, 0x83, 0x7E, 0x61, 0x50, 0x4F, 0x53, 0x63, 0x7B, 0x90, 0x8E, 0x83, 0x90, 0x93, 0x95, 0x8A, 0x8B, 0x72, 0x72,
  0x77, 0x7B, 0x87, 0x87, 0x95, 0x9A, 0x9C, 0x97, 0x8D, 0x8D, 0x8B, 0x87, 0x73, 0x72, 0x8A, 0x8C, 0x84, 0x78, 0x82, 0x83, 0x8A, 0x89, 0x78, 0x75, 0x77, 0x79, 0x75, 0x75, 0x82, 0x86, 0x92, 0x92,
  0x96, 0x8E, 0x76, 0x72, 0x63, 0x60, 0x69, 0x6B, 0x78, 0x81, 0x87, 0x86, 0x93, 0x8D, 0x88, 0x88, 0x87, 0x8B, 0x89, 0x88, 0x83, 0x7C, 0x7B, 0x7A, 0x92, 0x8E, 0x8F, 0x8B, 0x80, 0x7A, 0x7F, 0x81,
  0x8E, 0x98, 0x95, 0x93, 0x94, 0x8E, 0x7C, 0x7A, 0x72, 0x7D, 0x89, 0x89, 0x87, 0x87, 0x7A, 0x78, 0x71, 0x7D, 0x7F, 0x82, 0x82, 0x90, 0x87, 0x89, 0x78, 0x72, 0x65, 0x66, 0x66, 0x5E, 0x83, 0x86,
  0x9C, 0xA5, 0x96, 0x95, 0x85, 0x8A, 0x6D, 0x6F, 0x67, 0x75, 0x87, 0x88, 0x89, 0x82, 0x7A, 0x79, 0x74, 0x72, 0x73, 0x74, 0x7A, 0x73, 0x6C, 0x6C, 0x6E, 0x76, 0x84, 0x86, 0x87, 0x82, 0x7A, 0x77,
  0x6C, 0x72, 0x80, 0x82, 0x89, 0x93, 0x8E, 0x8E, 0x8A, 0x92, 0x9B, 0x9C, 0x9F, 0x83, 0x77, 0x76, 0x83, 0x7A, 0x80, 0x80, 0x89, 0x84, 0x6F, 0x6C, 0x62, 0x69, 0x80, 0x82, 0x84, 0x92, 0x85, 0x85,
  0x7E, 0x75, 0x77, 0x7B, 0x8F, 0x91, 0x94, 0x91, 0x91, 0x88, 0x92, 0x8E, 0x88, 0x80, 0x7B, 0x7C, 0x80, 0x7E, 0x84, 0x84, 0x9D, 0xA1, 0x86, 0x84, 0x75, 0x6B, 0x67, 0x68, 0x6C, 0x63, 0x6E, 0x71,
  0x80, 0x8C, 0x96, 0x98, 0x98, 0x8E, 0x82, 0x82, 0x84, 0x81, 0x82, 0x82, 0x80, 0x86, 0x91, 0x90, 0x88, 0x8E, 0x8F, 0x8C, 0x73, 0x73, 0x72, 0x76, 0x76, 0x73, 0x77, 0x79, 0x86, 0x8B, 0x73, 0x72,
  0x79, 0x7B, 0x78, 0x79, 0x86, 0x80, 0x70, 0x70, 0x75, 0x86, 0x8D, 0x91, 0x95, 0x95, 0x86, 0x84, 0x7D, 0x7E, 0x7B, 0x7B, 0x7A, 0x7F, 0x79, 0x77, 0x75, 0x79, 0x6B, 0x69, 0x66, 0x69, 0x68, 0x6A,
  0x71, 0x73, 0x73, 0x75, 0x82, 0x7B, 0x82, 0x7F, 0x88, 0x8C, 0x99, 0x97, 0x92, 0x93, 0x89, 0x89, 0x76, 0x71, 0x84, 0x89, 0x96, 0x93, 0x7D, 0x79, 0x69, 0x68, 0x6F, 0x70, 0x74, 0x7B, 0x89, 0x86,
  0x75, 0x5E, 0x5D, 0x5C, 0x5D, 0x64, 0x7B, 0x7D, 0x89, 0x97, 0x92, 0x90, 0x89, 0x89, 0x95, 0x95, 0x9E, 0x96, 0x90, 0x8D, 0x8E, 0x94, 0x86, 0x85, 0x7B, 0x80, 0x91, 0x92, 0x99, 0x95, 0x8D, 0x8B,
  0x7D, 0x75, 0x72, 0x77, 0x81, 0x7E, 0x7D, 0x7B, 0x80, 0x7F, 0x7E, 0x7C, 0x73, 0x76, 0x7A, 0x79, 0x83, 0x8F, 0x94, 0x91, 0x7C, 0x80, 0x84, 0x88, 0x7E, 0x7F, 0x78, 0x7D, 0x7F, 0x83, 0x7F, 0x7F,
};

const uint8_t snd_door_close1[] = {
  0x6D, 0x55, 0x6A, 0x6C, 0x7C, 0x81, 0x8E, 0x8C, 0x76, 0x7B, 0x8E, 0x92, 0x88, 0x8B, 0x92, 0x91, 0x92, 0x8C, 0x8F, 0x8E, 0x90, 0x97, 0xA2, 0xA0, 0x9E, 0x9A, 0x8B, 0x8A, 0x7F, 0x84, 0x90, 0x92,
  0x8B, 0x7C, 0x69, 0x67, 0x6C, 0x6A, 0x74, 0x72, 0x6F, 0x6E, 0x6F, 0x70, 0x6F, 0x7B, 0x81, 0x83, 0x7E, 0x7E, 0x72, 0x74, 0x82, 0x8C, 0x89, 0x87, 0x85, 0x8E, 0x84, 0x84, 0x7D, 0x77, 0x82, 0x85,
  0x8B, 0x98, 0x9C, 0x9D, 0x90, 0x83, 0x7D, 0x7E, 0x7D, 0x79, 0x85, 0x86, 0x89, 0x8A, 0x8A, 0x8A, 0x85, 0x8B, 0x91, 0x92, 0x93, 0x90, 0x7E, 0x7C, 0x7E, 0x74, 0x6B, 0x69, 0x73, 0x7C, 0x80, 0x7D,
  0x7B, 0x74, 0x72, 0x71, 0x75, 0x74, 0x81, 0x85, 0x93, 0x94, 0x89, 0x86, 0x7F, 0x6B, 0x64, 0x63, 0x6A, 0x6A, 0x7D, 0x81, 0x92, 0x8B, 0x82, 0x83, 0x83, 0x7C, 0x6F, 0x70, 0x76, 0x73, 0x7E, 0x7F,
  0x88, 0x88, 0x87, 0x85, 0x7A, 0x6D, 0x63, 0x64, 0x6D, 0x74, 0x7D, 0x7E, 0x81, 0x7D, 0x75, 0x75, 0x79, 0x79, 0x85, 0x86, 0x91, 0x8F, 0x96, 0x95, 0x9B, 0x98, 0x77, 0x75, 0x70, 0x74, 0x6A, 0x6C,
  0x76, 0x78, 0x88, 0x87, 0x94, 0x81, 0x78, 0x78, 0x81, 0x7C, 0x78, 0x7A, 0x75, 0x76, 0x84, 0x88, 0x8E, 0x99, 0x96, 0x97, 0x91, 0x82, 0x74, 0x73, 0x79, 0x6F, 0x80, 0x80, 0x88, 0x8F, 0x92, 0x91,
  0x7B, 0x76, 0x6B, 0x6C, 0x75, 0x7B, 0x89, 0x88, 0x8D, 0x82, 0x77, 0x74, 0x6B, 0x77, 0x78, 0x77, 0x6D, 0x7C, 0x7C, 0x7E, 0x7A, 0x80, 0x7F, 0x7F, 0x86, 0x85, 0x90, 0x8E, 0x92, 0x8F, 0x97, 0x95,
  0x92, 0x98, 0x95, 0x94, 0x82, 0x7B, 0x65, 0x65, 0x6B, 0x6D, 0x7A, 0x79, 0x7F, 0x78, 0x75, 0x73, 0x75, 0x81, 0x79, 0x7A, 0x78, 0x8A, 0x97, 0x9B, 0x9B, 0x94, 0x80, 0x82, 0x89, 0x82, 0x7D, 0x7E,
  0x91, 0x9B, 0x95, 0x92, 0x8C, 0x92, 0x93, 0x93, 0x83, 0x7D, 0x6C, 0x6D, 0x66, 0x6A, 0x7B, 0x7B, 0x87, 0x86, 0x87, 0x84, 0x7C, 0x74, 0x69, 0x69, 0x6C, 0x7C, 0x90, 0x92, 0x89, 0x86, 0x80, 0x81,
  0x84, 0x80, 0x76, 0x74, 0x70, 0x69, 0x6B, 0x6B, 0x6F, 0x83, 0x88, 0x8A, 0x8A, 0x87, 0x7C, 0x7B, 0x7E, 0x7E, 0x7C, 0x7B, 0x7F, 0x80, 0x89, 0x88, 0x90, 0x99, 0x91, 0x8F, 0x87, 0x8F, 0x90, 0x91,
  0x8E, 0x80, 0x7B, 0x77, 0x70, 0x63, 0x73, 0x75, 0x7E, 0x7C, 0x73, 0x73, 0x76, 0x7D, 0x7C, 0x7C, 0x7C, 0x81, 0x8F, 0x90, 0x92, 0x87, 0x72, 0x70, 0x76, 0x77, 0x83, 0x82, 0x82, 0x80, 0x77, 0x77,
  0x78, 0x7D, 0x7B, 0x7A, 0x81, 0x85, 0x85, 0x82, 0x7D, 0x76, 0x6C, 0x6C, 0x69, 0x6E, 0x76, 0x7A, 0x7F, 0x86, 0x8B, 0x8D, 0x8B, 0x82, 0x7E, 0x7D, 0x82, 0x83, 0x99, 0x9B, 0x98, 0x98, 0x7F, 0x7F,
  0x77, 0x7C, 0x74, 0x75, 0x76, 0x7A, 0x72, 0x6E, 0x6D, 0x6D, 0x85, 0x86, 0x90, 0x97, 0x93, 0x93, 0x8C, 0x86, 0x7C, 0x7B, 0x74, 0x79, 0x8E, 0x8F, 0x93, 0x9B, 0x96, 0x95, 0x80, 0x79, 0x78, 0x7B,
  0x82, 0x83, 0x7D, 0x7D, 0x87, 0x7F, 0x7D, 0x7B, 0x7E, 0x72, 0x6D, 0x6A, 0x74, 0x6C, 0x71, 0x6F, 0x75, 0x77, 0x77, 0x76, 0x7E, 0x89, 0x92, 0x93, 0x85, 0x81, 0x75, 0x78, 0x7E, 0x78, 0x83, 0x83,
  0x8B, 0x7C, 0x78, 0x77, 0x8E, 0x99, 0x98, 0x94, 0x85, 0x7A, 0x71, 0x71, 0x71, 0x78, 0x80, 0x82, 0x8B, 0x91, 0x84, 0x83, 0x7A, 0x7E, 0x87, 0x89, 0x85, 0x88, 0x8D, 0x90, 0x97, 0x8D, 0x7E, 0x7B,
  0x74, 0x70, 0x72, 0x74, 0x72, 0x7E, 0x7A, 0x7A, 0x7E, 0x7D, 0x86, 0x85, 0x8C, 0x8C, 0x8A, 0x87, 0x7E, 0x7A, 0x80, 0x81, 0x8D, 0x9C, 0xA0, 0xA0, 0x8F, 0x82, 0x77, 0x78, 0x73, 0x7A, 0x8F, 0x91,
  0x9B, 0x98, 0x81, 0x80, 0x79, 0x6D, 0x69, 0x6A, 0x75, 0x77, 0x7A, 0x77, 0x73, 0x71, 0x79, 0x7C, 0x82, 0x86, 0x82, 0x83, 0x87, 0x83, 0x75, 0x73, 0x76, 0x7B, 0x92, 0x93, 0x97, 0x9C, 0x98, 0x97,
  0x8D, 0x86, 0x7A, 0x7B, 0x78, 0x80, 0x87, 0x88, 0x89, 0x81, 0x76, 0x74, 0x6E, 0x70, 0x7A, 0x7B, 0x7A, 0x80, 0x7F, 0x80, 0x7F, 0x7A, 0x7B, 0x7C, 0x7D, 0x82, 0x92, 0x92, 0x8F, 0x85, 0x7D, 0x7D,
  0x88, 0x8C, 0x81, 0x7E, 0x78, 0x7C, 0x7E, 0x7E, 0x7A, 0x77, 0x7B, 0x7B, 0x82, 0x84, 0x76, 0x75, 0x73, 0x72, 0x7C, 0x7D, 0x83, 0x84, 0x88, 0x88, 0x84, 0x83, 0x82, 0x82, 0x7E, 0x80, 0x7B, 0x7B,
  0x7B, 0x77, 0x7B, 0x7C, 0x7F, 0x83, 0x80, 0x81, 0x80, 0x7F, 0x84, 0x85, 0x86, 0x87, 0x82, 0x81, 0x82, 0x7F, 0x81, 0x81, 0x87, 0x87, 0x82, 0x82, 0x84, 0x84, 0x89, 0x89, 0x86, 0x82, 0x75, 0x73,
  0x71, 0x76, 0x79, 0x7A, 0x80, 0x86, 0x8D, 0x8D, 0x94, 0x8A, 0x7E, 0x7B, 0x79, 0x7D, 0x80, 0x80, 0x7E, 0x83, 0x7C, 0x7C, 0x7E, 0x7A, 0x76, 0x76, 0x7B, 0x7A, 0x80, 0x7D, 0x77, 0x74, 0x7F, 0x7F,
  0x7C, 0x81, 0x88, 0x88, 0x7A, 0x74, 0x72, 0x77, 0x7E, 0x7F, 0x8A, 0x8A, 0x8A, 0x83, 0x7E, 0x7C, 0x74, 0x7B, 0x79, 0x7E, 0x75, 0x82, 0x74, 0x7A, 0x74, 0x76, 0x7B, 0x81, 0x8B, 0x86, 0x97, 0x99,
  0x9A, 0x85, 0x7E, 0x80, 0x84, 0x7A, 0x7D, 0x80, 0x8D, 0x99, 0x7D, 0x7D, 0x68, 0x6E, 0x64, 0x67, 0x61, 0x6D, 0x77, 0x7A, 0x7C, 0x82, 0x7B, 0x7C, 0x71, 0x7B, 0x7C, 0x7D, 0x7B, 0x6C, 0x62, 0x61,
  0x70, 0x5D, 0x71, 0x77, 0x97, 0x9F, 0x9A, 0x9A, 0x89, 0x6E, 0x80, 0x7D, 0x74, 0x89, 0xA3, 0xA3, 0x9F, 0x8A, 0x88, 0x81, 0x69, 0x72, 0x88, 0x85, 0x7F, 0x93, 0x8F, 0x94, 0x93, 0x93, 0x71, 0x75,
  0x78, 0x87, 0x96, 0x9F, 0x98, 0x9B, 0x99, 0x99, 0x8D, 0x6C, 0x7A, 0x75, 0x78, 0x7C, 0xAD, 0xAE, 0x9B, 0x8F, 0x6C, 0x76, 0x7C, 0x8C, 0x73, 0x7C, 0x7B, 0x88, 0x6B, 0x6D, 0x7C, 0x81, 0x87, 0x8E,
  0x96, 0x92, 0x85, 0x8B, 0x8B, 0x79, 0x60, 0x61, 0x64, 0x73, 0x9C, 0xA0, 0x9F, 0x91, 0x7C, 0x80, 0x91, 0x8D, 0x86, 0x84, 0x8B, 0x78, 0x6F, 0x71, 0x75, 0x86, 0x8F, 0x95, 0x8D, 0x7C, 0x75, 0x72,
  0x5E, 0x61, 0x71, 0x72, 0x7E, 0x74, 0x89, 0x8B, 0xAC, 0x87, 0xA1, 0x95, 0x8F, 0xA4, 0x92, 0x8B, 0x98, 0x91, 0x78, 0x78, 0x83, 0x8B, 0x9F, 0x9B, 0x8C, 0x71, 0x68, 0x65, 0x67, 0x54, 0x65, 0x66,
  0x8A, 0x91, 0x77, 0x76, 0x72, 0x80, 0x73, 0x79, 0x69, 0x7A, 0x7F, 0x80, 0x86, 0x79, 0x6A, 0x69, 0x5D, 0x59, 0x65, 0x68, 0x6C, 0x69, 0x76, 0x7A, 0x8C, 0x7E, 0x87, 0x86, 0xA1, 0x93, 0x77, 0x76,
  0x72, 0x6A, 0x87, 0x86, 0x79, 0x76, 0x8F, 0x8B, 0x81, 0x91, 0x7E, 0x7F, 0x6D, 0x61, 0x5A, 0x60, 0x7D, 0x99, 0x8F, 0x91, 0xA2, 0xA6, 0x96, 0x92, 0x99, 0x95, 0x93, 0x90, 0x7B, 0x7D, 0x91, 0x95,
  0x8C, 0x8F, 0x95, 0x92, 0x83, 0x82, 0x6B, 0x65, 0x5D, 0x5C, 0x67, 0x65, 0x68, 0x79, 0x98, 0x95, 0x87, 0x7F, 0x8D, 0x8C, 0x8F, 0x74, 0x6A, 0x67, 0x84, 0x9A, 0x7F, 0x7A, 0x6D, 0x71, 0x7C, 0x7F,
  0x85, 0x83, 0x87, 0x84, 0x7C, 0x82, 0x7C, 0x7E, 0x74, 0x86, 0xA7, 0xAD, 0xA8, 0x97, 0x76, 0x75, 0x76, 0x83, 0x87, 0x86, 0x88, 0x7B, 0x6C, 0x6A, 0x66, 0x79, 0x8E, 0x91, 0x8F, 0x80, 0x68, 0x69,
  0x71, 0x76, 0x77, 0x79, 0x7D, 0x7C, 0x88, 0x87, 0x85, 0x88, 0x81, 0x7B, 0x7A, 0x83, 0x7C, 0x79, 0x7C, 0x76, 0x6B, 0x68, 0x72, 0x71, 0x60, 0x5D, 0x68, 0x76, 0x83, 0x87, 0x85, 0x7F, 0x70, 0x71,
  0x5C, 0x5A, 0x79, 0x7D, 0x80, 0x79, 0x7B, 0x7D, 0x7D, 0x74, 0x8A, 0x8C, 0x8F, 0x92, 0x80, 0x7D, 0x74, 0x74, 0x80, 0x7F, 0x85, 0x8A, 0xA6, 0xA6, 0xA3, 0x8B, 0x7A, 0x77, 0x80, 0x7E, 0x8A, 0x8C,
  0x8E, 0x86, 0x6D, 0x6D, 0x70, 0x78, 0x76, 0x77, 0x89, 0x8F, 0x86, 0x86, 0x80, 0x7F, 0x9B, 0x9E, 0xA0, 0x95, 0x92, 0x8F, 0x84, 0x7D, 0x91, 0x94, 0x98, 0x97, 0x99, 0x99, 0x94, 0x81, 0x80, 0x7C,
  0x82, 0x81, 0x87, 0x86, 0x7F, 0x83, 0x8A, 0x8E, 0x89, 0x9A, 0xB4, 0xB8, 0xB7, 0xAF, 0x99, 0x99, 0x8D, 0x87, 0x73, 0x73, 0x6C, 0x71, 0x79, 0x78, 0x7F, 0x84, 0x80, 0x7D, 0x83, 0x6C, 0x5B, 0x5B,
  0x6B, 0x6E, 0x71, 0x72, 0x88, 0x93, 0x8F, 0x8E, 0x99, 0x8E, 0x7A, 0x76, 0x72, 0x68, 0x6E, 0x6C, 0x6E, 0x71, 0x80, 0x7E, 0x6F, 0x62, 0x5F, 0x61, 0x61, 0x71, 0x62, 0x62, 0x68, 0x6B, 0x6C, 0x6A,
  0x6D, 0x73, 0x79, 0x78, 0x7C, 0x8C, 0x8F, 0x91, 0x85, 0x92, 0x94, 0x95, 0x82, 0x7E, 0x6B, 0x68, 0x63, 0x72, 0x7F, 0x82, 0x80, 0x7F, 0x84, 0x87, 0x85, 0x83, 0x8D, 0x8E, 0x8F, 0x87, 0x88, 0x86,
  0x8A, 0x8A, 0x93, 0x96, 0x8C, 0x71, 0x62, 0x66, 0x71, 0x82, 0x80, 0x7E, 0x84, 0x96, 0x9D, 0x99, 0x82, 0x7B, 0x92, 0x94, 0x94, 0xA1, 0x95, 0x91, 0x86, 0x85, 0x73, 0x73, 0x63, 0x61, 0x54, 0x58,
  0x6B, 0x74, 0x7A, 0x77, 0x78, 0x73, 0x5D, 0x57, 0x51, 0x58, 0x75, 0x74, 0x7B, 0x85, 0x85, 0x8A, 0x8E, 0x96, 0x9F, 0xA0, 0x9B, 0x8E, 0x90, 0x8F, 0x8F, 0x91, 0x97, 0x97, 0x90, 0x8E, 0x7A, 0x7A,
  0x7C, 0x7C, 0x7C, 0x79, 0x74, 0x76, 0x93, 0x93, 0x93, 0x90, 0x79, 0x77, 0x71, 0x72, 0x8D, 0x8E, 0x9E, 0x9E, 0x95, 0x92, 0x86, 0x7F, 0x76, 0x73, 0x6D, 0x7F, 0x88, 0x87, 0x7F, 0x85, 0x91, 0x93,
  0x82, 0x77, 0x6D, 0x6F, 0x63, 0x6B, 0x81, 0x84, 0x85, 0x82, 0x75, 0x77, 0x7D, 0x64, 0x74, 0x75, 0x72, 0x6F, 0x7D, 0x7D, 0x81, 0x8F, 0x8D, 0x89, 0x84, 0x88, 0x81, 0x7E, 0x73, 0x75, 0x84, 0x80,
  0x7C, 0x85, 0x92, 0x94, 0x89, 0x7B, 0x73, 0x76, 0x8A, 0x81, 0x84, 0x86, 0x99, 0x8B, 0x9B, 0x9A, 0xAF, 0xB3, 0xB5, 0xB2, 0x98, 0x86, 0x68, 0x68, 0x65, 0x68, 0x6B, 0x6A, 0x59, 0x5E, 0x7A, 0x7C,
  0x82, 0x95, 0x8E, 0x8F, 0x83, 0x7B, 0x81, 0x83, 0x7D, 0x71, 0x73, 0x71, 0x6E, 0x7F, 0x9A, 0x9F, 0x9D, 0x88, 0x76, 0x73, 0x76, 0x71, 0x81, 0x81, 0x78, 0x7A, 0x81, 0x82, 0x85, 0x8A, 0x89, 0x8A,
  0x87, 0x86, 0x91, 0x91, 0x9C, 0x97, 0x7D, 0x77, 0x74, 0x83, 0x80, 0x7F, 0x7D, 0x82, 0x77, 0x78, 0x75, 0x77, 0x7C, 0x81, 0x88, 0x7A, 0x63, 0x60, 0x6D, 0x7A, 0x96, 0x95, 0x8B, 0x7B, 0x6D, 0x6D,
  0x6C, 0x70, 0x76, 0x79, 0x6B, 0x64, 0x5C, 0x5F, 0x5A, 0x58, 0x85, 0x87, 0x86, 0x80, 0x85, 0x83, 0x83, 0x7E, 0x76, 0x73, 0x76, 0x87, 0xA7, 0xA6, 0xA2, 0x8F, 0x77, 0x76, 0x81, 0x81, 0x6E, 0x6E,
  0x62, 0x5C, 0x6F, 0x70, 0x6C, 0x7D, 0x8A, 0x8E, 0x82, 0x7C, 0x63, 0x64, 0x5E, 0x5E, 0x7E, 0x81, 0x85, 0x8D, 0x8C, 0x8D, 0x99, 0x9F, 0x95, 0x96, 0x99, 0x8F, 0x76, 0x76, 0x81, 0x8C, 0x9F, 0xA2,
  0xAA, 0xA6, 0x95, 0x93, 0x93, 0x93, 0x86, 0x85, 0x7F, 0x86, 0x72, 0x74, 0x76, 0x83, 0x9F, 0xA3, 0xA0, 0x89, 0x87, 0x8B, 0x92, 0x87, 0x89, 0x87, 0x8B, 0x86, 0x77, 0x78, 0x76, 0x7F, 0x95, 0x9A,
  0x92, 0x87, 0x72, 0x6E, 0x71, 0x6F, 0x76, 0x73, 0x68, 0x6F, 0x70, 0x6D, 0x65, 0x6C, 0x80, 0x81, 0x86, 0x8D, 0x78, 0x77, 0x76, 0x7F, 0x7B, 0x7A, 0x71, 0x7A, 0x71, 0x72, 0x75, 0x84, 0x9A, 0x9D,
  0x9D, 0x95, 0x85, 0x82, 0x86, 0x81, 0x7E, 0x7A, 0x76, 0x7F, 0x7C, 0x7C, 0x88, 0x94, 0x8F, 0x8A, 0x84, 0x8B, 0x88, 0x85, 0x65, 0x59, 0x76, 0x78, 0x79, 0x83, 0x94, 0x96, 0x9F, 0xA6, 0x96, 0x92,
  0x82, 0x83, 0x73, 0x72, 0x63, 0x7A, 0x7B, 0x7A, 0x6A, 0x6D, 0x6E, 0x6E, 0x65, 0x68, 0x83, 0x86, 0x87, 0x82, 0x79, 0x79, 0x77, 0x78, 0x8F, 0x8F, 0x87, 0x7E, 0x71, 0x70, 0x6D, 0x67, 0x6A, 0x6A,
  0x6E, 0x7D, 0x84, 0x83, 0x7E, 0x70, 0x7D, 0x78, 0x78, 0x74, 0x8E, 0x8F, 0xA2, 0xA8, 0xAD, 0xA9, 0x96, 0x90, 0x7B, 0x7A, 0x81, 0x85, 0x7B, 0x7D, 0x70, 0x6C, 0x6E, 0x73, 0x7A, 0x76, 0x81, 0x85,
  0x8E, 0x85, 0x7C, 0x7C, 0x8B, 0x84, 0x82, 0x82, 0x8D, 0x7A, 0x7E, 0x79, 0x98, 0x7D, 0x81, 0x79, 0x7F, 0x7B, 0x76, 0x71, 0x6D, 0x72, 0x79, 0x7A, 0x7B, 0x99, 0xA3, 0xA6, 0xA0, 0xA8, 0x88, 0x8A,
  0x74, 0x68, 0x70, 0x73, 0x82, 0x71, 0x8D, 0x8D, 0x8B, 0x6F, 0x5B, 0x5A, 0x62, 0x6A, 0x7E, 0x7E, 0x89, 0x97, 0x97, 0x96, 0x96, 0x91, 0x8F, 0x8D, 0x93, 0x98, 0x90, 0x8D, 0x83, 0x83, 0x7E, 0x7C,
  0x61, 0x67, 0x5D, 0x62, 0x58, 0x61, 0x69, 0x6D, 0x6E, 0x74, 0x70, 0x71, 0x88, 0x79, 0x76, 0x70, 0x7B, 0x76, 0x77, 0x76, 0x8D, 0x8D, 0x99, 0x98, 0x8E, 0x7C, 0x75, 0x74, 0x77, 0x74, 0x91, 0x93,
  0x9B, 0x82, 0x82, 0x7F, 0x7B, 0x78, 0x8B, 0x8B, 0x8B, 0x90, 0x9B, 0x9B, 0x90, 0x96, 0x84, 0x82, 0x7D, 0x7B, 0x74, 0x75, 0x73, 0x7D, 0x88, 0x8B, 0x90, 0x85, 0x77, 0x75, 0x6D, 0x67, 0x67, 0x68,
  0x6D, 0x6C, 0x78, 0x78, 0x7E, 0x7C, 0x84, 0x84, 0x82, 0x88, 0x86, 0x88, 0x87, 0x8F, 0x9B, 0x9E, 0xA0, 0xA9, 0xB4, 0xB5, 0xA4, 0x96, 0x91, 0x8F, 0x99, 0x9A, 0x9E, 0x9C, 0x90, 0x8A, 0x8A, 0x88,
  0x81, 0x8B, 0x8F, 0x8F, 0x87, 0x82, 0x7F, 0x7F, 0x87, 0x8B, 0x7F, 0x7E, 0x89, 0x85, 0x73, 0x6D, 0x70, 0x80, 0x7E, 0x7D, 0x7E, 0x81, 0x79, 0x7D, 0x87, 0x8E, 0x86, 0x84, 0x6F, 0x77, 0x78, 0x7A,
  0x7D, 0x85, 0x8A, 0x8B, 0x82, 0x71, 0x8B, 0x8C, 0x8F, 0x8F, 0x81, 0x7B, 0x63, 0x54, 0x62, 0x66, 0x73, 0x81, 0x78, 0x75, 0x67, 0x75, 0x7D, 0x7E, 0x77, 0x6F, 0x62, 0x61, 0x60, 0x5A, 0x59, 0x57,
  0x5C, 0x62, 0x75, 0x74, 0x7E, 0x79, 0x7F, 0x81, 0x89, 0x8B, 0x70, 0x70, 0x6D, 0x74, 0x73, 0x76, 0x8C, 0x9F, 0x99, 0x99, 0x97, 0x8D, 0x71, 0x6D, 0x69, 0x76, 0x79, 0x79, 0x77, 0x78, 0x7C, 0x7B,
  0x74, 0x72, 0x8D, 0x91, 0x97, 0x88, 0x76, 0x76, 0x7E, 0x7E, 0x95, 0x95, 0x8D, 0x85, 0x7E, 0x7D, 0x82, 0x76, 0x85, 0x86, 0x9C, 0x9E, 0x7D, 0x77, 0x6D, 0x72, 0x76, 0x74, 0x67, 0x64, 0x76, 0x79,
  0x87, 0xAC, 0xAD, 0xAB, 0x9B, 0x92, 0x8C, 0x8D, 0x88, 0x90, 0x9E, 0x9F, 0x9B, 0x8D, 0x7B, 0x7B, 0x7A, 0x7D, 0x70, 0x72, 0x70, 0x78, 0x82, 0x7F, 0x75, 0x73, 0x7A, 0x7B, 0x78, 0x7E, 0x85, 0x8A,
  0x9A, 0x9C, 0x84, 0x85, 0x85, 0x81, 0x84, 0x86, 0x8A, 0x86, 0x7A, 0x77, 0x6F, 0x6A, 0x7B, 0x7E, 0x82, 0x86, 0x93, 0x93, 0x82, 0x7A, 0x98, 0x9A, 0x93, 0x79, 0x7E, 0x7F, 0x79, 0x76, 0x83, 0x85,
  0x88, 0x8A, 0x83, 0x82, 0x75, 0x64, 0x7C, 0x80, 0x8C, 0x8C, 0x7E, 0x7F, 0x85, 0x87, 0x6D, 0x6B, 0x71, 0x73, 0x64, 0x65, 0x68, 0x7D, 0x7E, 0x81, 0x84, 0x8C, 0x6B, 0x6B, 0x6C, 0x7A, 0x83, 0x83,
  0x7F, 0x7A, 0x73, 0x72, 0x73, 0x7B, 0x84, 0x86, 0x88, 0x97, 0x87, 0x86, 0x74, 0x74, 0x70, 0x73, 0x7E, 0x84, 0xA0, 0xA2, 0x9E, 0x96, 0x7E, 0x7D, 0x6A, 0x76, 0x7D, 0x83, 0x86, 0x91, 0x90, 0x93,
  0x8B, 0x76, 0x6C, 0x6C, 0x72, 0x75, 0x7D, 0x7D, 0x7D, 0x85, 0x7F, 0x80, 0x85, 0x89, 0x6F, 0x70, 0x70, 0x7C, 0x82, 0x82, 0x7C, 0x85, 0x9A, 0x9D, 0x91, 0x81, 0x83, 0x85, 0x90, 0x89, 0x78, 0x77,
  0x72, 0x71, 0x8D, 0x8E, 0x93, 0x93, 0x90, 0x92, 0x8E, 0x80, 0x73, 0x70, 0x6E, 0x66, 0x7F, 0x7B, 0x7B, 0x70, 0x95, 0x95, 0x98, 0x98, 0x78, 0x76, 0x6D, 0x68, 0x6D, 0x6C, 0x6D, 0x6F, 0x7E, 0x7D,
  0x90, 0x96, 0x91, 0x93, 0xA2, 0x9A, 0x81, 0x80, 0x80, 0x82, 0x74, 0x72, 0x7D, 0x87, 0x7D, 0x79, 0x7A, 0x80, 0x80, 0x82, 0x8D, 0x9F, 0x98, 0x97, 0x8B, 0x86, 0x8B, 0x8C, 0x90, 0x85, 0x83, 0x84,
  0x86, 0x88, 0x93, 0x98, 0xA6, 0x9A, 0x88, 0x88, 0x78, 0x67, 0x6D, 0x6E, 0x6F, 0x6C, 0x80, 0x81, 0x82, 0x82, 0x96, 0x94, 0x8C, 0x8C, 0x91, 0x91, 0x80, 0x73, 0x75, 0x76, 0x82, 0x88, 0xA3, 0xA6,
  0xA3, 0x91, 0x99, 0x9A, 0x9D, 0x88, 0x79, 0x76, 0x7F, 0x8A, 0x86, 0x83, 0x7E, 0x85, 0x8B, 0x8A, 0x88, 0x86, 0x79, 0x77, 0x72, 0x6F, 0x6B, 0x6B, 0x6A, 0x73, 0x7F, 0x7F, 0x87, 0x7C, 0x70, 0x6D,
  0x6A, 0x64, 0x67, 0x63, 0x61, 0x5F, 0x52, 0x53, 0x61, 0x72, 0x86, 0x89, 0x94, 0xA2, 0xB1, 0xB0, 0xA0, 0x92, 0x66, 0x61, 0x5B, 0x58, 0x59, 0x5A, 0x65, 0x6D, 0x71, 0x72, 0x6F, 0x68, 0x61, 0x61,
  0x5E, 0x66, 0x75, 0x75, 0x77, 0x80, 0x85, 0x86, 0x87, 0x8C, 0x8D, 0x8C, 0x87, 0x7E, 0x7E, 0x7D, 0x83, 0x87, 0x7C, 0x79, 0x6A, 0x70, 0x75, 0x76, 0x78, 0x8A, 0x98, 0x97, 0x95, 0x89, 0x83, 0x80,
  0x83, 0x80, 0x88, 0x89, 0x87, 0x84, 0x82, 0x82, 0x81, 0x86, 0x86, 0x83, 0x7A, 0x82, 0x82, 0x84, 0x7A, 0x80, 0x81, 0x81, 0x7A, 0x71, 0x7B, 0x7D, 0x84, 0x7F, 0x7E, 0x7E, 0x80, 0x7C, 0x66, 0x66,
  0x72, 0x82, 0x98, 0x95, 0x8B, 0x85, 0x97, 0x96, 0x90, 0x84, 0x83, 0x84, 0x8E, 0x94, 0x8F, 0x8E, 0x8B, 0x81, 0x6E, 0x6B, 0x6B, 0x6C, 0x6E, 0x6D, 0x72, 0x87, 0x87, 0x86, 0x79, 0x82, 0x8D, 0x8E,
  0x81, 0x7B, 0x72, 0x74, 0x7D, 0x7F, 0x8B, 0x8B, 0x8F, 0x95, 0x95, 0x91, 0x7D, 0x78, 0x74, 0x73, 0x6C, 0x6E, 0x7B, 0x7E, 0x81, 0x81, 0x80, 0x80, 0x83, 0x7D, 0x84, 0x84, 0x87, 0x83, 0x8F, 0x8D,
  0x90, 0x88, 0x7B, 0x78, 0x7E, 0x8B, 0x99, 0x98, 0x96, 0xA1, 0x90, 0x8E, 0x8D, 0x89, 0x89, 0x86, 0x7E, 0x80, 0x7B, 0x79, 0x68, 0x67, 0x75, 0x77, 0x83, 0x82, 0x78, 0x77, 0x71, 0x65, 0x60, 0x5F,
  0x66, 0x77, 0x71, 0x70, 0x66, 0x71, 0x8F, 0x95, 0xA0, 0x9C, 0x91, 0x90, 0x8F, 0x85, 0x83, 0x82, 0x84, 0x8C, 0x8B, 0x89, 0x87, 0x95, 0xA8, 0xA6, 0xA0, 0x9A, 0x80, 0x80, 0x7C, 0x79, 0x86, 0x85,
  0x88, 0x8E, 0x95, 0x96, 0x99, 0x9B, 0xA1, 0xA1, 0x93, 0x8E, 0x82, 0x82, 0x7A, 0x7E, 0x83, 0x83, 0x8B, 0x86, 0x74, 0x71, 0x71, 0x71, 0x76, 0x74, 0x72, 0x70, 0x6E, 0x6C, 0x6A, 0x69, 0x67, 0x66,
  0x65, 0x64, 0x64, 0x64, 0x65, 0x66, 0x68, 0x6B, 0x6E, 0x78, 0x7E, 0x81, 0x81, 0x79, 0x68, 0x68, 0x70, 0x6A, 0x5C, 0x59, 0x63, 0x73, 0x89, 0x8A, 0x85, 0x83, 0x75, 0x75, 0x76, 0x77, 0x77, 0x77,
  0x8C, 0x82, 0x7F, 0x7B, 0x7C, 0x89, 0x88, 0x87, 0x7E, 0x8F, 0x7B, 0x7B, 0x70, 0x71, 0x79, 0x7C, 0x86, 0x81, 0x95, 0x95, 0x9B, 0x8B, 0x73, 0x70, 0x61, 0x58, 0x59, 0x5B, 0x63, 0x6A, 0x6C, 0x68,
  0x60, 0x55, 0x5D, 0x5B, 0x5C, 0x5B, 0x7F, 0x82, 0x7B, 0x63, 0x6E, 0x70, 0x8C, 0xAD, 0xA4, 0xA8, 0x9E, 0x73, 0x88, 0x87, 0x9C, 0xA1, 0x7F, 0x71, 0x63, 0x5C, 0x74, 0x73, 0x8D, 0x97, 0x72, 0x71,
  0x7A, 0x8C, 0xBC, 0xBD, 0xC3, 0xA0, 0x60, 0x59, 0x6A, 0x90, 0xBF, 0xBE, 0xB4, 0x94, 0x6C, 0x6C, 0x72, 0x93, 0xAA, 0xAA, 0x90, 0x6A, 0x58, 0x55, 0x63, 0x7B, 0x82, 0x7F, 0x69, 0x66, 0x70, 0x74,
  0x89, 0x9A, 0xB4, 0xB1, 0x7E, 0x54, 0x46, 0x4B, 0x6F, 0x95, 0xA5, 0xA1, 0x80, 0x7C, 0x9B, 0x9D, 0xA8, 0xA5, 0x97, 0x95, 0x86, 0x74, 0x77, 0x79, 0x83, 0x87, 0x96, 0x97, 0x9F, 0xA2, 0xA0, 0xA0,
  0x8F, 0x74, 0x4F, 0x4F, 0x52, 0x5B, 0x99, 0xA1, 0xB5, 0xA3, 0x66, 0x5E, 0x4C, 0x54, 0x74, 0x75, 0x7B, 0x84, 0x67, 0x67, 0x7A, 0x98, 0xB6, 0xB4, 0xA2, 0x88, 0x70, 0x6F, 0x6D, 0x6C, 0x7C, 0x7E,
  0x8E, 0x94, 0x85, 0x82, 0x7E, 0x7C, 0x76, 0x76, 0x74, 0x75, 0x82, 0x84, 0x9F, 0xAF, 0xB1, 0xAF, 0xA0, 0x8E, 0x69, 0x68, 0x6D, 0x76, 0x77, 0x79, 0x81, 0x85, 0x85, 0x81, 0x77, 0x6D, 0x6E, 0x6C,
  0x6B, 0x69, 0x67, 0x67, 0x6E, 0x75, 0x82, 0x82, 0x85, 0x8C, 0x70, 0x6E, 0x6D, 0x7D, 0x90, 0x8D, 0x7D, 0x80, 0x8B, 0x8B, 0x7E, 0x8A, 0x95, 0x95, 0x86, 0x7D, 0x70, 0x70, 0x75, 0x79, 0x8B, 0x8A,
  0x82, 0x7D, 0x77, 0x75, 0x6A, 0x6F, 0x6B, 0x6C, 0x68, 0x8C, 0x9A, 0x9E, 0x9E, 0x93, 0x75, 0x75, 0x78, 0x75, 0x88, 0x89, 0x8E, 0x90, 0x88, 0x87, 0x83, 0x82, 0x87, 0x87, 0x75, 0x6D, 0x63, 0x68,
  0x6B, 0x76, 0x89, 0x8C, 0x97, 0x85, 0x77, 0x73, 0x88, 0x86, 0x75, 0x6C, 0x61, 0x65, 0x6B, 0x68, 0x6C, 0x81, 0x94, 0x97, 0x8B, 0x8F, 0x75, 0x75, 0x69, 0x68, 0x79, 0x79, 0x7E, 0x7D, 0x92, 0x91,
  0x97, 0x92, 0x7D, 0x7B, 0x73, 0x73, 0x75, 0x75, 0x7C, 0x7B, 0x88, 0x88, 0x8B, 0x98, 0x8B, 0x89, 0x7A, 0x73, 0x86, 0x87, 0x76, 0x7C, 0x84, 0x89, 0x82, 0x8C, 0x99, 0x99, 0x8D, 0x84, 0x83, 0x80,
  0x69, 0x71, 0x8A, 0x8F, 0x99, 0x90, 0x9F, 0x98, 0x8A, 0xA1, 0x99, 0x95, 0x70, 0x86, 0x71, 0x75, 0x61, 0x7B, 0x78, 0x7B, 0x7E, 0x7F, 0x8B, 0x8C, 0x79, 0x93, 0x79, 0x7E, 0x6C, 0x7E, 0x80, 0x82,
  0x88, 0x7F, 0x81, 0x7F, 0x90, 0x7E, 0x95, 0x8F, 0xB5, 0xA0, 0x9C, 0x8C, 0x99, 0x9A, 0x99, 0x90, 0x7E, 0xA0, 0x88, 0x89, 0x6A, 0x8E, 0x81, 0x86, 0x68, 0x71, 0x65, 0x6A, 0x59, 0x54, 0x69, 0x69,
  0x7C, 0x6A, 0x7C, 0x7A, 0x8F, 0x8B, 0x87, 0x7D, 0x71, 0x72, 0x71, 0x6D, 0x62, 0x6E, 0x91, 0x94, 0x91, 0xA4, 0x86, 0x88, 0x66, 0x7A, 0x80, 0x85, 0x72, 0x71, 0x7B, 0x84, 0x86, 0x97, 0x8A, 0x92,
  0x84, 0x76, 0x76, 0x7F, 0x96, 0x74, 0x66, 0x62, 0x81, 0x78, 0x89, 0x83, 0x98, 0x7F, 0x6E, 0x61, 0x63, 0x70, 0x90, 0x8B, 0x88, 0x9D, 0x7F, 0x82, 0x6D, 0x79, 0x7F, 0x84, 0x86, 0x75, 0x65, 0x65,
  0x76, 0x71, 0x7D, 0x79, 0x88, 0x81, 0x6F, 0x6B, 0x7A, 0x85, 0x88, 0x7F, 0x6E, 0x6B, 0x7A, 0x76, 0x69, 0x86, 0x90, 0x94, 0x84, 0x8D, 0x8F, 0x90, 0x8C, 0x91, 0x9B, 0x9D, 0xA0, 0x8C, 0x70, 0x6F,
  0x71, 0x80, 0x95, 0x9D, 0xA5, 0x94, 0x79, 0x7E, 0x95, 0x83, 0x75, 0x73, 0x90, 0x79, 0x7D, 0x75, 0x74, 0x85, 0x80, 0x80, 0x71, 0x8A, 0x84, 0x87, 0x85, 0x87, 0x6B, 0x64, 0x66, 0x75, 0x8B, 0x8A,
  0x85, 0xA3, 0x9C, 0xA1, 0x9F, 0x90, 0x8F, 0x90, 0x8A, 0x81, 0x6B, 0x6A, 0x6D, 0x6E, 0x75, 0x74, 0x81, 0x81, 0x91, 0x92, 0x8D, 0x84, 0x82, 0x83, 0x84, 0x7E, 0x84, 0x86, 0xA1, 0x8C, 0x95, 0x91,
  0x91, 0x7C, 0x87, 0x83, 0x84, 0x87, 0x9C, 0x9A, 0x8B, 0x87, 0x69, 0x6A, 0x59, 0x58, 0x53, 0x53, 0x59, 0x70, 0x7F, 0x81, 0x79, 0x6C, 0x6C, 0x6D, 0x6E, 0x68, 0x72, 0x74, 0x7A, 0x6F, 0x86, 0x85,
  0xA4, 0x94, 0x90, 0x8B, 0x91, 0x93, 0x95, 0x95, 0x8F, 0x96, 0x9C, 0x9D, 0x98, 0x9C, 0x93, 0x94, 0x8A, 0x8A, 0x72, 0x73, 0x6A, 0x71, 0x7B, 0x7C, 0x8F, 0x86, 0x80, 0x7D, 0x76, 0x7B, 0x7F, 0x80,
  0x73, 0x6D, 0x71, 0x74, 0x7A, 0x88, 0x94, 0x95, 0x91, 0x8B, 0x78, 0x76, 0x6D, 0x61, 0x66, 0x64, 0x72, 0x76, 0x8B, 0x8C, 0x93, 0x9D, 0x8F, 0x91, 0x87, 0x8A, 0x81, 0x83, 0x89, 0x8F, 0x8D, 0x8C,
  0x87, 0x83, 0x86, 0x87, 0x83, 0x83, 0x8E, 0x91, 0x8D, 0x87, 0x84, 0x86, 0x81, 0x81, 0x7A, 0x7B, 0x7E, 0x84, 0x82, 0x82, 0x7F, 0x88, 0x8C, 0x8B, 0x8C, 0x7B, 0x7B, 0x78, 0x78, 0x71, 0x6A, 0x68,
  0x6D, 0x76, 0x77, 0x7A, 0x83, 0x6F, 0x67, 0x64, 0x7E, 0x69, 0x72, 0x6A, 0x65, 0x70, 0x6E, 0x74, 0x49, 0x72, 0x69, 0x74, 0x7C, 0x71, 0x86, 0x7F, 0x83, 0x8D, 0x94, 0x96, 0x63, 0x7F, 0x71, 0x7C,
  0x9E, 0x79, 0x88, 0x7D, 0x87, 0x8C, 0xA2, 0xA3, 0x72, 0x91, 0x62, 0x67, 0x5C, 0x53, 0x5C, 0x5F, 0x69, 0x64, 0x69, 0x68, 0x87, 0x78, 0x97, 0x90, 0x7B, 0x98, 0x7A, 0x85, 0x6E, 0x71, 0x85, 0x85,
  0xA6, 0x90, 0x93, 0x93, 0x91, 0x9D, 0xA4, 0xA3, 0xA5, 0x8F, 0x79, 0x7A, 0x69, 0x86, 0x75, 0x76, 0x8D, 0x73, 0x91, 0x85, 0x82, 0x94, 0x77, 0x7F, 0x5F, 0x69, 0x5F, 0x61, 0x8F, 0x72, 0x87, 0x7E,
  0x83, 0x8B, 0x81, 0x7F, 0x85, 0x7F, 0x82, 0x81, 0x89, 0x97, 0x8A, 0x8F, 0x93, 0x8D, 0x8F, 0x8C, 0xA8, 0x8B, 0x91, 0x8A, 0x83, 0x8C, 0x85, 0x88, 0x84, 0x7A, 0x7D, 0x79, 0x81, 0x71, 0x7E, 0x7D,
  0x6D, 0x7E, 0x88, 0x8A, 0x84, 0x73, 0x77, 0x78, 0x77, 0x81, 0x7C, 0x7D, 0x90, 0x85, 0x88, 0x80, 0x76, 0x89, 0x81, 0x82, 0x7D, 0x95, 0x8E, 0x8B, 0x82, 0x7B, 0x70, 0x72, 0x74, 0x7C, 0x72, 0x75,
  0x83, 0x6E, 0x7B, 0x7A, 0x83, 0x8C, 0x80, 0x84, 0x75, 0x7C, 0x88, 0x8E, 0x83, 0x74, 0x6E, 0x70, 0x8C, 0x7A, 0x89, 0x83, 0x87, 0x8F, 0x7E, 0x82, 0x6E, 0x7E, 0x80, 0x86, 0x9D, 0x8B, 0x80, 0x7E,
  0x81, 0x76, 0x7E, 0x7E, 0x7F, 0x7D, 0x81, 0x82, 0x86, 0x72, 0x77, 0x75, 0x80, 0x85, 0x95, 0x97, 0x86, 0x81, 0x87, 0x85, 0x8E, 0x85, 0x86, 0x86, 0x75, 0x89, 0x8D, 0x8F, 0x9D, 0x89, 0x9F, 0x96,
  0x88, 0x87, 0x82, 0x80, 0x73, 0x79, 0x80, 0x7E, 0x75, 0x81, 0x86, 0x84, 0x78, 0x77, 0x7D, 0x7D, 0x7F, 0x7C, 0x7E, 0x7B, 0x74, 0x83, 0x82, 0x81, 0x6E, 0x6B, 0x66, 0x66, 0x61, 0x6F, 0x80, 0x7F,
  0x73, 0x7D, 0x75, 0x77, 0x86, 0x8E, 0x82, 0x80, 0x72, 0x86, 0x84, 0x83, 0x74, 0x74, 0x7D, 0x7A, 0x8B, 0x95, 0x8C, 0x8C, 0x77, 0x67, 0x7D, 0x76, 0x79, 0x90, 0x86, 0x8D, 0x8F, 0x8F, 0x9E, 0x9B,
  0x82, 0x96, 0x7B, 0x7D, 0x8D, 0x83, 0x8B, 0x8F, 0x7A, 0x79, 0x86, 0x84, 0x80, 0x94, 0x7E, 0x7F, 0x7F, 0x66, 0x78, 0x7A, 0x5F, 0x76, 0x71, 0x6D, 0x79, 0x98, 0x80, 0x86, 0x86, 0x75, 0x8A, 0x83,
  0x73, 0x87, 0x74, 0x6D, 0x73, 0x7D, 0x7A, 0x82, 0x86, 0x7A, 0x97, 0x8F, 0x72, 0x84, 0x74, 0x76, 0x8E, 0x75, 0x8B, 0x91, 0x87, 0x85, 0x8B, 0x87, 0x8A, 0x9B, 0x74, 0x7B, 0x96, 0x82, 0x86, 0x8A,
  0x72, 0x66, 0x6D, 0x67, 0x6A, 0x86, 0x7A, 0x7F, 0xA0, 0x7F, 0x8A, 0x8A, 0x7A, 0x7B, 0x62, 0x5E, 0x79, 0x85, 0x87, 0x89, 0x94, 0x79, 0x83, 0x7F, 0x83, 0x76, 0x70, 0x68, 0x75, 0x62, 0x75, 0x72,
  0x73, 0x78, 0x80, 0x78, 0x73, 0x8B, 0x6F, 0x6C, 0x75, 0x76, 0x83, 0x85, 0x67, 0x6D, 0x93, 0x91, 0x6C, 0x8D, 0x7C, 0x7E, 0x86, 0x87, 0x76, 0x7C, 0x82, 0x75, 0x8C, 0x8C, 0x7C, 0x7E, 0x7F, 0x7A,
  0x73, 0x95, 0x83, 0x84, 0x80, 0x87, 0x78, 0x7C, 0x83, 0x86, 0x66, 0x68, 0x6F, 0x64, 0x65, 0x65, 0x7C, 0x7A, 0x7D, 0x76, 0x84, 0x95, 0x79, 0x7A, 0x8F, 0x81, 0x89, 0x8B, 0x91, 0x8C, 0x93, 0x94,
  0x97, 0x8F, 0x7E, 0x7C, 0x95, 0x91, 0x81, 0x81, 0x8A, 0x8A, 0x8C, 0x8D, 0x91, 0x90, 0x90, 0x8D, 0x89, 0x82, 0x7C, 0x7B, 0x72, 0x77, 0x89, 0x8D, 0x8A, 0x87, 0x94, 0x97, 0x7C, 0x78, 0x83, 0x81,
  0x71, 0x75, 0x84, 0x82, 0x87, 0x8C, 0x83, 0x88, 0x8A, 0x7A, 0x79, 0x77, 0x88, 0x79, 0x7F, 0x7B, 0x87, 0x7D, 0x8B, 0x89, 0x81, 0x7E, 0x90, 0x8A, 0x6C, 0x7B, 0x6A, 0x68, 0x79, 0x79, 0x8A, 0x8B,
  0x90, 0x8E, 0x89, 0x85, 0x79, 0x89, 0x7D, 0x7B, 0x7A, 0x7F, 0x8B, 0x8A, 0x84, 0x89, 0x8E, 0x90, 0x84, 0x88, 0x7F, 0x7D, 0x6E, 0x77, 0x7A, 0x80, 0x6E, 0x7D, 0x7A, 0x7F, 0x85, 0x8A, 0x83, 0x82,
  0x7D, 0x70, 0x73, 0x76, 0x85, 0x7F, 0x89, 0x89, 0x87, 0x7B, 0x7A, 0x77, 0x71, 0x7A, 0x6B, 0x6E, 0x80, 0x83, 0x88, 0x87, 0x86, 0x84, 0x7F, 0x82, 0x89, 0x7A, 0x7F, 0x7F, 0x88, 0x80, 0x82, 0x7F,
  0x85, 0x7D, 0x7F, 0x7D, 0x8C, 0x82, 0x7F, 0x7E, 0x79, 0x70, 0x81, 0x82, 0x7D, 0x7D, 0x7E, 0x7B, 0x7C, 0x7D, 0x81, 0x7F, 0x7C, 0x80, 0x83, 0x84, 0x87, 0x86, 0x88, 0x87, 0x81, 0x85, 0x84, 0x84,
  0x7D, 0x81, 0x8A, 0x8A, 0x83, 0x82, 0x7D, 0x7F, 0x79, 0x76, 0x7B, 0x7C, 0x81, 0x7A, 0x81, 0x7F, 0x7A, 0x7D, 0x71, 0x71, 0x75, 0x80, 0x82, 0x80, 0x7C, 0x7D, 0x7C, 0x7D, 0x7A, 0x82, 0x76, 0x77,
  0x7A, 0x7C, 0x88, 0x89, 0x87, 0x81, 0x83, 0x84, 0x81, 0x76, 0x7C, 0x7A, 0x79, 0x82, 0x7D, 0x7F, 0x79, 0x7E, 0x7F, 0x80, 0x81, 0x7B, 0x78, 0x77, 0x76, 0x76, 0x86, 0x87, 0x82, 0x89, 0x85, 0x84,
  0x8C, 0x8B, 0x86, 0x85, 0x86, 0x84, 0x79, 0x78, 0x74, 0x7A, 0x88, 0x87, 0x83, 0x80, 0x77, 0x76, 0x74, 0x76, 0x76, 0x78, 0x83, 0x84, 0x82, 0x7F, 0x7E, 0x7B, 0x7F, 0x7D, 0x80, 0x81, 0x89, 0x87,
  0x7E, 0x82, 0x82, 0x82, 0x86, 0x81, 0x88, 0x85, 0x85, 0x81, 0x8C, 0x87, 0x85, 0x8F, 0x86, 0x87, 0x80, 0x7F, 0x7C, 0x7A, 0x82, 0x81, 0x84, 0x84, 0x85, 0x8B, 0x86, 0x85, 0x7A, 0x77, 0x77, 0x76,
  0x6F, 0x72, 0x78, 0x7A, 0x86, 0x82, 0x82, 0x81, 0x85, 0x81, 0x85, 0x86, 0x80, 0x8B, 0x80, 0x7F, 0x86, 0x86, 0x8F, 0x91, 0x8F, 0x8D, 0x7F, 0x81, 0x82, 0x84, 0x7D, 0x7F, 0x77, 0x68, 0x7A, 0x79,
  0x7D, 0x80, 0x80, 0x80, 0x7D, 0x7D, 0x7E, 0x7D, 0x7E, 0x7A, 0x7A, 0x7A, 0x78, 0x7F, 0x7E, 0x7C, 0x7C, 0x7D, 0x81, 0x82, 0x86, 0x87, 0x90, 0x91, 0x8F, 0x88, 0x87, 0x85, 0x88, 0x85, 0x7E, 0x7C,
  0x7F, 0x7B, 0x7D, 0x7B, 0x87, 0x81, 0x86, 0x87, 0x81, 0x72, 0x7A, 0x7B, 0x79, 0x76, 0x7C, 0x7C, 0x86, 0x7C, 0x7F, 0x81, 0x81, 0x70, 0x79, 0x78, 0x6A, 0x7D, 0x89, 0x8B, 0x80, 0x80, 0x7D, 0x80,
  0x7B, 0x7D, 0x84, 0x84, 0x86, 0x8A, 0x8A, 0x8A, 0x80, 0x80, 0x8A, 0x8A, 0x8B, 0x8C, 0x82, 0x7E, 0x85, 0x84, 0x6E, 0x6E, 0x71, 0x7D, 0x82, 0x85, 0x7F, 0x85, 0x7A, 0x79, 0x7E, 0x77, 0x6E, 0x71,
  0x73, 0x68, 0x72, 0x73, 0x77, 0x7E, 0x84, 0x85, 0x89, 0x80, 0x8D, 0x8D, 0x89, 0x87, 0x7D, 0x7A, 0x7D, 0x7C, 0x84, 0x83, 0x82, 0x88, 0x85, 0x85, 0x89, 0x85, 0x7A, 0x79, 0x7B, 0x77, 0x78, 0x77,
  0x74, 0x77, 0x88, 0x87, 0x7F, 0x7F, 0x81, 0x81, 0x88, 0x83, 0x91, 0x91, 0x8E, 0x89, 0x7F, 0x7B, 0x80, 0x7E, 0x7F, 0x7C, 0x7C, 0x89, 0x8D, 0x8C, 0x85, 0x87, 0x7E, 0x7D, 0x7B, 0x74, 0x7C, 0x7E,
};

const uint8_t snd_gun_fire1[] = {
  0x94, 0x91, 0x8B, 0x8B, 0x86, 0x7F, 0x78, 0x78, 0x7B, 0x84, 0x8E, 0x90, 0x94, 0x90, 0x8D, 0x8D, 0x88, 0x83, 0x78, 0x77, 0x71, 0x72, 0x6D, 0x6F, 0x6D, 0x6D, 0x74, 0x76, 0x7C, 0x80, 0x80, 0x80,
  0x82, 0x81, 0x7F, 0x7F, 0x82, 0x7B, 0x7D, 0x7C, 0x7D, 0x82, 0x82, 0x80, 0x83, 0x82, 0x8F, 0x8D, 0x89, 0x93, 0x91, 0x92, 0x8B, 0x88, 0x83, 0x82, 0x83, 0x7D, 0x80, 0x7F, 0x84, 0x81, 0x85, 0x84,
  0x89, 0x88, 0x83, 0x81, 0x7E, 0x7B, 0x7B, 0x7B, 0x7E, 0x82, 0x86, 0x88, 0x89, 0x8C, 0x88, 0x8A, 0x88, 0x85, 0x83, 0x84, 0x87, 0x83, 0x87, 0x88, 0x86, 0x8B, 0x89, 0x8A, 0x87, 0x86, 0x84, 0x84,
  0x84, 0x83, 0x83, 0x83, 0x80, 0x84, 0x86, 0x88, 0x86, 0x86, 0x7C, 0x7E, 0x7B, 0x7E, 0x7D, 0x7F, 0x7B, 0x7C, 0x7C, 0x7D, 0x81, 0x78, 0x78, 0x77, 0x78, 0x74, 0x75, 0x76, 0x7A, 0x7A, 0x7F, 0x7E,
  0x82, 0x7B, 0x78, 0x75, 0x77, 0x78, 0x82, 0x83, 0x81, 0x8F, 0x92, 0x94, 0x90, 0x91, 0x8C, 0x8C, 0x86, 0x87, 0x87, 0x88, 0x80, 0x86, 0x84, 0x85, 0x7F, 0x7F, 0x7B, 0x7A, 0x6E, 0x70, 0x6C, 0x6F,
  0x6C, 0x6F, 0x6E, 0x70, 0x77, 0x75, 0x82, 0x82, 0x84, 0x88, 0x8C, 0x8C, 0x93, 0x96, 0x98, 0x96, 0x99, 0x93, 0x93, 0x8F, 0x8D, 0x8A, 0x87, 0x86, 0x82, 0x83, 0x81, 0x81, 0x83, 0x7C, 0x7B, 0x7A,
  0x79, 0x7E, 0x7F, 0x80, 0x7F, 0x83, 0x7F, 0x7F, 0x79, 0x79, 0x76, 0x78, 0x79, 0x7B, 0x7F, 0x82, 0x89, 0x84, 0x85, 0x84, 0x87, 0x83, 0x82, 0x81, 0x85, 0x82, 0x7F, 0x7B, 0x84, 0x7D, 0x7C, 0x78,
  0x77, 0x7B, 0x7E, 0x7E, 0x7B, 0x7F, 0x7C, 0x7D, 0x7F, 0x81, 0x7D, 0x7C, 0x7E, 0x80, 0x87, 0x87, 0x84, 0x87, 0x88, 0x89, 0x88, 0x88, 0x85, 0x85, 0x85, 0x87, 0x86, 0x85, 0x83, 0x84, 0x84, 0x84,
  0x7D, 0x80, 0x7E, 0x7F, 0x7E, 0x7C, 0x7D, 0x7D, 0x81, 0x7D, 0x80, 0x7F, 0x7F, 0x7D, 0x81, 0x80, 0x82, 0x82, 0x86, 0x85, 0x83, 0x89, 0x8A, 0x8B, 0x88, 0x8A, 0x88, 0x88, 0x89, 0x8A, 0x87, 0x88,
  0x84, 0x86, 0x85, 0x86, 0x84, 0x85, 0x86, 0x86, 0x85, 0x86, 0x85, 0x85, 0x83, 0x82, 0x7D, 0x7C, 0x7A, 0x79, 0x79, 0x7B, 0x91, 0x73, 0xA8, 0xA4, 0x4E, 0x9E, 0x61, 0x69, 0x49, 0x61, 0x6B, 0x69,
  0x9A, 0x60, 0x84, 0x7B, 0xAA, 0x70, 0x68, 0x50, 0xBD, 0x7E, 0x87, 0x62, 0x9C, 0x96, 0xAA, 0x91, 0x64, 0xAF, 0x9E, 0x9E, 0x6E, 0x89, 0xAA, 0xB4, 0xA9, 0xB8, 0xAA, 0xAC, 0xA1, 0x9C, 0x3E, 0x3D,
  0x73, 0x93, 0x42, 0x3B, 0x44, 0x40, 0x4A, 0x47, 0x56, 0x51, 0x5B, 0x58, 0x5F, 0x61, 0x66, 0x65, 0x67, 0x6B, 0x6F, 0x6F, 0x72, 0x88, 0xCA, 0xC7, 0xD5, 0xCC, 0xC9, 0xC1, 0xBB, 0xC3, 0xBC, 0xB9,
  0xAC, 0xB5, 0xAC, 0xAC, 0xA3, 0xA5, 0x9F, 0x9F, 0x9B, 0x9A, 0x94, 0x93, 0x95, 0x92, 0x8B, 0x89, 0x86, 0x7D, 0x64, 0x5C, 0x7B, 0x91, 0x8E, 0x88, 0x79, 0x94, 0x85, 0x83, 0x6E, 0x85, 0x78, 0x79,
  0x67, 0x7E, 0x72, 0x72, 0x62, 0x53, 0x71, 0x6F, 0x62, 0x6D, 0x57, 0x59, 0x32, 0x52, 0x52, 0x5F, 0x4E, 0x54, 0x69, 0x71, 0x6F, 0x6D, 0x95, 0x9D, 0x95, 0x92, 0x96, 0x9B, 0xA9, 0x89, 0x7B, 0x80,
  0x9C, 0x6A, 0x70, 0x67, 0x6F, 0x6A, 0x61, 0x62, 0x4F, 0x57, 0x49, 0x54, 0x4D, 0x50, 0x5A, 0x61, 0x5D, 0x5E, 0x61, 0x65, 0x6D, 0x69, 0x77, 0x7A, 0x8C, 0x82, 0x8B, 0x89, 0x80, 0x91, 0x8E, 0x8B,
  0x8C, 0x91, 0xAC, 0xAC, 0x9F, 0x93, 0x96, 0x93, 0x99, 0x9D, 0xA7, 0xA5, 0xA0, 0x99, 0x92, 0x90, 0x8D, 0x89, 0x7E, 0x7F, 0x81, 0x7E, 0x74, 0x75, 0x6B, 0x70, 0x6D, 0x71, 0x65, 0x73, 0x63, 0x63,
  0x70, 0x62, 0x66, 0x61, 0x72, 0x71, 0x77, 0x76, 0x7C, 0x78, 0x7E, 0x7D, 0x90, 0x9D, 0x97, 0x95, 0x9B, 0x82, 0x8E, 0x89, 0x98, 0x8F, 0x95, 0x8F, 0x96, 0x89, 0x80, 0x78, 0x87, 0x8D, 0x8F, 0x8B,
  0x82, 0x87, 0x83, 0x82, 0x7D, 0x81, 0x7F, 0x7F, 0x79, 0x7C, 0x8D, 0x90, 0x96, 0x93, 0x95, 0x97, 0x9E, 0x9E, 0x8E, 0x91, 0x8B, 0x82, 0x84, 0x85, 0x93, 0x87, 0x81, 0x7E, 0x82, 0x7A, 0x7F, 0x7C,
  0x7A, 0x7B, 0x7A, 0x7B, 0x7D, 0x84, 0x88, 0x88, 0x87, 0x8B, 0x89, 0x8A, 0x89, 0x79, 0x7C, 0x79, 0x73, 0x8B, 0x86, 0x8A, 0x7F, 0x85, 0x8A, 0x89, 0x83, 0x85, 0x82, 0x7D, 0x6A, 0x78, 0x72, 0x73,
  0x79, 0x74, 0x72, 0x6D, 0x79, 0x7B, 0x82, 0x7A, 0x76, 0x9F, 0xAA, 0xA9, 0x9A, 0xA5, 0xA3, 0xA3, 0x9F, 0x9E, 0x96, 0x94, 0x8E, 0x91, 0x8C, 0x8B, 0x89, 0x85, 0x88, 0x86, 0x92, 0x81, 0x7C, 0x77,
  0x84, 0x80, 0x85, 0x82, 0x83, 0x83, 0x88, 0x87, 0x87, 0x82, 0x7C, 0x7A, 0x83, 0x7D, 0x7D, 0x7D, 0x82, 0x7A, 0x7E, 0x7D, 0x86, 0x81, 0x7E, 0x7D, 0x83, 0x80, 0x7C, 0x7C, 0x7E, 0x7B, 0x7A, 0x7B,
  0x7A, 0x74, 0x79, 0x79, 0x7F, 0x7B, 0x82, 0x82, 0x7D, 0x7E, 0x77, 0x78, 0x7E, 0x76, 0x78, 0x77, 0x83, 0x7D, 0x87, 0x84, 0x8E, 0x8D, 0x8D, 0x8A, 0x88, 0x88, 0x84, 0x83, 0x7C, 0x81, 0x7C, 0x7B,
  0x7A, 0x7D, 0x7A, 0x7A, 0x79, 0x7D, 0x7D, 0x7D, 0x7D, 0x7B, 0x7D, 0x7E, 0x7B, 0x80, 0x82, 0x84, 0x83, 0x84, 0x84, 0x85, 0x86, 0x83, 0x7F, 0x7F, 0x7E, 0x79, 0x73, 0x73, 0x70, 0x6B, 0x6C, 0x6C,
  0x6F, 0x71, 0x77, 0x78, 0x7C, 0x80, 0x86, 0x88, 0x8B, 0x8A, 0x8B, 0x8B, 0x88, 0x88, 0x85, 0x86, 0x88, 0x80, 0x7D, 0x7D, 0x80, 0x7A, 0x7A, 0x79, 0x7A, 0x7E, 0x77, 0x77, 0x76, 0x7C, 0x89, 0x8A,
  0x82, 0x7E, 0x75, 0x75, 0x73, 0x70, 0x72, 0x73, 0x7E, 0x7C, 0x8D, 0x8C, 0x90, 0x99, 0x97, 0x97, 0x8A, 0x8D, 0x7F, 0x7F, 0x75, 0x76, 0x74, 0x77, 0x80, 0x84, 0x85, 0x84, 0x85, 0x7C, 0x72, 0x71,
  0x78, 0x70, 0x62, 0x5C, 0x5D, 0x5A, 0x61, 0x5E, 0x56, 0x72, 0x7C, 0x7F, 0x7D, 0x95, 0x9A, 0x9E, 0x9E, 0x9C, 0x9A, 0x9A, 0xA1, 0x94, 0x94, 0x91, 0x94, 0x93, 0x8D, 0x8C, 0x87, 0x86, 0x84, 0x84,
  0x7D, 0x76, 0x6C, 0x6B, 0x66, 0x5B, 0x58, 0x58, 0x66, 0x63, 0x79, 0x77, 0x89, 0x8B, 0x97, 0x94, 0x94, 0x97, 0x92, 0x90, 0x89, 0x86, 0x80, 0x7F, 0x7A, 0x7C, 0x78, 0x77, 0x78, 0x78, 0x72, 0x70,
  0x72, 0x75, 0x78, 0x79, 0x7C, 0x7A, 0x79, 0x78, 0x71, 0x82, 0x84, 0x86, 0x82, 0x83, 0x83, 0x84, 0x91, 0x91, 0x94, 0x91, 0x94, 0x90, 0x8B, 0x87, 0x8C, 0x8A, 0x7C, 0x7B, 0x70, 0x70, 0x69, 0x6C,
  0x6F, 0x69, 0x72, 0x72, 0x7B, 0x7B, 0x7D, 0x7B, 0x85, 0x87, 0x86, 0x86, 0x87, 0x8D, 0x8C, 0x8C, 0x91, 0x8E, 0x91, 0x91, 0x88, 0x88, 0x82, 0x82, 0x78, 0x7A, 0x79, 0x7C, 0x7A, 0x75, 0x76, 0x75,
  0x77, 0x79, 0x80, 0x81, 0x89, 0x8E, 0x92, 0x92, 0x93, 0x91, 0x88, 0x87, 0x80, 0x7E, 0x75, 0x76, 0x77, 0x81, 0x8B, 0x8E, 0x92, 0x8F, 0x8B, 0x8B, 0x88, 0x84, 0x79, 0x79, 0x76, 0x73, 0x6F, 0x6F,
  0x71, 0x72, 0x77, 0x78, 0x7D, 0x81, 0x80, 0x80, 0x82, 0x7F, 0x7D, 0x7B, 0x77, 0x7C, 0x7B, 0x7C, 0x78, 0x80, 0x7F, 0x7F, 0x82, 0x7D, 0x88, 0x87, 0x8D, 0x8F, 0x91, 0x91, 0x8C, 0x8A, 0x84, 0x83,
  0x87, 0x84, 0x86, 0x86, 0x86, 0x85, 0x86, 0x87, 0x86, 0x85, 0x82, 0x82, 0x7F, 0x7A, 0x7D, 0x7E, 0x81, 0x81, 0x85, 0x86, 0x8D, 0x8C, 0x8A, 0x89, 0x84, 0x84, 0x82, 0x82, 0x7D, 0x7E, 0x81, 0x83,
  0x84, 0x86, 0x83, 0x84, 0x87, 0x85, 0x82, 0x81, 0x84, 0x84, 0x86, 0x84, 0x82, 0x88, 0x8B, 0x8C, 0x88, 0x8C, 0x80, 0x82, 0x7B, 0x7F, 0x80, 0x82, 0x7C, 0x7D, 0x7D, 0x7E, 0x81, 0x79, 0x78, 0x77,
  0x7B, 0x78, 0x78, 0x78, 0x7B, 0x7E, 0x85, 0x84, 0x80, 0x7D, 0x7B, 0x7A, 0x7A, 0x7B, 0x81, 0x83, 0x7F, 0x8B, 0x91, 0x92, 0x8E, 0x8E, 0x8B, 0x8D, 0x87, 0x88, 0x83, 0x84, 0x87, 0x84, 0x87, 0x85,
  0x86, 0x82, 0x81, 0x7D, 0x71, 0x73, 0x6E, 0x6E, 0x6C, 0x6E, 0x70, 0x70, 0x74, 0x77, 0x82, 0x82, 0x83, 0x89, 0x8A, 0x8B, 0x92, 0x93, 0x9A, 0x98, 0x97, 0x96, 0x98, 0x98, 0x91, 0x8D, 0x88, 0x88,
  0x87, 0x88, 0x85, 0x86, 0x86, 0x7E, 0x7E, 0x7D, 0x81, 0x81, 0x80, 0x80, 0x85, 0x83, 0x7E, 0x7C, 0x7B, 0x78, 0x74, 0x74, 0x79, 0x79, 0x7F, 0x7F, 0x83, 0x88, 0x8A, 0x8A, 0x82, 0x85, 0x81, 0x80,
  0x85, 0x83, 0x85, 0x82, 0x82, 0x7F, 0x7E, 0x7D, 0x75, 0x79, 0x79, 0x7A, 0x7D, 0x7A, 0x7E, 0x7D, 0x80, 0x83, 0x80, 0x7E, 0x7B, 0x81, 0x86, 0x86, 0x87, 0x89, 0x89, 0x88, 0x89, 0x88, 0x87, 0x86,
  0x84, 0x85, 0x83, 0x83, 0x84, 0x81, 0x7E, 0x7D, 0x7E, 0x7D, 0x7A, 0x7A, 0x79, 0x79, 0x7C, 0x7B, 0x7F, 0x80, 0x7F, 0x7F, 0x7E, 0x7E, 0x7F, 0x7F, 0x80, 0x7F, 0x84, 0x84, 0x80, 0x84, 0x86, 0x87,
  0x83, 0x86, 0x86, 0x88, 0x86, 0x88, 0x85, 0x87, 0x86, 0x85, 0x84, 0x84, 0x83, 0x81, 0x86, 0x85, 0x83, 0x84, 0x86, 0x85, 0x82, 0x83, 0x7E, 0x7D, 0x79, 0x7A, 0x77, 0x78, 0x76, 0x76, 0x77, 0x78,
  0x7B, 0x77, 0x79, 0x78, 0x7C, 0x7C, 0x7E, 0x7E, 0x7F, 0x81, 0x84, 0x84, 0x83, 0x86, 0x8A, 0x8B, 0x8A, 0x8D, 0x8D, 0x8E, 0x8A, 0x8D, 0x8B, 0x8B, 0x88, 0x88, 0x85, 0x85, 0x83, 0x85, 0x80, 0x80,
  0x7F, 0x82, 0x7F, 0x7F, 0x7E, 0x7F, 0x7D, 0x7D, 0x7E, 0x81, 0x7F, 0x80, 0x81, 0x81, 0x82, 0x83, 0x85, 0x85, 0x84, 0x85, 0x82, 0x83, 0x80, 0x80, 0x7E, 0x7E, 0x7C, 0x7D, 0x7D, 0x7B, 0x7A, 0x7A,
  0x7B, 0x76, 0x73, 0x72, 0x76, 0x74, 0x77, 0x76, 0x7A, 0x7C, 0x7F, 0x7F, 0x7F, 0x81, 0x7F, 0x7F, 0x7D, 0x7C, 0x7D, 0x7E, 0x82, 0x83, 0x84, 0x84, 0x86, 0x86, 0x87, 0x86, 0x85, 0x88, 0x86, 0x86,
  0x84, 0x86, 0x80, 0x81, 0x82, 0x83, 0x81, 0x81, 0x83, 0x7E, 0x80, 0x7F, 0x81, 0x7F, 0x81, 0x80, 0x82, 0x81, 0x81, 0x80, 0x7F, 0x7F, 0x81, 0x81, 0x7D, 0x7C, 0x7A, 0x7B, 0x79, 0x78, 0x75, 0x75,
  0x77, 0x79, 0x80, 0x80, 0x84, 0x85, 0x84, 0x84, 0x85, 0x86, 0x88, 0x88, 0x83, 0x85, 0x82, 0x84, 0x81, 0x7F, 0x7D, 0x7D, 0x7A, 0x78, 0x75, 0x76, 0x74, 0x76, 0x78, 0x79, 0x7C, 0x7F, 0x7A, 0x7B,
  0x7D, 0x7D, 0x83, 0x84, 0x87, 0x87, 0x88, 0x88, 0x8A, 0x8D, 0x8F, 0x8F, 0x8D, 0x8A, 0x89, 0x89, 0x8A, 0x86, 0x86, 0x85, 0x85, 0x83, 0x84, 0x83, 0x85, 0x85, 0x82, 0x81, 0x7F, 0x7F, 0x7D, 0x7D,
  0x78, 0x78, 0x74, 0x75, 0x76, 0x78, 0x7A, 0x7A, 0x7A, 0x7D, 0x7B, 0x7B, 0x7B, 0x7D, 0x7F, 0x80, 0x89, 0x82, 0x7D, 0x7B, 0x82, 0x83, 0x82, 0x80, 0x80, 0x82, 0x84, 0x82, 0x80, 0x86, 0x85, 0x84,
  0x81, 0x87, 0x81, 0x82, 0x7A, 0x81, 0x7C, 0x7D, 0x7C, 0x7D, 0x7E, 0x7F, 0x77, 0x7E, 0x82, 0x83, 0x7E, 0x84, 0x85, 0x87, 0x81, 0x80, 0x7C, 0x7F, 0x7D, 0x83, 0x78, 0x7B, 0x7F, 0x7D, 0x84, 0x85,
  0x8D, 0x86, 0x84, 0x83, 0x88, 0x85, 0x86, 0x86, 0x8B, 0x8B, 0x88, 0x87, 0x8B, 0x89, 0x8B, 0x89, 0x8A, 0x89, 0x87, 0x86, 0x86, 0x83, 0x81, 0x80, 0x7F, 0x80, 0x83, 0x83, 0x83, 0x81, 0x7F, 0x7F,
  0x86, 0x83, 0x87, 0x84, 0x86, 0x82, 0x84, 0x82, 0x82, 0x83, 0x82, 0x81, 0x86, 0x86, 0x85, 0x84, 0x81, 0x83, 0x84, 0x84, 0x81, 0x82, 0x82, 0x82, 0x81, 0x83, 0x80, 0x80, 0x80, 0x7F, 0x7B, 0x79,
  0x79, 0x77, 0x76, 0x75, 0x77, 0x77, 0x7A, 0x7A, 0x7A, 0x7F, 0x7F, 0x7F, 0x7C, 0x7D, 0x7E, 0x7F, 0x80, 0x81, 0x81, 0x81, 0x84, 0x84, 0x87, 0x87, 0x8A, 0x8B, 0x8C, 0x8C, 0x8A, 0x89, 0x87, 0x87,
  0x85, 0x85, 0x83, 0x83, 0x80, 0x7F, 0x7E, 0x7E, 0x7C, 0x7D, 0x7F, 0x7F, 0x80, 0x81, 0x82, 0x82, 0x83, 0x84, 0x83, 0x83, 0x83, 0x84, 0x85, 0x85, 0x83, 0x85, 0x84, 0x84, 0x84, 0x85, 0x82, 0x82,
  0x7F, 0x7F, 0x79, 0x79, 0x7A, 0x7A, 0x78, 0x79, 0x76, 0x7C, 0x7A, 0x7C, 0x7D, 0x7B, 0x7F, 0x7F, 0x80, 0x7E, 0x7E, 0x7E, 0x7F, 0x7E, 0x80, 0x7F, 0x80, 0x81, 0x83, 0x83, 0x84, 0x84, 0x84, 0x84,
  0x82, 0x83, 0x82, 0x82, 0x81, 0x82, 0x81, 0x80, 0x81, 0x7F, 0x7F, 0x7E, 0x7D, 0x7E, 0x7D, 0x7D, 0x7E, 0x7D, 0x7E, 0x7D, 0x7D, 0x7D, 0x7C, 0x7C, 0x7B, 0x7D, 0x7E, 0x7E, 0x7D, 0x80, 0x82, 0x83,
  0x81, 0x84, 0x82, 0x83, 0x83, 0x83, 0x82, 0x82, 0x82, 0x7F, 0x7F, 0x7E, 0x7E, 0x7E, 0x7F, 0x7F, 0x7F, 0x81, 0x81, 0x82, 0x83, 0x8A, 0x91, 0x91, 0x90, 0x8D, 0x85, 0x83, 0x80, 0x7B, 0x70, 0x70,
  0x70, 0x71, 0x71, 0x70, 0x70, 0x72, 0x72, 0x72, 0x71, 0x70, 0x70, 0x6F, 0x72, 0x76, 0x7B, 0x7C, 0x7F, 0x84, 0x8A, 0x8B, 0x8D, 0x8E, 0x92, 0x93, 0x95, 0x94, 0x92, 0x92, 0x92, 0x8C, 0x8A, 0x89,
  0x8A, 0x85, 0x88, 0x86, 0x86, 0x85, 0x84, 0x83, 0x80, 0x83, 0x84, 0x86, 0x82, 0x81, 0x82, 0x82, 0x81, 0x7D, 0x78, 0x78, 0x7A, 0x75, 0x7D, 0x7D, 0x7E, 0x7D, 0x7F, 0x7F, 0x7E, 0x80, 0x7C, 0x7C,
  0x78, 0x77, 0x76, 0x77, 0x79, 0x78, 0x79, 0x79, 0x7C, 0x7C, 0x7D, 0x7D, 0x82, 0x7E, 0x79, 0x78, 0x7C, 0x7B, 0x7D, 0x7D, 0x7D, 0x7D, 0x7D, 0x7D, 0x82, 0x81, 0x86, 0x85, 0x8B, 0x89, 0x8B, 0x8A,
  0x8C, 0x8A, 0x88, 0x87, 0x84, 0x83, 0x80, 0x81, 0x82, 0x83, 0x81, 0x81, 0x81, 0x80, 0x7F, 0x7E, 0x7D, 0x7D, 0x7D, 0x7D, 0x7D, 0x7F, 0x80, 0x81, 0x7F, 0x80, 0x7F, 0x7F, 0x7D, 0x7C, 0x78, 0x79,
  0x76, 0x76, 0x78, 0x79, 0x7B, 0x7A, 0x7D, 0x7C, 0x7E, 0x7F, 0x83, 0x83, 0x83, 0x84, 0x85, 0x85, 0x87, 0x87, 0x87, 0x86, 0x86, 0x88, 0x8A, 0x89, 0x84, 0x89, 0x88, 0x89, 0x85, 0x87, 0x83, 0x84,
  0x81, 0x82, 0x85, 0x85, 0x83, 0x82, 0x85, 0x85, 0x85, 0x84, 0x84, 0x85, 0x85, 0x85, 0x87, 0x87, 0x86, 0x84, 0x83, 0x83, 0x83, 0x84, 0x85, 0x85, 0x86, 0x87, 0x87, 0x86, 0x8A, 0x88, 0x89, 0x88,
  0x89, 0x87, 0x87, 0x87, 0x86, 0x86, 0x86, 0x87, 0x85, 0x83, 0x82, 0x83, 0x7F, 0x81, 0x7E, 0x80, 0x80, 0x80, 0x7E, 0x7E, 0x82, 0x84, 0x85, 0x84, 0x86, 0x88, 0x86, 0x86, 0x83, 0x83, 0x7F, 0x7E,
  0x80, 0x7E, 0x7D, 0x7C, 0x79, 0x7B, 0x80, 0x81, 0x80, 0x80, 0x85, 0x85, 0x87, 0x88, 0x8A, 0x8A, 0x89, 0x8B, 0x8A, 0x8A, 0x88, 0x8A, 0x89, 0x89, 0x87, 0x89, 0x83, 0x84, 0x84, 0x82, 0x83, 0x82,
  0x82, 0x80, 0x82, 0x81, 0x81, 0x80, 0x83, 0x83, 0x7F, 0x82, 0x80, 0x81, 0x7E, 0x7E, 0x80, 0x80, 0x80, 0x81, 0x7E, 0x7F, 0x7D, 0x7D, 0x7D, 0x7D, 0x7F, 0x7F, 0x7F, 0x7F, 0x81, 0x82, 0x80, 0x81,
  0x81, 0x82, 0x82, 0x83, 0x84, 0x82, 0x83, 0x83, 0x82, 0x82, 0x80, 0x80, 0x80, 0x80, 0x80, 0x80, 0x81, 0x80, 0x82, 0x82, 0x83, 0x83, 0x86, 0x85, 0x86, 0x86, 0x83, 0x83, 0x82, 0x82, 0x80, 0x80,
  0x7E, 0x7D, 0x7C, 0x7B, 0x7A, 0x79, 0x7A, 0x7A, 0x7B, 0x7A, 0x7B, 0x7B, 0x7B, 0x7B, 0x7C, 0x7C, 0x7C, 0x7D, 0x7F, 0x7F, 0x7F, 0x80, 0x80, 0x7F, 0x7E, 0x7F, 0x80, 0x80, 0x7F, 0x81, 0x80, 0x80,
  0x81, 0x80, 0x81, 0x80, 0x80, 0x7F, 0x80, 0x80, 0x7D, 0x7D, 0x7B, 0x7A, 0x7A, 0x7A, 0x79, 0x78, 0x77, 0x78, 0x77, 0x77, 0x77, 0x79, 0x7B, 0x7C, 0x7E, 0x81, 0x83, 0x83, 0x82, 0x85, 0x87, 0x87,
  0x86, 0x86, 0x85, 0x85, 0x83, 0x83, 0x82, 0x81, 0x80, 0x80, 0x80, 0x80, 0x80, 0x7E, 0x7E, 0x7D, 0x7C, 0x7D, 0x7C, 0x7C, 0x7B, 0x7D, 0x7D, 0x7D, 0x7D, 0x7E, 0x7E, 0x7E, 0x7E, 0x7D, 0x7D, 0x7D,
  0x7D, 0x7E, 0x80, 0x80, 0x80, 0x7F, 0x81, 0x81, 0x82, 0x81, 0x83, 0x82, 0x81, 0x82, 0x83, 0x83, 0x82, 0x84, 0x82, 0x82, 0x81, 0x82, 0x80, 0x80, 0x81, 0x80, 0x80, 0x7F, 0x7F, 0x80, 0x81, 0x80,
  0x81, 0x81, 0x82, 0x81, 0x82, 0x82, 0x82, 0x82, 0x82, 0x82, 0x83, 0x83, 0x81, 0x82, 0x81, 0x81, 0x7F, 0x80, 0x80, 0x80, 0x7F, 0x80, 0x7F, 0x80, 0x7F, 0x7F, 0x7F, 0x80, 0x80, 0x7F, 0x80, 0x80,
  0x80, 0x81, 0x81, 0x81, 0x82, 0x82, 0x83, 0x83, 0x84, 0x84, 0x85, 0x85, 0x85, 0x86, 0x84, 0x84, 0x85, 0x83, 0x83, 0x82, 0x81, 0x83, 0x83, 0x83, 0x81, 0x84, 0x83, 0x84, 0x81, 0x83, 0x84, 0x84,
  0x83, 0x85, 0x84, 0x85, 0x84, 0x85, 0x83, 0x83, 0x83, 0x82, 0x81, 0x81, 0x81, 0x80, 0x80, 0x80, 0x7F, 0x80, 0x7F, 0x7F, 0x7D, 0x7E, 0x7D, 0x7D, 0x7B, 0x7D, 0x7E, 0x7E, 0x7E, 0x7D, 0x7F, 0x7F,
  0x80, 0x7F, 0x82, 0x82, 0x83, 0x83, 0x85, 0x85, 0x85, 0x86, 0x85, 0x84, 0x84, 0x85, 0x84, 0x84, 0x83, 0x83, 0x82, 0x82, 0x81, 0x82, 0x81, 0x81, 0x80, 0x81, 0x80, 0x80, 0x80, 0x81, 0x84, 0x84,
  0x83, 0x83, 0x82, 0x82, 0x81, 0x81, 0x82, 0x82, 0x81, 0x82, 0x82, 0x82, 0x83, 0x82, 0x81, 0x80, 0x80, 0x7F, 0x7F, 0x80, 0x80, 0x7F, 0x81, 0x81, 0x81, 0x81, 0x81, 0x81, 0x80, 0x7F, 0x7E, 0x7E,
  0x7E, 0x7E, 0x7F, 0x7F, 0x80, 0x7F, 0x80, 0x7F, 0x80, 0x81, 0x81, 0x81, 0x81, 0x82, 0x82, 0x82, 0x82, 0x81, 0x82, 0x82, 0x82, 0x82, 0x82, 0x82, 0x84, 0x83, 0x83, 0x83, 0x83, 0x83, 0x83, 0x83,
  0x82, 0x83, 0x82, 0x82, 0x81, 0x7F, 0x80, 0x80, 0x81, 0x80, 0x7F, 0x7F, 0x80, 0x7F, 0x81, 0x80, 0x81, 0x7F, 0x7F, 0x7E, 0x7E, 0x80, 0x82, 0x82, 0x82, 0x84, 0x83, 0x83, 0x84, 0x84, 0x83, 0x83,
  0x84, 0x84, 0x83, 0x83, 0x84, 0x85, 0x83, 0x83, 0x81, 0x82, 0x82, 0x83, 0x80, 0x81, 0x7F, 0x80, 0x7E, 0x80, 0x7F, 0x7F, 0x7D, 0x7B, 0x7D, 0x7D, 0x7C, 0x7A, 0x7E, 0x7E, 0x80, 0x7E, 0x7C, 0x7C,
  0x7D, 0x7D, 0x7D, 0x7D, 0x7D, 0x7E, 0x80, 0x81, 0x84, 0x86, 0x85, 0x85, 0x85, 0x87, 0x87, 0x87, 0x86, 0x88, 0x87, 0x88, 0x87, 0x88, 0x86, 0x86, 0x85, 0x85, 0x83, 0x83, 0x82, 0x81, 0x80, 0x81,
  0x80, 0x81, 0x83, 0x83, 0x83, 0x83, 0x82, 0x82, 0x83, 0x84, 0x84, 0x85, 0x85, 0x82, 0x84, 0x83, 0x84, 0x83, 0x83, 0x82, 0x82, 0x83, 0x81, 0x81, 0x80, 0x80, 0x81, 0x81, 0x81, 0x82, 0x80, 0x80,
  0x80, 0x80, 0x80, 0x7F, 0x7F, 0x80, 0x80, 0x80, 0x7F, 0x80, 0x7F, 0x80, 0x81, 0x82, 0x82, 0x82, 0x81, 0x81, 0x83, 0x83, 0x82, 0x81, 0x83, 0x83, 0x81, 0x83, 0x82, 0x83, 0x81, 0x80, 0x81, 0x81,
  0x82, 0x82, 0x82, 0x81, 0x82, 0x81, 0x81, 0x80, 0x80, 0x81, 0x81, 0x81, 0x7E, 0x81, 0x80, 0x80, 0x80, 0x81, 0x82, 0x82, 0x81, 0x82, 0x82, 0x83, 0x83, 0x84, 0x85, 0x85, 0x84, 0x86, 0x85, 0x85,
  0x84, 0x83, 0x83, 0x83, 0x83, 0x83, 0x82, 0x82, 0x81, 0x80, 0x7E, 0x7E, 0x7E, 0x7D, 0x7C, 0x7C, 0x7D, 0x7D, 0x7D, 0x7D, 0x7D, 0x7D, 0x7E, 0x7E, 0x7E, 0x7E, 0x7E, 0x7E, 0x7E, 0x7E, 0x7E, 0x7E,
  0x7E, 0x7E, 0x7F, 0x7F, 0x80, 0x7F, 0x80, 0x7F, 0x7F, 0x80, 0x80, 0x80, 0x80, 0x81, 0x80, 0x81, 0x80, 0x81, 0x81, 0x81, 0x81, 0x80, 0x81, 0x81, 0x80, 0x7F, 0x7F, 0x7F, 0x80, 0x7E, 0x7E, 0x7E,
  0x7E, 0x7E, 0x7E, 0x7E, 0x7F, 0x7E, 0x7E, 0x7E, 0x7E, 0x7E, 0x7E, 0x7E, 0x7E, 0x7E, 0x7E, 0x7E, 0x7E, 0x7E, 0x7E, 0x7E, 0x7D, 0x7E, 0x80, 0x80, 0x7F, 0x7F, 0x80, 0x80, 0x7F, 0x80, 0x80, 0x80,
  0x80, 0x80, 0x81, 0x81, 0x81, 0x80, 0x80, 0x80, 0x81, 0x80, 0x7F, 0x7E, 0x7F, 0x7F, 0x81, 0x82, 0x81, 0x82, 0x82, 0x82, 0x83, 0x82, 0x82, 0x82, 0x82, 0x82, 0x80, 0x80, 0x80, 0x80, 0x80, 0x80,
  0x7F, 0x80, 0x7F, 0x7F, 0x80, 0x80, 0x80, 0x80, 0x81, 0x80, 0x80, 0x7F, 0x81, 0x80, 0x81, 0x80, 0x81, 0x82, 0x82, 0x82, 0x81, 0x81, 0x82, 0x82, 0x82, 0x81, 0x81, 0x81, 0x82, 0x81, 0x81, 0x81,
  0x80, 0x81, 0x81, 0x81, 0x81, 0x80, 0x80, 0x80, 0x7F, 0x7F, 0x7D, 0x7D, 0x7F, 0x7E, 0x7F, 0x7F, 0x81, 0x80, 0x80, 0x80, 0x80, 0x80, 0x81, 0x81, 0x82, 0x80, 0x81, 0x81, 0x81, 0x80, 0x81, 0x81,
  0x81, 0x81, 0x82, 0x82, 0x81, 0x82, 0x83, 0x83, 0x82, 0x82, 0x81, 0x81, 0x80, 0x82, 0x82, 0x83, 0x84, 0x83, 0x82, 0x82, 0x84, 0x83, 0x82, 0x82, 0x82, 0x82, 0x83, 0x83, 0x83, 0x83, 0x82, 0x82,
  0x81, 0x81, 0x81, 0x81, 0x7F, 0x80, 0x7F, 0x7F, 0x7F, 0x7F, 0x80, 0x80, 0x81, 0x81, 0x80, 0x80, 0x80, 0x80, 0x81, 0x81, 0x82, 0x82, 0x82, 0x82, 0x82, 0x82, 0x81, 0x81, 0x83, 0x83, 0x84, 0x84,
  0x83, 0x84, 0x85, 0x85, 0x85, 0x85, 0x84, 0x84, 0x83, 0x84, 0x84, 0x84, 0x84, 0x83, 0x85, 0x85, 0x85, 0x84, 0x86, 0x86, 0x86, 0x86, 0x86, 0x86, 0x85, 0x85, 0x86, 0x86, 0x83, 0x82, 0x83, 0x83,
  0x83, 0x84, 0x83, 0x83, 0x82, 0x84, 0x80, 0x81, 0x82, 0x80, 0x7E, 0x7F, 0x82, 0x7D, 0x81, 0x81, 0x80, 0x7E, 0x82, 0x81, 0x7C, 0x7D, 0x7D, 0x7D, 0x7E, 0x80, 0x81, 0x81, 0x85, 0x86, 0x87, 0x86,
  0x87, 0x87, 0x84, 0x84, 0x82, 0x85, 0x82, 0x83, 0x80, 0x80, 0x7E, 0x7E, 0x7E, 0x7E, 0x7E, 0x7F, 0x80, 0x83, 0x83, 0x83, 0x83, 0x84, 0x86, 0x87, 0x87, 0x87, 0x87, 0x87, 0x88, 0x87, 0x85, 0x84,
  0x86, 0x84, 0x85, 0x84, 0x83, 0x82, 0x81, 0x81, 0x80, 0x80, 0x80, 0x80, 0x7F, 0x7F, 0x7F, 0x7F, 0x7E, 0x7E, 0x7E, 0x7E, 0x7D, 0x7D, 0x7B, 0x7C, 0x7B, 0x7B, 0x7B, 0x7B, 0x7B, 0x7C, 0x7B, 0x7B,
  0x7C, 0x7D, 0x7D, 0x7D, 0x7E, 0x7E, 0x7F, 0x7F, 0x80, 0x7F, 0x7F, 0x7F, 0x81, 0x80, 0x7F, 0x7F, 0x80, 0x80, 0x7F, 0x7F, 0x80, 0x7F, 0x80, 0x80, 0x80, 0x80, 0x81, 0x81, 0x81, 0x82, 0x83, 0x83,
  0x84, 0x83, 0x83, 0x83, 0x83, 0x81, 0x82, 0x81, 0x81, 0x81, 0x80, 0x80, 0x7F, 0x80, 0x7F, 0x7F, 0x7E, 0x7F, 0x7F, 0x7F, 0x7F, 0x80, 0x81, 0x81, 0x82, 0x82, 0x82, 0x83, 0x83, 0x84, 0x83, 0x82,
  0x83, 0x83, 0x82, 0x82, 0x82, 0x82, 0x82, 0x82, 0x81, 0x80, 0x81, 0x81, 0x80, 0x81, 0x80, 0x80, 0x7F, 0x7F, 0x80, 0x80, 0x80, 0x81, 0x81, 0x81, 0x81, 0x81, 0x81, 0x81, 0x81, 0x81, 0x81, 0x81,
  0x81, 0x81, 0x81, 0x81, 0x81, 0x81, 0x81, 0x81, 0x81, 0x81, 0x81, 0x80, 0x80, 0x80, 0x80, 0x80, 0x80, 0x80, 0x80, 0x7F, 0x7F, 0x80, 0x80, 0x80, 0x80, 0x80, 0x81, 0x81, 0x81, 0x81, 0x82, 0x82,
  0x83, 0x82, 0x82, 0x82, 0x82, 0x82, 0x80, 0x80, 0x80, 0x80, 0x7F, 0x7F, 0x7F, 0x7F, 0x80, 0x80, 0x80, 0x80, 0x80, 0x80, 0x80, 0x80, 0x80, 0x80, 0x81, 0x80, 0x80, 0x80, 0x80, 0x81, 0x81, 0x81,
  0x81, 0x82, 0x82, 0x82, 0x83, 0x83, 0x83, 0x83, 0x84, 0x83, 0x82, 0x82, 0x82, 0x81, 0x81, 0x80, 0x80, 0x80, 0x80, 0x80, 0x7F, 0x7F, 0x7F, 0x7F, 0x7F, 0x7E, 0x7E, 0x7E, 0x80, 0x80, 0x80, 0x80,
  0x81, 0x81, 0x81, 0x81, 0x82, 0x81, 0x81, 0x81, 0x82, 0x82, 0x82, 0x82, 0x82, 0x83, 0x83, 0x84, 0x83, 0x83, 0x84, 0x84, 0x83, 0x83, 0x82, 0x82, 0x82, 0x81, 0x80, 0x80, 0x80, 0x80, 0x80, 0x80,
  0x80, 0x80, 0x81, 0x81, 0x81, 0x81, 0x81, 0x81, 0x81, 0x81, 0x81, 0x81, 0x82, 0x82, 0x82, 0x82, 0x83, 0x83, 0x82, 0x82, 0x82, 0x81, 0x81, 0x81, 0x81, 0x81, 0x80, 0x80, 0x80, 0x7F, 0x7D, 0x7D,
  0x7D, 0x7D, 0x7D, 0x7D, 0x7E, 0x7C, 0x7D, 0x7D, 0x7F, 0x7F, 0x7F, 0x7F, 0x80, 0x81, 0x82, 0x83, 0x83, 0x84, 0x83, 0x83, 0x83, 0x83, 0x82, 0x82, 0x82, 0x81, 0x81, 0x81, 0x81, 0x81, 0x82, 0x81,
  0x81, 0x81, 0x82, 0x82, 0x81, 0x81, 0x82, 0x83, 0x83, 0x82, 0x82, 0x81, 0x81, 0x81, 0x81, 0x81, 0x81, 0x80, 0x80, 0x80, 0x80, 0x80, 0x80, 0x7F, 0x80, 0x7F, 0x7F, 0x7F, 0x80, 0x80, 0x81, 0x81,
  0x81, 0x82, 0x82, 0x82, 0x82, 0x82, 0x82, 0x82, 0x82, 0x82, 0x82, 0x82, 0x82, 0x82, 0x82, 0x82, 0x81, 0x81, 0x80, 0x80, 0x80, 0x80, 0x80, 0x80, 0x80, 0x80, 0x80, 0x80, 0x7F, 0x80, 0x81, 0x81,
  0x81, 0x82, 0x82, 0x82, 0x82, 0x83, 0x83, 0x83, 0x83, 0x84, 0x83, 0x83, 0x83, 0x82, 0x83, 0x83, 0x83, 0x83, 0x83, 0x83, 0x82, 0x82, 0x82, 0x82, 0x81, 0x81, 0x80, 0x80, 0x80, 0x80, 0x7F, 0x7F,
  0x80, 0x80, 0x7F, 0x80, 0x80, 0x7F, 0x7F, 0x7F, 0x80, 0x80, 0x7F, 0x7E, 0x7F, 0x7F, 0x80, 0x80, 0x80, 0x80, 0x81, 0x81, 0x80, 0x80, 0x7F, 0x80, 0x80, 0x80, 0x81, 0x81, 0x81, 0x81, 0x82, 0x82,
  0x82, 0x82, 0x82, 0x82, 0x83, 0x83, 0x82, 0x82, 0x83, 0x83, 0x82, 0x82, 0x82, 0x82, 0x82, 0x82, 0x82, 0x82, 0x81, 0x81, 0x82, 0x81, 0x81, 0x81, 0x81, 0x81, 0x80, 0x80, 0x82, 0x80, 0x80, 0x7F,
  0x81, 0x7F, 0x7F, 0x7E, 0x80, 0x7F, 0x7E, 0x7E, 0x7F, 0x7F, 0x80, 0x80, 0x80, 0x80, 0x81, 0x81, 0x80, 0x81, 0x82, 0x82, 0x82, 0x82, 0x83, 0x83, 0x83, 0x83, 0x83, 0x83, 0x83, 0x84, 0x83, 0x83,
  0x82, 0x82, 0x81, 0x81, 0x82, 0x81, 0x81, 0x81, 0x81, 0x80, 0x81, 0x81, 0x81, 0x80, 0x80, 0x7F, 0x7F, 0x7F, 0x7F, 0x7F, 0x80, 0x80, 0x80, 0x80, 0x80, 0x80, 0x80, 0x80, 0x80, 0x81, 0x81, 0x80,
  0x80, 0x81, 0x81, 0x81, 0x80, 0x81, 0x81, 0x81, 0x81, 0x80, 0x81, 0x81, 0x80, 0x80, 0x81, 0x81, 0x81, 0x81, 0x81, 0x81, 0x81, 0x81, 0x82, 0x82, 0x81, 0x82, 0x81, 0x81, 0x81, 0x81, 0x81, 0x81,
  0x81, 0x81, 0x81, 0x81, 0x82, 0x81, 0x81, 0x81, 0x81, 0x81, 0x81, 0x81, 0x81, 0x81, 0x81, 0x81, 0x81, 0x81, 0x81, 0x81, 0x81, 0x81, 0x81, 0x81, 0x81, 0x81, 0x81, 0x81, 0x82, 0x82, 0x81, 0x82,
  0x82, 0x82, 0x82, 0x82, 0x82, 0x82, 0x82, 0x82, 0x82, 0x81, 0x81, 0x81, 0x81, 0x81, 0x81, 0x81, 0x80, 0x80, 0x80, 0x80, 0x80, 0x81, 0x81, 0x81, 0x81, 0x81, 0x82, 0x82, 0x82, 0x83, 0x83, 0x83,
  0x82, 0x82, 0x82, 0x82, 0x82, 0x81, 0x81, 0x81, 0x81, 0x81, 0x81, 0x82, 0x81, 0x81, 0x81, 0x81, 0x81, 0x81, 0x81, 0x81, 0x7F, 0x81, 0x80, 0x80, 0x80, 0x80, 0x7F, 0x7F, 0x80, 0x80, 0x80, 0x80,
  0x80, 0x80, 0x80, 0x80, 0x80, 0x80, 0x80, 0x80, 0x81, 0x80, 0x81, 0x81, 0x81, 0x81, 0x82, 0x81,
};

const uint8_t snd_gun_fire2[] = {
  0x80, 0x80, 0x80, 0x80, 0x80, 0x80, 0x83, 0x83, 0x82, 0x7D, 0x6F, 0x70, 0x81, 0x92, 0x8A, 0x86, 0x72, 0x6A, 0x8B, 0x88, 0x7A, 0x6B, 0x98, 0x95, 0x87, 0x7A, 0x66, 0x5B, 0x65, 0x68, 0xAC, 0xAB,
  0xB5, 0x96, 0x6A, 0x63, 0x48, 0x6C, 0xB2, 0xB7, 0xA7, 0x8A, 0x61, 0x65, 0x77, 0x8B, 0x6B, 0x68, 0x67, 0x7A, 0x87, 0x87, 0x85, 0x77, 0x7A, 0x7F, 0x91, 0x93, 0x83, 0x86, 0x9A, 0xA6, 0x85, 0x7F,
  0x70, 0x72, 0x75, 0x78, 0x86, 0x8E, 0x7A, 0x75, 0x66, 0x60, 0x79, 0x79, 0x75, 0x79, 0x92, 0x8C, 0x73, 0x72, 0x95, 0x99, 0x9A, 0x9C, 0x8D, 0x8A, 0x5F, 0x4F, 0x86, 0x8F, 0x9E, 0x99, 0x90, 0x93,
  0x9A, 0x80, 0x64, 0x63, 0x6D, 0x81, 0x99, 0x92, 0x73, 0x5D, 0x7F, 0x7D, 0x6A, 0x67, 0x8D, 0x8D, 0x7B, 0x6F, 0xA3, 0xA4, 0x92, 0x79, 0x7F, 0x7F, 0x70, 0x69, 0x74, 0x75, 0x73, 0x8D, 0x9C, 0x9A,
  0x83, 0x7F, 0x8E, 0x91, 0x8E, 0x76, 0x71, 0x71, 0x7F, 0x76, 0x75, 0x78, 0x8E, 0x81, 0x6D, 0x71, 0x95, 0xB2, 0x6C, 0x61, 0x48, 0x68, 0x93, 0x90, 0x8D, 0x9B, 0xA5, 0x9D, 0x6D, 0x53, 0x80, 0x89,
  0xA9, 0xA9, 0x71, 0x75, 0x83, 0x7C, 0x5C, 0x63, 0x85, 0x87, 0x7D, 0x78, 0x68, 0x6C, 0x7F, 0x7F, 0x7A, 0x7E, 0x95, 0x9A, 0xA5, 0xA4, 0x6E, 0x6E, 0x74, 0x8C, 0xA1, 0x9E, 0x80, 0x6F, 0x71, 0x6D,
  0x66, 0x61, 0x82, 0x88, 0xAB, 0xAB, 0x61, 0x5C, 0x64, 0x7A, 0x84, 0x80, 0x6D, 0x75, 0xA0, 0x9F, 0x8D, 0x81, 0x85, 0x86, 0x81, 0x82, 0x8D, 0x90, 0x96, 0x8E, 0x7E, 0x7F, 0x88, 0x86, 0x6C, 0x6B,
  0x7D, 0x81, 0x5C, 0x59, 0x63, 0x9A, 0x9B, 0x97, 0x75, 0x6D, 0x72, 0x75, 0x71, 0x7A, 0x87, 0x8A, 0x98, 0xA9, 0x8B, 0x87, 0x7E, 0x80, 0x90, 0x8F, 0x8B, 0x80, 0x84, 0x88, 0x9A, 0x86, 0x6E, 0x72,
  0x7D, 0x68, 0x70, 0x75, 0x95, 0x8D, 0x78, 0x78, 0x84, 0x8B, 0x8B, 0x8B, 0x8B, 0x83, 0x81, 0x86, 0xA4, 0x98, 0x75, 0x70, 0x7C, 0x8F, 0x94, 0x90, 0x7F, 0x76, 0x8D, 0x91, 0x87, 0x71, 0x85, 0x8A,
  0x81, 0x6F, 0x71, 0x73, 0x78, 0x7B, 0x86, 0x86, 0x7C, 0x62, 0x94, 0x9B, 0xB7, 0xA3, 0x69, 0x68, 0x75, 0x7B, 0x84, 0x89, 0x95, 0x95, 0x7E, 0x7F, 0x85, 0x90, 0x6C, 0x67, 0x5A, 0x71, 0x93, 0x8E,
  0x7A, 0x6E, 0x7B, 0x7A, 0x89, 0x97, 0x83, 0x7E, 0x66, 0x5A, 0x77, 0x7E, 0x91, 0x93, 0x7F, 0x7E, 0x7D, 0x8A, 0xA3, 0xA0, 0x89, 0x72, 0x5E, 0x5D, 0x7B, 0x99, 0x8E, 0x8A, 0x82, 0x7A, 0x74, 0x72,
  0x6F, 0x6E, 0x72, 0x70, 0x6F, 0x7B, 0xA2, 0xA1, 0x93, 0x81, 0x64, 0x62, 0x6D, 0x74, 0x8F, 0x93, 0x9C, 0x9E, 0x8B, 0x85, 0x65, 0x51, 0x82, 0x8B, 0xA9, 0x9D, 0x78, 0x73, 0x5E, 0x69, 0x83, 0x84,
  0x8E, 0x9A, 0x6D, 0x6A, 0x6D, 0x72, 0x60, 0x64, 0x7C, 0x87, 0xA0, 0xA2, 0x93, 0x74, 0x88, 0x8C, 0x90, 0x88, 0x4D, 0x4F, 0x66, 0x94, 0x9E, 0x9F, 0x8A, 0x70, 0x7D, 0x83, 0x92, 0x83, 0x78, 0x76,
  0x77, 0x76, 0x95, 0x97, 0x99, 0x7B, 0x4D, 0x4B, 0x5E, 0x80, 0xA5, 0x9F, 0x81, 0x6D, 0x66, 0x66, 0x82, 0xA1, 0x8C, 0x86, 0x6F, 0x6E, 0x8A, 0x8F, 0xA2, 0x95, 0x67, 0x67, 0x62, 0x67, 0x97, 0x9A,
  0x9F, 0x87, 0x7E, 0x7C, 0x6E, 0x6D, 0x90, 0x8E, 0x82, 0x68, 0x8A, 0x8C, 0x93, 0x7D, 0x89, 0x89, 0x8C, 0x7C, 0x63, 0x61, 0x67, 0x78, 0x81, 0x80, 0x7E, 0x8C, 0x8F, 0x8D, 0x85, 0x90, 0x7F, 0x7A,
  0x65, 0x66, 0x79, 0x7C, 0x82, 0x8D, 0xA2, 0xA1, 0x80, 0x58, 0x77, 0x7C, 0x98, 0x8F, 0x7A, 0x74, 0x6B, 0x70, 0x7B, 0x77, 0x71, 0x8A, 0x9B, 0x96, 0x78, 0x6E, 0x82, 0x85, 0x8F, 0x92, 0x80, 0x81,
  0x7F, 0x7F, 0x61, 0x65, 0x86, 0xA5, 0x86, 0x84, 0x7E, 0x6B, 0x54, 0x55, 0x71, 0x91, 0x96, 0x91, 0x7C, 0x7F, 0x8D, 0x92, 0x9D, 0x7F, 0x60, 0x65, 0x7C, 0x8E, 0x80, 0x83, 0x83, 0x81, 0x77, 0x78,
  0x7F, 0x86, 0x8C, 0x8A, 0x85, 0x78, 0x81, 0x82, 0x84, 0x86, 0x96, 0x92, 0x7B, 0x6F, 0x7E, 0x82, 0x7F, 0x73, 0x69, 0x74, 0x94, 0xA7, 0x59, 0x5D, 0x79, 0xA2, 0x88, 0x82, 0x7C, 0x73, 0x6E, 0x6C,
  0x69, 0x5B, 0x99, 0x99, 0x95, 0x83, 0x7A, 0x7B, 0x7F, 0x90, 0x9A, 0x98, 0x89, 0x89, 0x73, 0x78, 0x7B, 0x67, 0x55, 0x5B, 0x83, 0x93, 0xA6, 0xA3, 0x86, 0x6C, 0x9E, 0xA2, 0x99, 0x77, 0x60, 0x66,
  0x74, 0x83, 0x73, 0x76, 0x86, 0x97, 0xA5, 0xA4, 0x97, 0x7A, 0x82, 0x85, 0x91, 0x72, 0x77, 0x7F, 0x98, 0x92, 0x82, 0x84, 0x77, 0x7C, 0x84, 0x88, 0x7C, 0x73, 0x59, 0x59, 0x60, 0x7B, 0xA1, 0xA5,
  0xB1, 0x79, 0x75, 0x7A, 0x92, 0x82, 0x8E, 0x93, 0x9D, 0x99, 0x51, 0x51, 0x64, 0xA5, 0x9A, 0x93, 0x6B, 0x76, 0x83, 0x80, 0x68, 0x61, 0x7B, 0x7E, 0x7C, 0x7E, 0x85, 0x88, 0x8C, 0x94, 0x9A, 0x9B,
  0x9A, 0x96, 0x89, 0x89, 0x79, 0x6C, 0x6D, 0x70, 0x8B, 0x94, 0x77, 0x7A, 0x73, 0x66, 0x87, 0x8F, 0xA0, 0x91, 0x6E, 0x6C, 0x7A, 0x7D, 0x7F, 0x7C, 0x80, 0x7A, 0x8C, 0x90, 0xA3, 0x9A, 0x91, 0x8E,
  0x7D, 0x74, 0x80, 0x83, 0x7B, 0x70, 0x82, 0x81, 0x74, 0x72, 0x7C, 0x7B, 0x7E, 0x9B, 0x9E, 0x98, 0x6D, 0x58, 0x78, 0x82, 0x93, 0x88, 0x86, 0x8A, 0x92, 0x7E, 0x80, 0x82, 0x8F, 0x9A, 0x91, 0x91,
  0x8E, 0x94, 0x8B, 0x89, 0x73, 0x66, 0x7B, 0x7D, 0x7B, 0x75, 0x7C, 0x7C, 0x77, 0x7A, 0x8A, 0x8A, 0x81, 0x70, 0x8E, 0x92, 0x91, 0x8A, 0x93, 0x92, 0x76, 0x7B, 0x8D, 0x8C, 0x76, 0x80, 0x85, 0x82,
  0x65, 0x61, 0x95, 0x99, 0x97, 0x84, 0x8C, 0x8F, 0x8C, 0x7E, 0x70, 0x6E, 0x68, 0x60, 0x79, 0x7D, 0x89, 0x7C, 0x8C, 0x8C, 0x92, 0x98, 0x8A, 0x85, 0x7A, 0x8A, 0xA2, 0x9F, 0x7B, 0x64, 0x7F, 0x83,
  0x86, 0x6A, 0x6E, 0x72, 0x8E, 0x8B, 0x79, 0x7A, 0x93, 0xA7, 0x8C, 0x88, 0x83, 0x76, 0x63, 0x60, 0x66, 0x69, 0x5F, 0x5F, 0x7C, 0x98, 0x98, 0x92, 0x7C, 0x82, 0x9A, 0x94, 0x73, 0x70, 0x73, 0x6F,
  0x5E, 0x77, 0x9A, 0x9B, 0x94, 0x91, 0x7B, 0x7D, 0x88, 0x82, 0x6E, 0x6E, 0x82, 0x89, 0x63, 0x5D, 0x5B, 0x6F, 0x81, 0x7D, 0x7C, 0x80, 0xA3, 0xA0, 0x96, 0x8E, 0x83, 0x7E, 0x69, 0x6D, 0x76, 0x7A,
  0x8E, 0xAA, 0x91, 0x8F, 0x7B, 0x70, 0x72, 0x72, 0x82, 0x91, 0x6F, 0x67, 0x59, 0x6B, 0x84, 0x81, 0x74, 0x6E, 0x9B, 0xA2, 0xA6, 0x7C, 0x51, 0x54, 0x71, 0x92, 0x9F, 0xA0, 0x9F, 0x97, 0x7B, 0x7C,
  0x86, 0x88, 0x57, 0x52, 0x56, 0x6F, 0x86, 0x8A, 0xA0, 0xA4, 0x87, 0x83, 0x82, 0x7F, 0x68, 0x66, 0x68, 0x72, 0x7E, 0x7C, 0x7F, 0x8E, 0x7E, 0x79, 0x6C, 0x6D, 0xA7, 0xA7, 0x90, 0x7D, 0x82, 0x7F,
  0x72, 0x84, 0x80, 0x7B, 0x68, 0x6C, 0x81, 0x85, 0x98, 0xA8, 0x82, 0x7B, 0x67, 0x6D, 0x77, 0x73, 0x73, 0x84, 0x99, 0x96, 0x85, 0x71, 0x84, 0x88, 0x95, 0x8F, 0x65, 0x65, 0x7C, 0x9D, 0x66, 0x63,
  0x6C, 0x95, 0x76, 0x73, 0x75, 0x8A, 0x89, 0x86, 0x76, 0x7C, 0x8B, 0x85, 0x72, 0x63, 0x8C, 0x8C, 0x8A, 0x78, 0x87, 0x87, 0x8D, 0x84, 0x90, 0x91, 0x98, 0x89, 0x5B, 0x57, 0x6A, 0x85, 0x8A, 0x86,
  0x86, 0x8C, 0x77, 0x72, 0x6E, 0x89, 0x8D, 0x8A, 0x7F, 0x83, 0x87, 0x87, 0x7D, 0x80, 0x7E, 0x80, 0x82, 0x82, 0x69, 0x6C, 0x87, 0x8F, 0x82, 0x7E, 0x84, 0x93, 0x8E, 0x86, 0x6B, 0x60, 0x7C, 0x7E,
  0x7D, 0x76, 0x75, 0x78, 0x8F, 0xA8, 0x81, 0x7A, 0x6C, 0x7A, 0x8D, 0x89, 0x7F, 0x85, 0x74, 0x71, 0x69, 0x6C, 0x93, 0x98, 0x9F, 0x8F, 0x83, 0x86, 0x8C, 0x6D, 0x6B, 0x6F, 0x82, 0x7F, 0x8D, 0x90,
  0x91, 0x92, 0x88, 0x8A, 0x7F, 0x81, 0x69, 0x6A, 0x64, 0x82, 0x93, 0x91, 0x7C, 0x7E, 0x91, 0x90, 0x81, 0x73, 0x7D, 0x7E, 0x7A, 0x60, 0x81, 0x83, 0x82, 0x7C, 0x84, 0x86, 0x8F, 0x95, 0x82, 0x81,
  0x7F, 0x89, 0x7F, 0x7E, 0x75, 0x77, 0x72, 0x72, 0x71, 0x6D, 0x8C, 0x90, 0x93, 0x88, 0x70, 0x6D, 0x63, 0x72, 0xA5, 0xA5, 0x8A, 0x6D, 0x7C, 0x7F, 0x7B, 0x77, 0x96, 0x99, 0x91, 0x87, 0x6F, 0x6F,
  0x75, 0x83, 0x7F, 0x7E, 0x77, 0x7F, 0x80, 0x7F, 0x87, 0x8B, 0x72, 0x6E, 0x6A, 0x6C, 0x75, 0x78, 0x79, 0x7E, 0x80, 0x80, 0x83, 0x7B, 0x7E, 0x83, 0x9E, 0x91, 0x7C, 0x7A, 0x83, 0x7E, 0x75, 0x72,
  0x6A, 0x6A, 0x78, 0x7A, 0x8A, 0x9D, 0x9E, 0x9E, 0x8C, 0x73, 0x66, 0x69, 0x7A, 0x83, 0x83, 0x86, 0x88, 0x77, 0x70, 0x74, 0x92, 0x9B, 0x87, 0x84, 0x78, 0x80, 0x83, 0x7F, 0x5E, 0x54, 0x77, 0x7F,
  0x91, 0x95, 0x80, 0x81, 0x87, 0x8C, 0x83, 0x82, 0x7C, 0x69, 0x7C, 0x7D, 0x8C, 0x7F, 0x7B, 0x7B, 0x90, 0x99, 0x7E, 0x79, 0x6C, 0x72, 0x85, 0x87, 0x7C, 0x6E, 0x7B, 0x7C, 0x7D, 0x7E, 0x92, 0x91,
  0x86, 0x87, 0x83, 0x82, 0x81, 0x88, 0x84, 0x83, 0x79, 0x71, 0x72, 0x74, 0x7F, 0x7C, 0x84, 0x88, 0x97, 0x94, 0x8A, 0x86, 0x7A, 0x77, 0x79, 0x77, 0x6B, 0x70, 0x77, 0x78, 0x7D, 0x90, 0x95, 0x93,
  0x87, 0x7A, 0x7C, 0x7E, 0x94, 0x99, 0x7D, 0x7A, 0x7C, 0x84, 0x8A, 0x8A, 0x85, 0x87, 0x6C, 0x6C, 0x6B, 0x76, 0x87, 0x89, 0x87, 0x88, 0x8C, 0x8C, 0x8B, 0x87, 0x87, 0x85, 0x79, 0x71, 0x7C, 0x7D,
  0x7E, 0x81, 0x84, 0x86, 0x8D, 0x82, 0x77, 0x78, 0x83, 0x7C, 0x68, 0x69, 0x79, 0x89, 0x92, 0x92, 0x93, 0x94, 0x8B, 0x89, 0x7D, 0x7E, 0x7C, 0x79, 0x6B, 0x71, 0x8F, 0x91, 0x96, 0x8E, 0x84, 0x82,
  0x84, 0x7E, 0x8A, 0x8A, 0x8D, 0x7E, 0x75, 0x75, 0x77, 0x78, 0x83, 0x83, 0x7F, 0x89, 0x94, 0x91, 0x81, 0x76, 0x6F, 0x6D, 0x78, 0x88, 0x82, 0x7F, 0x7A, 0x7C, 0x88, 0x88, 0x83, 0x7D, 0x87, 0x84,
  0x75, 0x74, 0x80, 0x7E, 0x81, 0x83, 0x9B, 0x9B, 0x90, 0x82, 0x7C, 0x7B, 0x69, 0x6F, 0x98, 0x9D, 0x9D, 0x9B, 0x7E, 0x7C, 0x74, 0x6E, 0x76, 0x77, 0x77, 0x7F, 0x87, 0x84, 0x82, 0x7A, 0x80, 0x7F,
  0x7C, 0x78, 0x86, 0x89, 0x92, 0x98, 0x90, 0x8E, 0x7D, 0x82, 0x89, 0x8B, 0x88, 0x7B, 0x73, 0x74, 0x76, 0x6F, 0x7A, 0x7D, 0x80, 0x7E, 0x85, 0x87, 0x8C, 0x88, 0x75, 0x73, 0x71, 0x88, 0x8B, 0x89,
  0x75, 0x75, 0x96, 0x96, 0x87, 0x7D, 0x85, 0x88, 0x8F, 0x87, 0x76, 0x7A, 0x80, 0x89, 0x89, 0x89, 0x80, 0x79, 0x85, 0x86, 0x81, 0x7B, 0x75, 0x74, 0x70, 0x72, 0x82, 0x84, 0x83, 0x81, 0x85, 0x85,
  0x80, 0x83, 0x94, 0x94, 0x8E, 0x8F, 0x86, 0x83, 0x70, 0x6C, 0x81, 0x83, 0x8A, 0x90, 0x8B, 0x87, 0x7D, 0x7A, 0x83, 0x81, 0x7C, 0x70, 0x76, 0x7A, 0x92, 0x9E, 0x81, 0x7D, 0x6F, 0x77, 0x74, 0x74,
  0x83, 0x8D, 0x92, 0x8E, 0x75, 0x5E, 0x81, 0x85, 0x96, 0x8D, 0x7D, 0x7E, 0x85, 0x89, 0x79, 0x7B, 0x83, 0x84, 0x85, 0x86, 0x79, 0x77, 0x84, 0x82, 0x79, 0x71, 0x86, 0x8A, 0x91, 0x84, 0x73, 0x75,
  0x84, 0x90, 0x88, 0x82, 0x72, 0x74, 0x8E, 0x8C, 0x7E, 0x7C, 0x8C, 0x8E, 0x89, 0x7F, 0x68, 0x69, 0x75, 0x81, 0x83, 0x83, 0x83, 0x80, 0x86, 0x82, 0x75, 0x73, 0x87, 0x85, 0x80, 0x77, 0x79, 0x77,
  0x7B, 0x85, 0x86, 0x85, 0x7B, 0x74, 0x6C, 0x6C, 0x79, 0x81, 0x86, 0x85, 0x89, 0x92, 0x82, 0x7E, 0x76, 0x87, 0x7A, 0x7A, 0x6F, 0x78, 0x7C, 0x7E, 0x7B, 0x81, 0x88, 0x8A, 0x86, 0x7C, 0x7B, 0x7D,
  0x89, 0x81, 0x74, 0x75, 0x82, 0x7B, 0x70, 0x70, 0x7D, 0x7B, 0x7F, 0x7F, 0x81, 0x76, 0x76, 0x76, 0x7D, 0x7A, 0x95, 0x97, 0x97, 0x8F, 0x86, 0x86, 0x8E, 0x7D, 0x57, 0x56, 0x5C, 0x6F, 0x85, 0x87,
  0x8B, 0x85, 0x91, 0x94, 0x91, 0x7E, 0x78, 0x78, 0x76, 0x78, 0x78, 0x77, 0x76, 0x77, 0x82, 0x80, 0x79, 0x72, 0x8E, 0x92, 0x9E, 0x94, 0x78, 0x78, 0x77, 0x7A, 0x82, 0x84, 0x84, 0x79, 0x73, 0x74,
  0x7F, 0x86, 0x79, 0x77, 0x75, 0x83, 0x8E, 0x8F, 0x8E, 0x8C, 0x85, 0x84, 0x84, 0x7C, 0x6C, 0x69, 0x69, 0x72, 0x83, 0x83, 0x89, 0x8D, 0x87, 0x87, 0x83, 0x80, 0x91, 0x91, 0x88, 0x7C, 0x7F, 0x80,
  0x85, 0x80, 0x79, 0x7B, 0x83, 0x7E, 0x74, 0x74, 0x79, 0x80, 0x81, 0x80, 0x86, 0x89, 0x95, 0x93, 0x87, 0x79, 0x72, 0x73, 0x7B, 0x7C, 0x86, 0x8B, 0x9B, 0x99, 0x7E, 0x7B, 0x6C, 0x67, 0x7B, 0x7F,
  0x8F, 0x89, 0x7E, 0x7E, 0x84, 0x93, 0x90, 0x8C, 0x80, 0x7E, 0x76, 0x74, 0x70, 0x79, 0x81, 0x83, 0x89, 0x8C, 0x90, 0x92, 0x8F, 0x85, 0x88, 0x88, 0x86, 0x83, 0x6E, 0x6E, 0x72, 0x84, 0x8E, 0x8E,
  0x84, 0x71, 0x7E, 0x80, 0x90, 0x91, 0x80, 0x7F, 0x81, 0x82, 0x81, 0x81, 0x86, 0x81, 0x6F, 0x6E, 0x73, 0x81, 0x89, 0x87, 0x83, 0x83, 0x82, 0x82, 0x86, 0x91, 0x8B, 0x88, 0x76, 0x7C, 0x82, 0x83,
  0x81, 0x7C, 0x70, 0x72, 0x7C, 0x7F, 0x8A, 0x8B, 0x8B, 0x83, 0x7D, 0x7E, 0x7E, 0x7E, 0x89, 0x89, 0x86, 0x7F, 0x8A, 0x8A, 0x8A, 0x83, 0x86, 0x87, 0x84, 0x82, 0x7F, 0x7D, 0x7B, 0x79, 0x77, 0x76,
  0x74, 0x73, 0x72, 0x72, 0x72, 0x72, 0x72, 0x73, 0x74, 0x78, 0x7B, 0x7C, 0x7F, 0x84, 0x8E, 0x8D, 0x80, 0x72, 0x77, 0x78, 0x84, 0x8B, 0x83, 0x81, 0x7A, 0x83, 0x88, 0x88, 0x7D, 0x80, 0x80, 0x7F,
  0x73, 0x6B, 0x7D, 0x80, 0x8B, 0x90, 0x95, 0x92, 0x84, 0x7F, 0x88, 0x88, 0x82, 0x73, 0x6F, 0x71, 0x79, 0x86, 0x7A, 0x7A, 0x7A, 0x8B, 0x94, 0x91, 0x83, 0x79, 0x7C, 0x80, 0x8D, 0x84, 0x72, 0x74,
  0x80, 0x8B, 0x84, 0x83, 0x7F, 0x84, 0x7D, 0x7D, 0x7D, 0x80, 0x82, 0x81, 0x7D, 0x7E, 0x73, 0x74, 0x76, 0x84, 0x86, 0x84, 0x79, 0x75, 0x80, 0x82, 0x8A, 0x89, 0x85, 0x88, 0x8B, 0x89, 0x72, 0x75,
  0x87, 0x8F, 0x79, 0x78, 0x79, 0x78, 0x7A, 0x7A, 0x78, 0x71, 0x7D, 0x7F, 0x86, 0x85, 0x83, 0x85, 0x85, 0x87, 0x8C, 0x8D, 0x8A, 0x81, 0x75, 0x77, 0x78, 0x70, 0x6F, 0x72, 0x84, 0x8F, 0x90, 0x8F,
  0x79, 0x73, 0x84, 0x85, 0x82, 0x7B, 0x82, 0x84, 0x85, 0x7B, 0x70, 0x71, 0x79, 0x7B, 0x80, 0x82, 0x8A, 0x83, 0x82, 0x84, 0x8E, 0x86, 0x84, 0x83, 0x80, 0x72, 0x78, 0x79, 0x79, 0x79, 0x7F, 0x81,
  0x80, 0x7F, 0x7B, 0x7B, 0x78, 0x80, 0x8E, 0x90, 0x85, 0x73, 0x83, 0x83, 0x7C, 0x72, 0x81, 0x83, 0x8B, 0x86, 0x75, 0x77, 0x84, 0x90, 0x87, 0x83, 0x78, 0x79, 0x77, 0x76, 0x73, 0x79, 0x81, 0x83,
  0x80, 0x7F, 0x8A, 0x8C, 0x87, 0x7F, 0x7B, 0x7D, 0x83, 0x84, 0x7A, 0x7A, 0x7B, 0x7E, 0x82, 0x84, 0x8B, 0x81, 0x72, 0x72, 0x71, 0x74, 0x88, 0x8A, 0x89, 0x80, 0x7B, 0x7D, 0x82, 0x88, 0x84, 0x84,
  0x80, 0x7C, 0x77, 0x79, 0x7D, 0x83, 0x7F, 0x7E, 0x7C, 0x7F, 0x88, 0x88, 0x83, 0x79, 0x7C, 0x7B, 0x7A, 0x7C, 0x7D, 0x7D, 0x82, 0x87, 0x7F, 0x7D, 0x77, 0x7A, 0x8C, 0x8C, 0x86, 0x80, 0x7E, 0x7F,
  0x7C, 0x7A, 0x88, 0x89, 0x8A, 0x8C, 0x83, 0x84, 0x7E, 0x80, 0x7A, 0x7A, 0x72, 0x72, 0x81, 0x81, 0x80, 0x7C, 0x7E, 0x7E, 0x7F, 0x83, 0x8B, 0x8A, 0x87, 0x81, 0x83, 0x81, 0x7E, 0x7D, 0x83, 0x83,
  0x86, 0x8C, 0x82, 0x7F, 0x72, 0x75, 0x78, 0x77, 0x72, 0x76, 0x88, 0x87, 0x88, 0x86, 0x89, 0x88, 0x85, 0x83, 0x7C, 0x7C, 0x79, 0x75, 0x7E, 0x80, 0x83, 0x83, 0x8B, 0x8C, 0x91, 0x8C, 0x84, 0x83,
  0x88, 0x86, 0x7F, 0x7B, 0x6F, 0x6C, 0x7D, 0x7F, 0x82, 0x80, 0x81, 0x84, 0x8B, 0x8B, 0x89, 0x8A, 0x8E, 0x87, 0x81, 0x80, 0x7C, 0x77, 0x79, 0x7A, 0x80, 0x80, 0x7A, 0x7B, 0x83, 0x86, 0x78, 0x77,
  0x7B, 0x87, 0x8B, 0x8B, 0x88, 0x8A, 0x86, 0x84, 0x7F, 0x85, 0x83, 0x81, 0x78, 0x75, 0x7E, 0x7F, 0x85, 0x89, 0x82, 0x82, 0x85, 0x89, 0x79, 0x77, 0x78, 0x7F, 0x7F, 0x7F, 0x83, 0x89, 0x89, 0x89,
  0x8D, 0x8A, 0x81, 0x7E, 0x7D, 0x78, 0x7F, 0x80, 0x84, 0x85, 0x7D, 0x7D, 0x7D, 0x80, 0x82, 0x83, 0x87, 0x86, 0x7A, 0x7A, 0x7F, 0x87, 0x83, 0x83, 0x81, 0x7D, 0x84, 0x84, 0x86, 0x86, 0x81, 0x82,
  0x85, 0x88, 0x85, 0x84, 0x7F, 0x7A, 0x7C, 0x7E, 0x7E, 0x7F, 0x7D, 0x7F, 0x88, 0x8A, 0x8A, 0x8B, 0x89, 0x7F, 0x7D, 0x7D, 0x7A, 0x73, 0x7D, 0x7E, 0x83, 0x81, 0x82, 0x83, 0x8B, 0x8E, 0x81, 0x80,
  0x7E, 0x81, 0x89, 0x88, 0x83, 0x80, 0x7E, 0x7E, 0x80, 0x82, 0x84, 0x84, 0x82, 0x81, 0x84, 0x85, 0x85, 0x7F, 0x73, 0x73, 0x79, 0x80, 0x7A, 0x7B, 0x85, 0x8F, 0x8E, 0x8C, 0x81, 0x7B, 0x84, 0x85,
  0x86, 0x7B, 0x79, 0x7A, 0x87, 0x88, 0x7E, 0x7F, 0x82, 0x81, 0x79, 0x7A, 0x80, 0x86, 0x7E, 0x7D, 0x7A, 0x7F, 0x81, 0x81, 0x81, 0x83, 0x84, 0x84, 0x80, 0x7E, 0x83, 0x83, 0x86, 0x8A, 0x82, 0x81,
  0x7F, 0x79, 0x76, 0x77, 0x7A, 0x7E, 0x7F, 0x7F, 0x7D, 0x7E, 0x7E, 0x7F, 0x86, 0x84, 0x7E, 0x7E, 0x89, 0x84, 0x80, 0x7F, 0x86, 0x80, 0x7E, 0x7E, 0x84, 0x82, 0x72, 0x74, 0x7D, 0x86, 0x85, 0x85,
  0x87, 0x80, 0x78, 0x78, 0x7F, 0x83, 0x7B, 0x79, 0x79, 0x7F, 0x85, 0x86, 0x86, 0x82, 0x7C, 0x7D, 0x7E, 0x7F, 0x80, 0x81, 0x80, 0x81, 0x7D, 0x7D, 0x7C, 0x80, 0x81, 0x81, 0x7D, 0x7D, 0x7D, 0x7F,
  0x79, 0x72, 0x7B, 0x7D, 0x86, 0x82, 0x87, 0x87, 0x89, 0x82, 0x84, 0x83, 0x86, 0x7F, 0x76, 0x75, 0x7D, 0x81, 0x79, 0x77, 0x77, 0x7B, 0x7B, 0x7B, 0x7A, 0x80, 0x84, 0x84, 0x7E, 0x7D, 0x7F, 0x7F,
  0x7C, 0x77, 0x80, 0x81, 0x89, 0x87, 0x7E, 0x7D, 0x7E, 0x7E, 0x7D, 0x7C, 0x7E, 0x80, 0x7F, 0x7E, 0x79, 0x7B, 0x81, 0x80, 0x7B, 0x7B, 0x79, 0x78, 0x79, 0x81, 0x86, 0x85, 0x81, 0x82, 0x7E, 0x7D,
  0x76, 0x7B, 0x7F, 0x80, 0x80, 0x7F, 0x82, 0x82, 0x81, 0x7E, 0x7F, 0x7F, 0x7E, 0x7E, 0x80, 0x81, 0x85, 0x81, 0x75, 0x75, 0x76, 0x77, 0x7C, 0x7C, 0x7F, 0x82, 0x7F, 0x7F, 0x7C, 0x7E, 0x81, 0x82,
  0x81, 0x83, 0x7F, 0x7F, 0x7F, 0x81, 0x84, 0x84, 0x82, 0x7A, 0x7D, 0x7E, 0x86, 0x87, 0x84, 0x83, 0x81, 0x7D, 0x7E, 0x7F, 0x7D, 0x7D, 0x7D, 0x7D, 0x76, 0x75, 0x81, 0x83, 0x86, 0x84, 0x7B, 0x7B,
  0x7C, 0x7C, 0x75, 0x74, 0x74, 0x74, 0x7D, 0x7F, 0x87, 0x8B, 0x8B, 0x8B, 0x8C, 0x8C, 0x82, 0x80, 0x77, 0x77, 0x7A, 0x7B, 0x79, 0x7A, 0x81, 0x82, 0x87, 0x88, 0x81, 0x7F, 0x80, 0x85, 0x80, 0x7E,
  0x75, 0x75, 0x7A, 0x7B, 0x7F, 0x83, 0x85, 0x85, 0x86, 0x81, 0x83, 0x84, 0x86, 0x84, 0x80, 0x80, 0x80, 0x81, 0x82, 0x82, 0x7F, 0x7F, 0x7F, 0x7F, 0x7C, 0x7C, 0x7C, 0x7C, 0x7D, 0x7D, 0x7B, 0x7B,
  0x7D, 0x7D, 0x85, 0x85, 0x87, 0x87, 0x84, 0x84, 0x81, 0x80, 0x86, 0x87, 0x86, 0x81, 0x83, 0x83, 0x82, 0x7F, 0x7B, 0x7B, 0x79, 0x7B, 0x7E, 0x7F, 0x80, 0x82, 0x82, 0x83, 0x82, 0x84, 0x82, 0x82,
  0x82, 0x83, 0x7E, 0x7E, 0x7C, 0x7E, 0x86, 0x87, 0x87, 0x85, 0x81, 0x81, 0x7F, 0x80, 0x7D, 0x7D, 0x7A, 0x79, 0x7F, 0x80, 0x83, 0x85, 0x82, 0x82, 0x82, 0x83, 0x81, 0x81, 0x82, 0x81, 0x7D, 0x7D,
  0x84, 0x84, 0x80, 0x7F, 0x80, 0x7F, 0x7E, 0x7E, 0x7D, 0x82, 0x88, 0x88, 0x81, 0x7E, 0x7F, 0x80, 0x81, 0x81, 0x7F, 0x7F, 0x84, 0x83, 0x7A, 0x7A, 0x7C, 0x7F, 0x83, 0x83, 0x86, 0x86, 0x85, 0x85,
  0x81, 0x7F, 0x81, 0x81, 0x81, 0x82, 0x7E, 0x7E, 0x7D, 0x7F, 0x7C, 0x7D, 0x83, 0x86, 0x83, 0x82, 0x80, 0x81, 0x7E, 0x7D, 0x7C, 0x80, 0x85, 0x85, 0x83, 0x82, 0x80, 0x7F, 0x7C, 0x7E, 0x81, 0x82,
  0x84, 0x86, 0x83, 0x83, 0x7E, 0x7D, 0x7B, 0x7B, 0x7A, 0x7A, 0x82, 0x82, 0x84, 0x85, 0x81, 0x80, 0x7F, 0x7F, 0x7F, 0x7F, 0x7F, 0x80, 0x7E, 0x7E, 0x7C, 0x7D, 0x81, 0x81, 0x82, 0x82, 0x7D, 0x7D,
  0x7C, 0x7D, 0x7C, 0x7D, 0x81, 0x83, 0x7F, 0x7E, 0x84, 0x8B, 0x87, 0x85, 0x80, 0x7F, 0x7F, 0x7F, 0x7F, 0x7D, 0x81, 0x81, 0x80, 0x81, 0x81, 0x80, 0x7F, 0x80, 0x7E, 0x7D, 0x7A, 0x7A, 0x7D, 0x7E,
  0x7F, 0x82, 0x80, 0x81, 0x83, 0x86, 0x84, 0x83, 0x83, 0x83, 0x80, 0x80, 0x7F, 0x7F, 0x7B, 0x7A, 0x7C, 0x81, 0x7F, 0x7E, 0x81, 0x84, 0x7F, 0x7E, 0x7D, 0x80, 0x7D, 0x7D, 0x7D, 0x7F, 0x85, 0x85,
  0x84, 0x80, 0x7E, 0x7F, 0x7F, 0x7D, 0x7E, 0x7F, 0x82, 0x82, 0x7C, 0x7B, 0x7A, 0x7F, 0x83, 0x83, 0x80, 0x81, 0x83, 0x83, 0x81, 0x82, 0x83, 0x83, 0x83, 0x82, 0x7B, 0x7B, 0x7E, 0x82, 0x7B, 0x7A,
  0x78, 0x7D, 0x83, 0x83, 0x81, 0x80, 0x83, 0x84, 0x86, 0x85, 0x7D, 0x7D, 0x7D, 0x7E, 0x7D, 0x7D, 0x7D, 0x7F, 0x82, 0x82, 0x80, 0x7F, 0x82, 0x82, 0x84, 0x83, 0x81, 0x81, 0x80, 0x7E, 0x7A, 0x7B,
  0x7E, 0x81, 0x7E, 0x7E, 0x80, 0x83, 0x81, 0x81, 0x83, 0x84, 0x7F, 0x7E, 0x7C, 0x7D, 0x7F, 0x7F, 0x7F, 0x81, 0x85, 0x85, 0x80, 0x82, 0x82, 0x82, 0x81, 0x7E, 0x79, 0x79, 0x7D, 0x7D, 0x80, 0x80,
  0x80, 0x80, 0x81, 0x81, 0x81, 0x80, 0x82, 0x82, 0x84, 0x84, 0x80, 0x80, 0x7E, 0x7B, 0x7D, 0x7E, 0x82, 0x82, 0x85, 0x85, 0x84, 0x83, 0x7E, 0x7E, 0x80, 0x80, 0x81, 0x80, 0x7F, 0x7F, 0x7D, 0x7D,
  0x7B, 0x7B, 0x7E, 0x7F, 0x82, 0x82, 0x82, 0x83, 0x84, 0x82, 0x7F, 0x7E, 0x7F, 0x80, 0x81, 0x81, 0x81, 0x81, 0x7E, 0x7E, 0x7D, 0x80, 0x81, 0x81, 0x80, 0x81, 0x83, 0x84, 0x82, 0x7E, 0x7E, 0x7E,
  0x81, 0x80, 0x7D, 0x7D, 0x7D, 0x7D, 0x7E, 0x7E, 0x80, 0x80, 0x7E, 0x7E, 0x7E, 0x80, 0x81, 0x81, 0x82, 0x81, 0x81, 0x81, 0x83, 0x81, 0x80, 0x80, 0x7E, 0x7F, 0x81, 0x82, 0x83, 0x81, 0x7B, 0x7B,
  0x7E, 0x7F, 0x7D, 0x7D, 0x7B, 0x7C, 0x81, 0x81, 0x80, 0x7E, 0x7F, 0x7F, 0x7E, 0x7E, 0x7F, 0x7F, 0x7F, 0x80, 0x81, 0x81, 0x81, 0x82, 0x83, 0x83, 0x82, 0x7F, 0x7F, 0x80, 0x80, 0x7E, 0x7E, 0x7E,
  0x7C, 0x7C, 0x7C, 0x7C, 0x7D, 0x7F, 0x82, 0x83, 0x83, 0x81, 0x81, 0x82, 0x84, 0x82, 0x7C, 0x7C, 0x7D, 0x7C, 0x7C, 0x7D, 0x81, 0x82, 0x80, 0x80, 0x81, 0x81, 0x7E, 0x7E, 0x81, 0x81, 0x7E, 0x7D,
  0x7C, 0x7C, 0x7C, 0x7B, 0x7B, 0x7D, 0x7E, 0x7E, 0x7D, 0x7D, 0x80, 0x81, 0x82, 0x81, 0x7F, 0x7E, 0x7F, 0x81, 0x80, 0x80, 0x80, 0x81, 0x7E, 0x7E, 0x7F, 0x81, 0x7F, 0x7F, 0x80, 0x81, 0x82, 0x82,
  0x81, 0x80, 0x7E, 0x7E, 0x7E, 0x7F, 0x7E, 0x7E, 0x7D, 0x7D, 0x7E, 0x7E, 0x80, 0x82, 0x83, 0x82, 0x80, 0x7E, 0x80, 0x80, 0x80, 0x80, 0x80, 0x80, 0x7F, 0x7F, 0x7F, 0x7F, 0x7E, 0x7E, 0x7E, 0x7E,
  0x7C, 0x7C, 0x80, 0x80, 0x81, 0x81, 0x80, 0x80, 0x80, 0x82, 0x82, 0x82, 0x82, 0x80, 0x7E, 0x7D, 0x7E, 0x7E, 0x80, 0x80, 0x82, 0x81, 0x7F, 0x7E, 0x7E, 0x7E, 0x80, 0x80, 0x80, 0x80, 0x81, 0x81,
  0x81, 0x81, 0x80, 0x80, 0x7E, 0x7E, 0x7F, 0x80, 0x81, 0x80, 0x80, 0x81, 0x82, 0x83, 0x81, 0x80, 0x80, 0x80, 0x7F, 0x7E, 0x7E, 0x7E, 0x7F, 0x7F, 0x7E, 0x7E, 0x7E, 0x7E, 0x80, 0x82, 0x81, 0x81,
  0x81, 0x81, 0x80, 0x7F, 0x7F, 0x7E, 0x7F, 0x7F, 0x81, 0x82, 0x80, 0x80, 0x81, 0x82, 0x80, 0x80, 0x7F, 0x7E, 0x80, 0x80, 0x7F, 0x7E, 0x7F, 0x7F, 0x80, 0x80, 0x7E, 0x7E, 0x7F, 0x80, 0x7F, 0x7F,
  0x80, 0x83, 0x82, 0x82, 0x80, 0x7E, 0x7F, 0x7F, 0x7F, 0x80, 0x81, 0x80, 0x7F, 0x7F, 0x80, 0x80, 0x80, 0x80, 0x80, 0x80, 0x81, 0x80, 0x7F, 0x7F, 0x80, 0x82, 0x82, 0x82, 0x81, 0x80, 0x80, 0x80,
  0x7F, 0x7F, 0x7E, 0x7E, 0x7F, 0x80, 0x7E, 0x7E, 0x7D, 0x7F, 0x7F, 0x7F, 0x7F, 0x80, 0x81, 0x81, 0x80, 0x7F, 0x80, 0x80, 0x80, 0x81, 0x80, 0x80, 0x7F, 0x80, 0x80, 0x80, 0x7F, 0x80, 0x81, 0x81,
  0x7F, 0x7E, 0x7E, 0x7E, 0x7E, 0x7E, 0x80, 0x81, 0x81, 0x80, 0x80, 0x81, 0x81, 0x81, 0x80, 0x7F, 0x7F, 0x7F, 0x7F, 0x7F, 0x7F, 0x7F, 0x7F, 0x7F, 0x7F, 0x7E, 0x80, 0x81, 0x83, 0x83, 0x81, 0x81,
  0x80, 0x7F, 0x7F, 0x7F, 0x80, 0x80, 0x7F, 0x7F, 0x80, 0x80, 0x7F, 0x7F, 0x7E, 0x7E, 0x80, 0x81, 0x81, 0x80, 0x80, 0x80, 0x80, 0x80, 0x81, 0x81, 0x80, 0x7F, 0x7F, 0x7E, 0x7F, 0x80, 0x81, 0x81,
  0x81, 0x80, 0x80, 0x80, 0x80, 0x7F, 0x7F, 0x7F, 0x7F, 0x7F, 0x81, 0x81, 0x81, 0x81, 0x80, 0x80, 0x7F, 0x7F, 0x7E, 0x7E, 0x7F, 0x7F, 0x80, 0x80, 0x81, 0x81, 0x82, 0x82, 0x82, 0x81, 0x80, 0x80,
  0x80, 0x7F, 0x7F, 0x7F, 0x7F, 0x80, 0x80, 0x80, 0x80, 0x80, 0x80, 0x80, 0x80, 0x80, 0x80, 0x80, 0x7F, 0x7F, 0x7E, 0x7E, 0x7F, 0x80, 0x80, 0x80, 0x80, 0x80, 0x81, 0x81, 0x81, 0x81, 0x7F, 0x7F,
  0x7F, 0x7F, 0x7F, 0x7F, 0x80, 0x80, 0x80, 0x80, 0x80, 0x81, 0x7F, 0x7F, 0x7F, 0x7F, 0x7F, 0x7F, 0x7F, 0x80, 0x81, 0x80, 0x80, 0x80, 0x7F, 0x7F, 0x7F, 0x7F, 0x80, 0x80, 0x80, 0x80, 0x80, 0x80,
  0x7F, 0x7F, 0x80, 0x80, 0x80, 0x7F, 0x80, 0x80, 0x80, 0x80, 0x7F, 0x7F, 0x7F, 0x7F, 0x80, 0x80, 0x80, 0x80, 0x7F, 0x7F, 0x7F, 0x7F, 0x80, 0x80, 0x80, 0x7F, 0x7F, 0x7F, 0x7F, 0x80, 0x7F, 0x7F,
  0x7F, 0x7F, 0x7F, 0x7F, 0x80, 0x80, 0x7F, 0x80, 0x80, 0x80, 0x80, 0x80, 0x80, 0x80, 0x7F, 0x7F, 0x7F, 0x7F, 0x7F, 0x7F, 0x80, 0x80, 0x7F, 0x80, 0x80, 0x80, 0x80, 0x7F, 0x80, 0x7F, 0x7F, 0x7F,
  0x80, 0x80, 0x7F, 0x80, 0x80, 0x80, 0x80, 0x80, 0x80, 0x80, 0x7F, 0x7F, 0x7F, 0x7F, 0x7F, 0x7F, 0x7F, 0x7F, 0x7F, 0x7F, 0x7F, 0x7F, 0x80, 0x80, 0x80, 0x80, 0x80, 0x80, 0x7F, 0x7F, 0x80, 0x80,
  0x80, 0x7F, 0x7F, 0x7F, 0x7F, 0x80, 0x80, 0x80, 0x7F, 0x7F, 0x80, 0x80, 0x80, 0x80, 0x7F, 0x7F, 0x80, 0x80, 0x7F, 0x7F, 0x80, 0x80, 0x7F, 0x80, 0x80, 0x80, 0x7F, 0x80, 0x80, 0x80, 0x7F, 0x7F,
  0x7F, 0x80, 0x7F, 0x7F, 0x7F, 0x80, 0x80, 0x80, 0x80, 0x80, 0x7F, 0x7F, 0x7F, 0x80, 0x7F, 0x80, 0x80, 0x80, 0x7F, 0x7F, 0x7F, 0x7F, 0x80, 0x80, 0x7F, 0x7F, 0x7F, 0x7F, 0x7F, 0x80, 0x80, 0x80,
  0x80, 0x80, 0x7F, 0x7F, 0x80, 0x80, 0x7F, 0x80, 0x80, 0x80, 0x80, 0x80, 0x80, 0x80, 0x80, 0x80, 0x80, 0x80, 0x80, 0x80, 0x80,
};

// --- DMA PLAYBACK TABLES ---
const uint8_t* const sound_pointers[NUM_SOUNDS] = {
    snd_achtung,
    snd_die,
    snd_bark,
    snd_door_close,
    snd_door_open,
    snd_door_open1,
    snd_door_close1,
    snd_gun_fire1,
    snd_gun_fire2,
};

const uint32_t sound_lengths[NUM_SOUNDS] = {
    4096,
    1900,
    3793,
    4096,
    4096,
    4096,
    4096,
    3600,
    3605,
};

#endif // OPTIMIZED_SOUNDS_H
