/* AUTO-GENERATED hud_faces.h -- DO NOT EDIT */
/* Wolf3D WL1 BJ Blazkowicz face sprites, decoded from VGAGRAPH.WL1 */
/* Format: 24x32 pixels, RGB565 big-endian (high byte first = SPI order) */
/* Usage: memcpy face into the status bar line buffer at the face region   */
/* Face selection: hp>=75->FACE1x, >=50->FACE2x, >=25->FACE3x,            */
/*                 >=1->FACE4x,  ==0->FACE_DEAD sequence                  */
/* Angle index: A=looking left, B=looking forward, C=looking right         */
/* Ouch face: show for ~8 frames after player takes damage                 */

#pragma once
#include <stdint.h>

#define ALLOC_FLASH __attribute__((section(".rodata")))

#define FACE_W        24
#define FACE_H        32
#define FACE_STRIDE   (FACE_W * 2)  /* bytes per row, RGB565 */
#define NUM_FACES     24

/* Face index constants */
#define FACE1A                    0
#define FACE1B                    1
#define FACE1C                    2
#define FACE2A                    3
#define FACE2B                    4
#define FACE2C                    5
#define FACE3A                    6
#define FACE3B                    7
#define FACE3C                    8
#define FACE4A                    9
#define FACE4B                    10
#define FACE4C                    11
#define FACE5A                    12
#define FACE5B                    13
#define FACE5C                    14
#define FACE_OUCH                 15
#define FACE_GOTGATLING           16
#define FACE_DEAD0                17
#define FACE_DEAD1                18
#define FACE_DEAD2                19
#define FACE_DEAD3                20
#define FACE_DEAD4                21
#define FACE_MUTANTBJ             22
#define FACE_EXTRA                23

/* Health -> face row mapping (each row has A/B/C angle variants) */
#define FACE_ROW(hp) ((hp)>=75?0:(hp)>=50?1:(hp)>=25?2:(hp)>=6?3:4)

ALLOC_FLASH const uint8_t hud_faces[NUM_FACES][FACE_H][FACE_STRIDE] = {
  { /* [ 0] FACE1A (VGAGRAPH chunk 121) */
    {0x5B, 0x1F, 0x5B, 0x1F, 0x5B, 0x1F, 0x5B, 0x1F, 0x5B, 0x1F, 0x5B, 0x1F, 0x5B, 0x1F, 0x5B, 0x1F, 0x5B, 0x1F, 0x5B, 0x1F, 0x5B, 0x1F, 0x5B, 0x1F, 0x5B, 0x1F, 0x5B, 0x1F, 0x5B, 0x1F, 0x5B, 0x1F, 0x5B, 0x1F, 0x5B, 0x1F, 0x5B, 0x1F, 0x5B, 0x1F, 0x5B, 0x1F, 0x5B, 0x1F, 0x5B, 0x1F, 0x7C, 0x1F},
    {0x4A, 0x49, 0x4A, 0x49, 0x4A, 0x49, 0x4A, 0x49, 0x4A, 0x49, 0x39, 0xC7, 0x39, 0xC7, 0x39, 0xC7, 0x39, 0xC7, 0x39, 0xC7, 0x39, 0xC7, 0x39, 0xC7, 0x39, 0xC7, 0x39, 0xC7, 0x39, 0xC7, 0x39, 0xC7, 0x39, 0xC7, 0x39, 0xC7, 0x4A, 0x49, 0x4A, 0x49, 0x4A, 0x49, 0x4A, 0x49, 0x4A, 0x49, 0x4A, 0x49},
    {0x4A, 0x49, 0x4A, 0x49, 0x4A, 0x49, 0x4A, 0x49, 0x29, 0x65, 0x9A, 0x60, 0xCB, 0x00, 0xB2, 0xA0, 0xCB, 0x00, 0xCB, 0x00, 0xE3, 0x60, 0xCB, 0x00, 0xE3, 0x60, 0xE3, 0x60, 0xE3, 0x60, 0xE3, 0x60, 0xE3, 0x60, 0xE3, 0x60, 0xCB, 0x00, 0x9A, 0x60, 0x39, 0xC7, 0x4A, 0x49, 0x4A, 0x49, 0x4A, 0x49},
    {0x4A, 0x49, 0x4A, 0x49, 0x4A, 0x49, 0x29, 0x65, 0x9A, 0x60, 0xAA, 0xA0, 0xB2, 0xA0, 0xCB, 0x00, 0xB2, 0xA0, 0xCB, 0x00, 0xCB, 0x00, 0xCB, 0x00, 0xCB, 0x00, 0xCB, 0x00, 0xCB, 0x00, 0xE3, 0x60, 0xFB, 0xC0, 0xE3, 0x60, 0xE3, 0x60, 0xCB, 0x00, 0x9A, 0x60, 0x39, 0xC7, 0x4A, 0x49, 0x4A, 0x49},
    {0x4A, 0x49, 0x4A, 0x49, 0x4A, 0x49, 0x51, 0xE3, 0xAA, 0xA0, 0xAA, 0xA0, 0xAA, 0xA0, 0xAA, 0xA0, 0xAA, 0xA0, 0xAA, 0xA0, 0xAA, 0xA0, 0xAA, 0xA0, 0xAA, 0xA0, 0xB2, 0xA0, 0xB2, 0xA0, 0xCB, 0x00, 0xE3, 0x60, 0xFB, 0xC0, 0xFC, 0x44, 0xFB, 0xC0, 0xCB, 0x00, 0x6A, 0x44, 0x4A, 0x49, 0x4A, 0x49},
    {0x4A, 0x49, 0x4A, 0x49, 0x29, 0x65, 0x9A, 0x60, 0xAA, 0xA0, 0xAA, 0xA0, 0x9A, 0x60, 0x51, 0xE3, 0x72, 0x65, 0x6A, 0x44, 0x6A, 0x44, 0xAA, 0xA0, 0x72, 0x65, 0x72, 0x65, 0x82, 0x85, 0x82, 0x85, 0xCB, 0x00, 0xFB, 0xC0, 0xFC, 0x44, 0xE3, 0x60, 0xE3, 0x60, 0x8A, 0xC6, 0x39, 0xC7, 0x4A, 0x49},
    {0x4A, 0x49, 0x4A, 0x49, 0x29, 0x65, 0x9A, 0x60, 0xAA, 0xA0, 0x9A, 0x60, 0x51, 0xE3, 0x72, 0x65, 0x49, 0xC3, 0x49, 0xC3, 0x72, 0x65, 0x72, 0x65, 0xAA, 0xA0, 0x5A, 0x04, 0x51, 0xE3, 0x72, 0x65, 0x9A, 0x60, 0xE3, 0x60, 0xFB, 0xC0, 0xAA, 0xA0, 0x72, 0x65, 0xCB, 0x00, 0x39, 0xC7, 0x4A, 0x49},
    {0x4A, 0x49, 0x4A, 0x49, 0x29, 0x65, 0x9A, 0x60, 0x9A, 0x60, 0x72, 0x65, 0xA3, 0x27, 0xDC, 0x4A, 0xDC, 0x4A, 0xDC, 0x4A, 0xB3, 0x88, 0x9B, 0x07, 0x72, 0x65, 0x5A, 0x04, 0x39, 0x62, 0x51, 0xE3, 0x72, 0x65, 0xE3, 0x60, 0xAA, 0xA0, 0xA3, 0x27, 0x72, 0x65, 0x9A, 0x60, 0x39, 0xC7, 0x4A, 0x49},
    {0x4A, 0x49, 0x4A, 0x49, 0x29, 0x65, 0x51, 0xE3, 0x9B, 0x07, 0x9B, 0x07, 0xFD, 0x2E, 0xFD, 0xD2, 0xFD, 0xD2, 0xFD, 0x2E, 0xFD, 0x2E, 0xDC, 0x4A, 0xDC, 0x4A, 0xCB, 0xE9, 0xA3, 0x27, 0x9B, 0x07, 0x9B, 0x07, 0xCB, 0x00, 0xFD, 0x90, 0xDC, 0x4A, 0x9B, 0x07, 0x72, 0x65, 0x39, 0xC7, 0x4A, 0x49},
    {0x4A, 0x49, 0x4A, 0x49, 0x29, 0x65, 0x51, 0xE3, 0x9B, 0x07, 0xDC, 0x4A, 0xFE, 0x34, 0xFE, 0x34, 0xFE, 0x34, 0xFE, 0x34, 0xFE, 0x34, 0xFE, 0x34, 0xFD, 0x90, 0xEC, 0x6B, 0xDC, 0x4A, 0xA3, 0x27, 0xFC, 0xEC, 0xAA, 0xA0, 0xFD, 0x90, 0xFE, 0x34, 0xB3, 0x88, 0x51, 0xE3, 0x29, 0x65, 0x4A, 0x49},
    {0x4A, 0x49, 0x4A, 0x49, 0x29, 0x65, 0x51, 0xE3, 0x9B, 0x07, 0xFD, 0x90, 0xFC, 0xEC, 0xFD, 0x2E, 0xFD, 0x90, 0xFE, 0x34, 0xFE, 0x34, 0xFE, 0x34, 0xFE, 0x34, 0xFD, 0x90, 0xEC, 0x6B, 0xCB, 0xE9, 0xFC, 0xEC, 0xFD, 0x90, 0xFE, 0x34, 0xFE, 0x34, 0xDC, 0x4A, 0x51, 0xE3, 0x29, 0x65, 0x4A, 0x49},
    {0x4A, 0x49, 0x4A, 0x49, 0x29, 0x65, 0x41, 0x83, 0xB3, 0x88, 0xDC, 0x4A, 0xFD, 0x90, 0xFE, 0x34, 0xFE, 0xD8, 0xFF, 0x5B, 0xFE, 0xD8, 0xFE, 0x34, 0xFE, 0x34, 0xFE, 0x34, 0xDC, 0x4A, 0xCB, 0xE9, 0xFD, 0x90, 0xFE, 0x34, 0xFF, 0x5B, 0xFD, 0x90, 0xDC, 0x4A, 0x51, 0xE3, 0x29, 0x65, 0x4A, 0x49},
    {0x4A, 0x49, 0x4A, 0x49, 0x29, 0x65, 0x41, 0x83, 0xB3, 0x88, 0xFD, 0x90, 0x39, 0xC7, 0x29, 0x65, 0xAB, 0x48, 0xDC, 0x4A, 0xFD, 0x90, 0xFD, 0xD2, 0xFD, 0xD2, 0xFD, 0x90, 0xFC, 0xEC, 0xDC, 0x4A, 0xAB, 0x48, 0x4A, 0x49, 0x52, 0xAA, 0xFE, 0xD8, 0xDC, 0x4A, 0x41, 0x83, 0x29, 0x65, 0x4A, 0x49},
    {0x4A, 0x49, 0x29, 0x65, 0xFD, 0x2E, 0x29, 0x01, 0xDC, 0x4A, 0x52, 0xAA, 0x73, 0x8E, 0x00, 0x0F, 0x00, 0x00, 0x00, 0x00, 0x00, 0x00, 0xAB, 0x48, 0xAB, 0x48, 0xAB, 0x48, 0x00, 0x00, 0x00, 0x00, 0x29, 0x65, 0x00, 0x0F, 0x73, 0x8E, 0x52, 0xAA, 0xFD, 0x90, 0x29, 0x01, 0xFD, 0x2E, 0x29, 0x65},
    {0x4A, 0x49, 0x29, 0x65, 0xDC, 0x4A, 0x29, 0x01, 0xDC, 0x4A, 0xDC, 0x4A, 0xD6, 0x9A, 0x00, 0x15, 0x00, 0x1F, 0xAD, 0x55, 0xA8, 0x00, 0xBB, 0xC9, 0xF4, 0xAB, 0xAB, 0x48, 0xA8, 0x00, 0xAD, 0x55, 0x00, 0x15, 0x00, 0x1F, 0xFF, 0xFF, 0xDC, 0x4A, 0xDC, 0x4A, 0x29, 0x01, 0xFC, 0xEC, 0x29, 0x65},
    {0x4A, 0x49, 0x29, 0x65, 0xB3, 0x88, 0x92, 0xE6, 0xDC, 0x4A, 0xFD, 0xD2, 0xFD, 0x2E, 0xFD, 0x2E, 0xFD, 0x2E, 0xFD, 0x2E, 0xFD, 0xD2, 0xFD, 0x90, 0xFE, 0xB7, 0xFD, 0x2E, 0xFE, 0x34, 0xFD, 0x2E, 0xFD, 0x2E, 0xFD, 0x2E, 0xFD, 0x2E, 0xFD, 0xD2, 0xDC, 0x4A, 0x92, 0xE6, 0xB3, 0x88, 0x29, 0x65},
    {0x4A, 0x49, 0x29, 0x65, 0xDC, 0x4A, 0xFC, 0xEC, 0xFD, 0x2E, 0xFE, 0xB7, 0xFE, 0xB7, 0xFF, 0x5B, 0xFF, 0x5B, 0xFE, 0xB7, 0xFD, 0xD2, 0xFD, 0x2E, 0xFE, 0xD8, 0xFE, 0x34, 0xFE, 0x34, 0xFE, 0x34, 0xFE, 0xB7, 0xFF, 0x5B, 0xFF, 0x5B, 0xFE, 0xB7, 0xFD, 0x2E, 0xFD, 0xD2, 0xDC, 0x4A, 0x29, 0x65},
    {0x4A, 0x49, 0x29, 0x65, 0xFC, 0xEC, 0xBB, 0xC9, 0xFD, 0x2E, 0xFE, 0x34, 0xFE, 0xB7, 0xFE, 0xB7, 0xFE, 0x34, 0xFE, 0x34, 0xD4, 0x0A, 0xFD, 0x90, 0xFE, 0xB7, 0xFE, 0x34, 0xF4, 0xAB, 0xFE, 0x34, 0xFE, 0x34, 0xFE, 0xB7, 0xFE, 0xB7, 0xFE, 0x34, 0xFD, 0x2E, 0xDC, 0x4A, 0xFD, 0x2E, 0x29, 0x65},
    {0x4A, 0x49, 0x4A, 0x49, 0xAB, 0x48, 0x82, 0x85, 0xBB, 0xC9, 0xFD, 0x90, 0xFE, 0x34, 0xFE, 0x34, 0xFE, 0x34, 0xF4, 0xAB, 0xAB, 0x48, 0x8A, 0xC6, 0x8A, 0xC6, 0x8A, 0xC6, 0x9B, 0x07, 0xFD, 0x2E, 0xFE, 0x34, 0xFE, 0x34, 0xFE, 0x34, 0xFD, 0x90, 0xBB, 0xC9, 0x82, 0x85, 0xAB, 0x48, 0x4A, 0x49},
    {0x4A, 0x49, 0x4A, 0x49, 0x29, 0x65, 0x82, 0x85, 0xFD, 0x2E, 0xDC, 0x4A, 0xFD, 0x2E, 0xFE, 0x34, 0xFD, 0xD2, 0xFD, 0x2E, 0xFC, 0xEC, 0xFC, 0xEC, 0xD4, 0x0A, 0xFD, 0x2E, 0xFD, 0xD2, 0xFD, 0x90, 0xFE, 0x34, 0xFE, 0x34, 0xFD, 0x2E, 0xDC, 0x4A, 0xFC, 0xEC, 0x82, 0x85, 0x29, 0x65, 0x4A, 0x49},
    {0x4A, 0x49, 0x4A, 0x49, 0x39, 0xC7, 0x82, 0x85, 0xFD, 0x90, 0xFC, 0xEC, 0xFD, 0xD2, 0xFE, 0x34, 0xFD, 0x2E, 0xFD, 0x90, 0xFD, 0xD2, 0xFD, 0xD2, 0xFD, 0x2E, 0xFD, 0xD2, 0xFE, 0x34, 0xFD, 0x90, 0xFD, 0x2E, 0xFE, 0x34, 0xFD, 0x90, 0xFC, 0xEC, 0xFD, 0x2E, 0x82, 0x85, 0x39, 0xC7, 0x4A, 0x49},
    {0x4A, 0x49, 0x4A, 0x49, 0x4A, 0x49, 0x29, 0x65, 0xFD, 0x90, 0xFD, 0x2E, 0xFD, 0x90, 0xFE, 0x34, 0xBB, 0xC9, 0x9B, 0x07, 0xBB, 0xC9, 0xD4, 0x0A, 0xD4, 0x0A, 0xD4, 0x0A, 0xBB, 0xC9, 0x9B, 0x07, 0xBB, 0xC9, 0xFE, 0x34, 0xFD, 0x90, 0xFD, 0x2E, 0xFD, 0x90, 0x29, 0x65, 0x4A, 0x49, 0x4A, 0x49},
    {0x4A, 0x49, 0x4A, 0x49, 0x4A, 0x49, 0x29, 0x65, 0xFD, 0x90, 0xFD, 0x90, 0xFD, 0x90, 0xFE, 0x34, 0xFD, 0x90, 0xFC, 0xEC, 0xFD, 0xD2, 0xFE, 0x34, 0xFE, 0x34, 0xFE, 0xD8, 0xFE, 0x34, 0xFC, 0xEC, 0xFD, 0x90, 0xFE, 0x34, 0xFD, 0x90, 0xFD, 0xF3, 0xFD, 0xD2, 0x21, 0x04, 0x4A, 0x49, 0x4A, 0x49},
    {0x4A, 0x49, 0x4A, 0x49, 0x4A, 0x49, 0x29, 0x65, 0xDC, 0x4A, 0xFD, 0x90, 0xFD, 0x90, 0xFE, 0x34, 0xFE, 0x34, 0xFD, 0x90, 0xFD, 0x2E, 0xF4, 0xAB, 0xEC, 0x6B, 0xF4, 0xAB, 0xFD, 0x2E, 0xFD, 0x90, 0xFE, 0x34, 0xFE, 0x34, 0xFD, 0x90, 0xFD, 0x90, 0xFD, 0xD2, 0x21, 0x04, 0x4A, 0x49, 0x4A, 0x49},
    {0x4A, 0x49, 0x4A, 0x49, 0x4A, 0x49, 0x29, 0x65, 0x9B, 0x07, 0xDC, 0x4A, 0xFD, 0x90, 0xFE, 0x34, 0xFE, 0xB7, 0xFF, 0x5B, 0xFE, 0xB7, 0xFE, 0x34, 0xFE, 0x34, 0xFE, 0x34, 0xFE, 0x34, 0xFE, 0xB7, 0xFF, 0x5B, 0xFE, 0x34, 0xFD, 0x90, 0xFD, 0x2E, 0xFE, 0x34, 0x21, 0x04, 0x4A, 0x49, 0x4A, 0x49},
    {0x4A, 0x49, 0x4A, 0x49, 0x4A, 0x49, 0x29, 0x65, 0x92, 0xE6, 0x9B, 0x07, 0xDC, 0x4A, 0xFD, 0x2E, 0xFE, 0x34, 0xFE, 0x34, 0xFE, 0x34, 0xFD, 0x90, 0xDC, 0x4A, 0xFD, 0x90, 0xFE, 0x34, 0xFE, 0x34, 0xFE, 0x34, 0xFD, 0x2E, 0xF4, 0xAB, 0xFC, 0xEC, 0xFE, 0x34, 0x39, 0xC7, 0x4A, 0x49, 0x4A, 0x49},
    {0x4A, 0x49, 0x4A, 0x49, 0x4A, 0x49, 0x29, 0x65, 0x92, 0xE6, 0x6A, 0x44, 0x9B, 0x07, 0xBB, 0xC9, 0xDC, 0x4A, 0xDC, 0x4A, 0xDC, 0x4A, 0xCB, 0xE9, 0xAB, 0x48, 0xCB, 0xE9, 0xDC, 0x4A, 0xDC, 0x4A, 0xDC, 0x4A, 0xBB, 0xC9, 0x9B, 0x07, 0xFE, 0x34, 0xFE, 0x34, 0x39, 0xC7, 0x4A, 0x49, 0x4A, 0x49},
    {0x4A, 0x49, 0x4A, 0x49, 0x4A, 0x49, 0x39, 0xC7, 0x92, 0xE6, 0x5A, 0x04, 0x6A, 0x44, 0x49, 0xC3, 0x49, 0xC3, 0x49, 0xC3, 0x49, 0xC3, 0x49, 0xC3, 0x5A, 0x04, 0x6A, 0x44, 0x72, 0x65, 0x72, 0x65, 0x92, 0xE6, 0x92, 0xE6, 0xCB, 0xE9, 0xFE, 0x34, 0xFE, 0x34, 0x39, 0xC7, 0x4A, 0x49, 0x4A, 0x49},
    {0x4A, 0x49, 0x4A, 0x49, 0x4A, 0x49, 0x39, 0xC7, 0x92, 0xE6, 0x5A, 0x04, 0x82, 0x85, 0x72, 0x65, 0x72, 0x65, 0x82, 0x85, 0x9B, 0x07, 0x9B, 0x07, 0x9B, 0x07, 0x9B, 0x07, 0x9B, 0x07, 0xAB, 0x48, 0xCB, 0xE9, 0xFE, 0x34, 0xFE, 0x34, 0xCB, 0xE9, 0xFD, 0x2E, 0x4A, 0x49, 0x4A, 0x49, 0x4A, 0x49},
    {0x4A, 0x49, 0x4A, 0x49, 0x4A, 0x49, 0x4A, 0x49, 0x72, 0x65, 0x5A, 0x04, 0x72, 0x65, 0x82, 0x85, 0x9B, 0x07, 0x9B, 0x07, 0xDC, 0x4A, 0xB3, 0x88, 0xCB, 0xE9, 0xCB, 0xE9, 0xCB, 0xE9, 0xAB, 0x48, 0xFD, 0x90, 0xFD, 0xF3, 0xFE, 0x34, 0xFE, 0x34, 0xCB, 0xE9, 0x4A, 0x49, 0x4A, 0x49, 0x4A, 0x49},
    {0x4A, 0x49, 0x4A, 0x49, 0x4A, 0x49, 0x4A, 0x49, 0x72, 0x65, 0x72, 0x65, 0x82, 0x85, 0x9B, 0x07, 0xD4, 0x0A, 0xDC, 0x4A, 0xFD, 0x90, 0xDC, 0x4A, 0xFE, 0x34, 0xFE, 0x34, 0xFD, 0x2E, 0xCB, 0xE9, 0xDC, 0x4A, 0xFE, 0xB7, 0xFD, 0x2E, 0xFD, 0x2E, 0xA3, 0x27, 0x4A, 0x49, 0x4A, 0x49, 0x4A, 0x49},
    {0x4A, 0x49, 0x4A, 0x49, 0x4A, 0x49, 0x4A, 0x49, 0x72, 0x65, 0x72, 0x65, 0x9B, 0x07, 0x9B, 0x07, 0xA3, 0x27, 0xFC, 0xEC, 0xFD, 0x90, 0xDC, 0x4A, 0xFD, 0x2E, 0xFE, 0x34, 0xFD, 0xD2, 0xFD, 0x2E, 0xCB, 0xE9, 0xFD, 0xD2, 0xFD, 0x2E, 0xA3, 0x27, 0xA3, 0x27, 0x4A, 0x49, 0x4A, 0x49, 0x4A, 0x49},
  },
  { /* [ 1] FACE1B (VGAGRAPH chunk 122) */
    {0x5B, 0x1F, 0x5B, 0x1F, 0x5B, 0x1F, 0x5B, 0x1F, 0x5B, 0x1F, 0x5B, 0x1F, 0x5B, 0x1F, 0x5B, 0x1F, 0x5B, 0x1F, 0x5B, 0x1F, 0x5B, 0x1F, 0x5B, 0x1F, 0x5B, 0x1F, 0x5B, 0x1F, 0x5B, 0x1F, 0x5B, 0x1F, 0x5B, 0x1F, 0x5B, 0x1F, 0x5B, 0x1F, 0x5B, 0x1F, 0x5B, 0x1F, 0x5B, 0x1F, 0x5B, 0x1F, 0x7C, 0x1F},
    {0x4A, 0x49, 0x4A, 0x49, 0x4A, 0x49, 0x4A, 0x49, 0x4A, 0x49, 0x39, 0xC7, 0x39, 0xC7, 0x39, 0xC7, 0x39, 0xC7, 0x39, 0xC7, 0x39, 0xC7, 0x39, 0xC7, 0x39, 0xC7, 0x39, 0xC7, 0x39, 0xC7, 0x39, 0xC7, 0x39, 0xC7, 0x39, 0xC7, 0x4A, 0x49, 0x4A, 0x49, 0x4A, 0x49, 0x4A, 0x49, 0x4A, 0x49, 0x4A, 0x49},
    {0x4A, 0x49, 0x4A, 0x49, 0x4A, 0x49, 0x4A, 0x49, 0x29, 0x65, 0x9A, 0x60, 0xCB, 0x00, 0xB2, 0xA0, 0xCB, 0x00, 0xCB, 0x00, 0xE3, 0x60, 0xCB, 0x00, 0xE3, 0x60, 0xE3, 0x60, 0xE3, 0x60, 0xE3, 0x60, 0xE3, 0x60, 0xE3, 0x60, 0xCB, 0x00, 0x9A, 0x60, 0x39, 0xC7, 0x4A, 0x49, 0x4A, 0x49, 0x4A, 0x49},
    {0x4A, 0x49, 0x4A, 0x49, 0x4A, 0x49, 0x29, 0x65, 0x9A, 0x60, 0xAA, 0xA0, 0xB2, 0xA0, 0xCB, 0x00, 0xB2, 0xA0, 0xCB, 0x00, 0xCB, 0x00, 0xCB, 0x00, 0xCB, 0x00, 0xCB, 0x00, 0xCB, 0x00, 0xE3, 0x60, 0xFB, 0xC0, 0xE3, 0x60, 0xE3, 0x60, 0xCB, 0x00, 0x9A, 0x60, 0x39, 0xC7, 0x4A, 0x49, 0x4A, 0x49},
    {0x4A, 0x49, 0x4A, 0x49, 0x4A, 0x49, 0x51, 0xE3, 0xAA, 0xA0, 0xAA, 0xA0, 0xAA, 0xA0, 0xAA, 0xA0, 0xAA, 0xA0, 0xAA, 0xA0, 0xAA, 0xA0, 0xAA, 0xA0, 0xAA, 0xA0, 0xB2, 0xA0, 0xB2, 0xA0, 0xCB, 0x00, 0xE3, 0x60, 0xFB, 0xC0, 0xFC, 0x44, 0xFB, 0xC0, 0xCB, 0x00, 0x6A, 0x44, 0x4A, 0x49, 0x4A, 0x49},
    {0x4A, 0x49, 0x4A, 0x49, 0x29, 0x65, 0x9A, 0x60, 0xAA, 0xA0, 0xAA, 0xA0, 0x9A, 0x60, 0x51, 0xE3, 0x72, 0x65, 0x6A, 0x44, 0x6A, 0x44, 0xAA, 0xA0, 0x72, 0x65, 0x72, 0x65, 0x82, 0x85, 0x82, 0x85, 0xCB, 0x00, 0xFB, 0xC0, 0xFC, 0x44, 0xE3, 0x60, 0xE3, 0x60, 0x8A, 0xC6, 0x39, 0xC7, 0x4A, 0x49},
    {0x4A, 0x49, 0x4A, 0x49, 0x29, 0x65, 0x9A, 0x60, 0xAA, 0xA0, 0x9A, 0x60, 0x51, 0xE3, 0x72, 0x65, 0x49, 0xC3, 0x49, 0xC3, 0x72, 0x65, 0x72, 0x65, 0xAA, 0xA0, 0x5A, 0x04, 0x51, 0xE3, 0x72, 0x65, 0x9A, 0x60, 0xE3, 0x60, 0xFB, 0xC0, 0xAA, 0xA0, 0x72, 0x65, 0xCB, 0x00, 0x39, 0xC7, 0x4A, 0x49},
    {0x4A, 0x49, 0x4A, 0x49, 0x29, 0x65, 0x9A, 0x60, 0x9A, 0x60, 0x72, 0x65, 0xA3, 0x27, 0xDC, 0x4A, 0xDC, 0x4A, 0xDC, 0x4A, 0xB3, 0x88, 0x9B, 0x07, 0x72, 0x65, 0x5A, 0x04, 0x39, 0x62, 0x51, 0xE3, 0x72, 0x65, 0xE3, 0x60, 0xAA, 0xA0, 0xA3, 0x27, 0x72, 0x65, 0x9A, 0x60, 0x39, 0xC7, 0x4A, 0x49},
    {0x4A, 0x49, 0x4A, 0x49, 0x29, 0x65, 0x51, 0xE3, 0x9B, 0x07, 0x9B, 0x07, 0xFD, 0x2E, 0xFD, 0xD2, 0xFD, 0xD2, 0xFD, 0x2E, 0xFD, 0x2E, 0xDC, 0x4A, 0xDC, 0x4A, 0xCB, 0xE9, 0xA3, 0x27, 0x9B, 0x07, 0x9B, 0x07, 0xCB, 0x00, 0xFD, 0x90, 0xDC, 0x4A, 0x9B, 0x07, 0x72, 0x65, 0x39, 0xC7, 0x4A, 0x49},
    {0x4A, 0x49, 0x4A, 0x49, 0x29, 0x65, 0x51, 0xE3, 0x9B, 0x07, 0xCB, 0xE9, 0xDC, 0x4A, 0xFC, 0xEC, 0xFD, 0x2E, 0xFD, 0x90, 0xFE, 0x34, 0xFE, 0x34, 0xFD, 0x90, 0xEC, 0x6B, 0xDC, 0x4A, 0xA3, 0x27, 0xFC, 0xEC, 0xAA, 0xA0, 0xFD, 0x90, 0xFE, 0x34, 0xB3, 0x88, 0x51, 0xE3, 0x29, 0x65, 0x4A, 0x49},
    {0x4A, 0x49, 0x4A, 0x49, 0x29, 0x65, 0x51, 0xE3, 0x9B, 0x07, 0xFD, 0x90, 0xFD, 0x2E, 0xFD, 0x90, 0xFD, 0xD2, 0xFE, 0x34, 0xFE, 0x34, 0xFE, 0x34, 0xFE, 0x34, 0xFD, 0x90, 0xEC, 0x6B, 0xCB, 0xE9, 0xFC, 0xEC, 0xFD, 0x90, 0xFE, 0x34, 0xFE, 0x34, 0xDC, 0x4A, 0x51, 0xE3, 0x29, 0x65, 0x4A, 0x49},
    {0x4A, 0x49, 0x4A, 0x49, 0x29, 0x65, 0x41, 0x83, 0xB3, 0x88, 0xDC, 0x4A, 0x39, 0xC7, 0x29, 0x65, 0x52, 0xAA, 0x73, 0x8E, 0xFE, 0xD8, 0xFE, 0x34, 0xFE, 0x34, 0xFE, 0x34, 0xDC, 0x4A, 0xCB, 0xE9, 0xFD, 0x90, 0xFE, 0x34, 0xFF, 0x5B, 0xFD, 0x90, 0xDC, 0x4A, 0x51, 0xE3, 0x29, 0x65, 0x4A, 0x49},
    {0x4A, 0x49, 0x29, 0x65, 0xAB, 0x48, 0x41, 0x83, 0xB3, 0x88, 0x52, 0xAA, 0x92, 0xE6, 0x72, 0x65, 0x51, 0xE3, 0x51, 0xE3, 0x73, 0x8E, 0xFD, 0xD2, 0xFD, 0xD2, 0xFD, 0x90, 0xFC, 0xEC, 0xDC, 0x4A, 0x4A, 0x49, 0x39, 0xC7, 0x39, 0xC7, 0xFE, 0xD8, 0xDC, 0x4A, 0x41, 0x83, 0x29, 0x65, 0x4A, 0x49},
    {0x4A, 0x49, 0x29, 0x65, 0xDC, 0x4A, 0x29, 0x01, 0xDC, 0x4A, 0xBB, 0xC9, 0x00, 0x0C, 0x00, 0x0C, 0x7B, 0xEF, 0x4A, 0x49, 0x51, 0xE3, 0xAB, 0x48, 0xAB, 0x48, 0xAB, 0x48, 0x21, 0x04, 0x21, 0x04, 0x29, 0x65, 0x52, 0xAA, 0x73, 0x8E, 0x4A, 0x49, 0xFD, 0x90, 0x29, 0x01, 0xCB, 0xE9, 0x29, 0x65},
    {0x4A, 0x49, 0x29, 0x65, 0xB3, 0x88, 0x92, 0xE6, 0xDC, 0x4A, 0xDC, 0x4A, 0x00, 0x15, 0x00, 0x14, 0xEF, 0x7D, 0xC6, 0x18, 0xA8, 0x00, 0xBB, 0xC9, 0xF4, 0xAB, 0xAB, 0x48, 0xA8, 0x00, 0x00, 0x15, 0x00, 0x1F, 0xEF, 0x7D, 0xC6, 0x18, 0xDC, 0x4A, 0xDC, 0x4A, 0x29, 0x01, 0xFC, 0xEC, 0x29, 0x65},
    {0x4A, 0x49, 0x29, 0x65, 0xDC, 0x4A, 0xFC, 0xEC, 0xDC, 0x4A, 0xFD, 0xD2, 0xFD, 0x90, 0xFD, 0x2E, 0xFD, 0x2E, 0xFD, 0x90, 0xFD, 0xD2, 0xFD, 0x90, 0xFE, 0xB7, 0xFD, 0x2E, 0xFE, 0x34, 0xFD, 0x90, 0xFD, 0x2E, 0xFD, 0x2E, 0xFD, 0x90, 0xFD, 0xD2, 0xDC, 0x4A, 0x92, 0xE6, 0xBB, 0xC9, 0x29, 0x65},
    {0x4A, 0x49, 0x29, 0x65, 0xFC, 0xEC, 0xBB, 0xC9, 0xFD, 0x2E, 0xFE, 0xB7, 0xFE, 0xB7, 0xFF, 0x5B, 0xFF, 0x5B, 0xFE, 0xB7, 0xFD, 0xD2, 0xFD, 0x2E, 0xFE, 0xD8, 0xFE, 0x34, 0xFE, 0x34, 0xFE, 0x34, 0xFE, 0xB7, 0xFF, 0x5B, 0xFF, 0x5B, 0xFE, 0xB7, 0xFD, 0x2E, 0xFD, 0x2E, 0xDC, 0x4A, 0x29, 0x65},
    {0x4A, 0x49, 0x4A, 0x49, 0xBB, 0xC9, 0x82, 0x85, 0xFD, 0x2E, 0xFE, 0x34, 0xFE, 0xB7, 0xFE, 0xB7, 0xFE, 0x34, 0xFE, 0x34, 0xD4, 0x0A, 0xFD, 0x90, 0xFE, 0xB7, 0xFE, 0x34, 0xF4, 0xAB, 0xFE, 0x34, 0xFE, 0x34, 0xFE, 0xB7, 0xFE, 0xB7, 0xFE, 0x34, 0xFD, 0x2E, 0xFD, 0x90, 0xFC, 0xEC, 0x29, 0x65},
    {0x4A, 0x49, 0x4A, 0x49, 0x29, 0x65, 0x82, 0x85, 0xBB, 0xC9, 0xFD, 0x90, 0xFE, 0x34, 0xFE, 0x34, 0xFE, 0x34, 0xF4, 0xAB, 0xAB, 0x48, 0x8A, 0xC6, 0x8A, 0xC6, 0x8A, 0xC6, 0x9B, 0x07, 0xFD, 0x2E, 0xFE, 0x34, 0xFE, 0x34, 0xFE, 0x34, 0xFD, 0x90, 0xBB, 0xC9, 0x82, 0x85, 0xCB, 0xE9, 0x4A, 0x49},
    {0x4A, 0x49, 0x4A, 0x49, 0x39, 0xC7, 0x82, 0x85, 0xFD, 0x2E, 0xDC, 0x4A, 0xFD, 0x90, 0xFE, 0x34, 0xFD, 0xD2, 0xFD, 0x2E, 0xFC, 0xEC, 0xFC, 0xEC, 0xD4, 0x0A, 0xFD, 0x2E, 0xFD, 0xD2, 0xFD, 0x2E, 0xFD, 0xD2, 0xFE, 0x34, 0xFE, 0x34, 0xDC, 0x4A, 0xFC, 0xEC, 0x82, 0x85, 0x29, 0x65, 0x4A, 0x49},
    {0x4A, 0x49, 0x4A, 0x49, 0x4A, 0x49, 0x82, 0x85, 0xFC, 0xEC, 0xFC, 0xEC, 0xFD, 0x2E, 0xFE, 0x34, 0xFD, 0x90, 0xF4, 0xAB, 0xFD, 0xD2, 0xFD, 0xD2, 0xFD, 0x90, 0xFD, 0x90, 0xFE, 0x34, 0xFD, 0x90, 0xF4, 0xAB, 0xFD, 0xD2, 0xFE, 0x34, 0xFC, 0xEC, 0xFD, 0x2E, 0x82, 0x85, 0x39, 0xC7, 0x4A, 0x49},
    {0x4A, 0x49, 0x4A, 0x49, 0x4A, 0x49, 0x29, 0x65, 0xFC, 0xEC, 0xFD, 0x2E, 0xFD, 0x2E, 0xFE, 0x34, 0xFE, 0x34, 0xBB, 0xC9, 0x9B, 0x07, 0xBB, 0xC9, 0xD4, 0x0A, 0xD4, 0x0A, 0xBB, 0xC9, 0x9B, 0x07, 0x9B, 0x07, 0xFD, 0x2E, 0xFE, 0x34, 0xFD, 0x2E, 0xFD, 0x2E, 0x29, 0x65, 0x4A, 0x49, 0x4A, 0x49},
    {0x4A, 0x49, 0x4A, 0x49, 0x4A, 0x49, 0x29, 0x65, 0xCB, 0xE9, 0xFD, 0x90, 0xFD, 0x90, 0xFE, 0x34, 0xFE, 0x34, 0xFD, 0x2E, 0xFC, 0xEC, 0xFD, 0xD2, 0xFE, 0x34, 0xFE, 0xD8, 0xFE, 0x76, 0xFE, 0x34, 0xFC, 0xEC, 0xFD, 0x90, 0xFE, 0x34, 0xFD, 0xD2, 0xFD, 0x2E, 0x21, 0x04, 0x4A, 0x49, 0x4A, 0x49},
    {0x4A, 0x49, 0x4A, 0x49, 0x4A, 0x49, 0x29, 0x65, 0x9B, 0x07, 0xDC, 0x4A, 0xFD, 0x90, 0xFE, 0x34, 0xFE, 0x34, 0xFE, 0x34, 0xFD, 0x90, 0xFD, 0x2E, 0xF4, 0xAB, 0xEC, 0x6B, 0xF4, 0xAB, 0xFD, 0x2E, 0xFD, 0x90, 0xFE, 0x34, 0xFE, 0x34, 0xFD, 0xD2, 0xFD, 0x90, 0x21, 0x04, 0x4A, 0x49, 0x4A, 0x49},
    {0x4A, 0x49, 0x4A, 0x49, 0x4A, 0x49, 0x29, 0x65, 0x9B, 0x07, 0x9B, 0x07, 0xDC, 0x4A, 0xFD, 0xF3, 0xFE, 0x34, 0xFE, 0xB7, 0xFF, 0x5B, 0xFE, 0xB7, 0xFE, 0x34, 0xFE, 0x34, 0xFE, 0x34, 0xFE, 0x34, 0xFE, 0xB7, 0xFF, 0x5B, 0xFE, 0x34, 0xFD, 0x90, 0xFD, 0x2E, 0x21, 0x04, 0x4A, 0x49, 0x4A, 0x49},
    {0x4A, 0x49, 0x4A, 0x49, 0x4A, 0x49, 0x29, 0x65, 0x92, 0xE6, 0x9B, 0x07, 0x92, 0xE6, 0xDC, 0x4A, 0xFD, 0x2E, 0xFE, 0x34, 0xFE, 0x34, 0xFE, 0x34, 0xFD, 0x90, 0xDC, 0x4A, 0xFD, 0x90, 0xFE, 0x34, 0xFE, 0x34, 0xFE, 0x34, 0xFD, 0x2E, 0xF4, 0xAB, 0xFD, 0xD2, 0x39, 0xC7, 0x4A, 0x49, 0x4A, 0x49},
    {0x4A, 0x49, 0x4A, 0x49, 0x4A, 0x49, 0x29, 0x65, 0x92, 0xE6, 0x6A, 0x44, 0x92, 0xE6, 0x9B, 0x07, 0xBB, 0xC9, 0xDC, 0x4A, 0xDC, 0x4A, 0xDC, 0x4A, 0xCB, 0xE9, 0xAB, 0x48, 0xCB, 0xE9, 0xDC, 0x4A, 0xDC, 0x4A, 0xDC, 0x4A, 0xBB, 0xC9, 0xB3, 0x88, 0xFE, 0x34, 0x39, 0xC7, 0x4A, 0x49, 0x4A, 0x49},
    {0x4A, 0x49, 0x4A, 0x49, 0x4A, 0x49, 0x39, 0xC7, 0x92, 0xE6, 0x5A, 0x04, 0x92, 0xE6, 0x6A, 0x44, 0x49, 0xC3, 0x49, 0xC3, 0x49, 0xC3, 0x49, 0xC3, 0x49, 0xC3, 0x5A, 0x04, 0x6A, 0x44, 0x72, 0x65, 0x8A, 0xC6, 0x92, 0xE6, 0xAB, 0x48, 0xCB, 0xE9, 0xFE, 0x34, 0x39, 0xC7, 0x4A, 0x49, 0x4A, 0x49},
    {0x4A, 0x49, 0x4A, 0x49, 0x4A, 0x49, 0x39, 0xC7, 0x92, 0xE6, 0x5A, 0x04, 0x82, 0x85, 0x72, 0x65, 0x72, 0x65, 0x82, 0x85, 0x9B, 0x07, 0x9B, 0x07, 0x9B, 0x07, 0x9B, 0x07, 0x9B, 0x07, 0xAB, 0x48, 0xCB, 0xE9, 0xFE, 0x34, 0xFE, 0x34, 0xEC, 0x6B, 0xFD, 0x2E, 0x4A, 0x49, 0x4A, 0x49, 0x4A, 0x49},
    {0x4A, 0x49, 0x4A, 0x49, 0x4A, 0x49, 0x4A, 0x49, 0x72, 0x65, 0x5A, 0x04, 0x72, 0x65, 0x82, 0x85, 0x9B, 0x07, 0x9B, 0x07, 0xDC, 0x4A, 0xB3, 0x88, 0xCB, 0xE9, 0xCB, 0xE9, 0xCB, 0xE9, 0xAB, 0x48, 0xFD, 0x90, 0xFD, 0xF3, 0xFE, 0x34, 0xFE, 0x34, 0xDC, 0x4A, 0x4A, 0x49, 0x4A, 0x49, 0x4A, 0x49},
    {0x4A, 0x49, 0x4A, 0x49, 0x4A, 0x49, 0x4A, 0x49, 0x72, 0x65, 0x72, 0x65, 0x82, 0x85, 0x9B, 0x07, 0xD4, 0x0A, 0xDC, 0x4A, 0xFD, 0x90, 0xDC, 0x4A, 0xFE, 0x34, 0xFE, 0x34, 0xFD, 0x2E, 0xCB, 0xE9, 0xDC, 0x4A, 0xFE, 0xB7, 0xFD, 0xD2, 0xFD, 0x90, 0xBB, 0xC9, 0x4A, 0x49, 0x4A, 0x49, 0x4A, 0x49},
    {0x4A, 0x49, 0x4A, 0x49, 0x4A, 0x49, 0x4A, 0x49, 0x72, 0x65, 0x72, 0x65, 0x9B, 0x07, 0x9B, 0x07, 0xA3, 0x27, 0xFC, 0xEC, 0xFD, 0x90, 0xDC, 0x4A, 0xFD, 0x2E, 0xFE, 0x34, 0xFD, 0xD2, 0xFD, 0x2E, 0xCB, 0xE9, 0xFD, 0xD2, 0xFD, 0x2E, 0xBB, 0xC9, 0xA3, 0x27, 0x4A, 0x49, 0x4A, 0x49, 0x4A, 0x49},
  },
  { /* [ 2] FACE1C (VGAGRAPH chunk 123) */
    {0x5B, 0x1F, 0x5B, 0x1F, 0x5B, 0x1F, 0x5B, 0x1F, 0x5B, 0x1F, 0x5B, 0x1F, 0x5B, 0x1F, 0x5B, 0x1F, 0x5B, 0x1F, 0x5B, 0x1F, 0x5B, 0x1F, 0x5B, 0x1F, 0x5B, 0x1F, 0x5B, 0x1F, 0x5B, 0x1F, 0x5B, 0x1F, 0x5B, 0x1F, 0x5B, 0x1F, 0x5B, 0x1F, 0x5B, 0x1F, 0x5B, 0x1F, 0x5B, 0x1F, 0x5B, 0x1F, 0x7C, 0x1F},
    {0x4A, 0x49, 0x4A, 0x49, 0x4A, 0x49, 0x4A, 0x49, 0x4A, 0x49, 0x39, 0xC7, 0x39, 0xC7, 0x39, 0xC7, 0x39, 0xC7, 0x39, 0xC7, 0x39, 0xC7, 0x39, 0xC7, 0x39, 0xC7, 0x39, 0xC7, 0x39, 0xC7, 0x39, 0xC7, 0x39, 0xC7, 0x39, 0xC7, 0x4A, 0x49, 0x4A, 0x49, 0x4A, 0x49, 0x4A, 0x49, 0x4A, 0x49, 0x4A, 0x49},
    {0x4A, 0x49, 0x4A, 0x49, 0x4A, 0x49, 0x4A, 0x49, 0x29, 0x65, 0x9A, 0x60, 0xCB, 0x00, 0xB2, 0xA0, 0xCB, 0x00, 0xCB, 0x00, 0xE3, 0x60, 0xCB, 0x00, 0xE3, 0x60, 0xE3, 0x60, 0xE3, 0x60, 0xE3, 0x60, 0xE3, 0x60, 0xE3, 0x60, 0xCB, 0x00, 0x9A, 0x60, 0x39, 0xC7, 0x4A, 0x49, 0x4A, 0x49, 0x4A, 0x49},
    {0x4A, 0x49, 0x4A, 0x49, 0x4A, 0x49, 0x29, 0x65, 0x9A, 0x60, 0xAA, 0xA0, 0xB2, 0xA0, 0xCB, 0x00, 0xB2, 0xA0, 0xCB, 0x00, 0xCB, 0x00, 0xCB, 0x00, 0xCB, 0x00, 0xCB, 0x00, 0xCB, 0x00, 0xE3, 0x60, 0xFB, 0xC0, 0xE3, 0x60, 0xE3, 0x60, 0xCB, 0x00, 0x9A, 0x60, 0x39, 0xC7, 0x4A, 0x49, 0x4A, 0x49},
    {0x4A, 0x49, 0x4A, 0x49, 0x4A, 0x49, 0x51, 0xE3, 0xAA, 0xA0, 0xAA, 0xA0, 0xAA, 0xA0, 0xAA, 0xA0, 0xAA, 0xA0, 0xAA, 0xA0, 0xAA, 0xA0, 0xAA, 0xA0, 0xAA, 0xA0, 0xB2, 0xA0, 0xB2, 0xA0, 0xCB, 0x00, 0xE3, 0x60, 0xFB, 0xC0, 0xFC, 0x44, 0xFB, 0xC0, 0xCB, 0x00, 0x6A, 0x44, 0x4A, 0x49, 0x4A, 0x49},
    {0x4A, 0x49, 0x4A, 0x49, 0x29, 0x65, 0x9A, 0x60, 0xAA, 0xA0, 0xAA, 0xA0, 0x9A, 0x60, 0x51, 0xE3, 0x72, 0x65, 0x6A, 0x44, 0x6A, 0x44, 0xAA, 0xA0, 0x72, 0x65, 0x72, 0x65, 0x82, 0x85, 0x82, 0x85, 0xCB, 0x00, 0xFB, 0xC0, 0xFC, 0x44, 0xE3, 0x60, 0xE3, 0x60, 0x8A, 0xC6, 0x39, 0xC7, 0x4A, 0x49},
    {0x4A, 0x49, 0x4A, 0x49, 0x29, 0x65, 0x9A, 0x60, 0xAA, 0xA0, 0x9A, 0x60, 0x51, 0xE3, 0x72, 0x65, 0x49, 0xC3, 0x49, 0xC3, 0x72, 0x65, 0x72, 0x65, 0xAA, 0xA0, 0x5A, 0x04, 0x51, 0xE3, 0x72, 0x65, 0x9A, 0x60, 0xE3, 0x60, 0xFB, 0xC0, 0xAA, 0xA0, 0x72, 0x65, 0xCB, 0x00, 0x39, 0xC7, 0x4A, 0x49},
    {0x4A, 0x49, 0x4A, 0x49, 0x29, 0x65, 0x9A, 0x60, 0x9A, 0x60, 0x72, 0x65, 0xA3, 0x27, 0xDC, 0x4A, 0xDC, 0x4A, 0xDC, 0x4A, 0xB3, 0x88, 0x9B, 0x07, 0x72, 0x65, 0x5A, 0x04, 0x39, 0x62, 0x51, 0xE3, 0x72, 0x65, 0xE3, 0x60, 0xAA, 0xA0, 0xA3, 0x27, 0x72, 0x65, 0x9A, 0x60, 0x39, 0xC7, 0x4A, 0x49},
    {0x4A, 0x49, 0x4A, 0x49, 0x29, 0x65, 0x51, 0xE3, 0x9B, 0x07, 0x9B, 0x07, 0xFD, 0x2E, 0xFD, 0xD2, 0xFD, 0xD2, 0xFD, 0x2E, 0xFD, 0x2E, 0xDC, 0x4A, 0xDC, 0x4A, 0xCB, 0xE9, 0xA3, 0x27, 0x9B, 0x07, 0x9B, 0x07, 0xCB, 0x00, 0xFD, 0x90, 0xDC, 0x4A, 0x9B, 0x07, 0x72, 0x65, 0x39, 0xC7, 0x4A, 0x49},
    {0x4A, 0x49, 0x4A, 0x49, 0x29, 0x65, 0x51, 0xE3, 0x9B, 0x07, 0xDC, 0x4A, 0xFE, 0x34, 0xFE, 0x34, 0xFE, 0x34, 0xFE, 0x34, 0xFE, 0x34, 0xFE, 0x34, 0xFD, 0x90, 0xEC, 0x6B, 0xDC, 0x4A, 0xA3, 0x27, 0xFC, 0xEC, 0xAA, 0xA0, 0xFC, 0xEC, 0xFE, 0x34, 0xB3, 0x88, 0x51, 0xE3, 0x29, 0x65, 0x4A, 0x49},
    {0x4A, 0x49, 0x4A, 0x49, 0x29, 0x65, 0x51, 0xE3, 0x9B, 0x07, 0xFD, 0x90, 0xFC, 0xEC, 0xFD, 0x2E, 0xFD, 0x90, 0xFE, 0x34, 0xFE, 0x34, 0xFE, 0x34, 0xFD, 0x90, 0xFD, 0x2E, 0xEC, 0x6B, 0xCB, 0xE9, 0xFC, 0xEC, 0xFD, 0x90, 0xFE, 0xD8, 0xF4, 0xAB, 0xDC, 0x4A, 0x51, 0xE3, 0x29, 0x65, 0x4A, 0x49},
    {0x4A, 0x49, 0x4A, 0x49, 0x29, 0x65, 0x41, 0x83, 0xB3, 0x88, 0xDC, 0x4A, 0xFD, 0x90, 0xFE, 0x34, 0xFE, 0xD8, 0xFF, 0x5B, 0xFE, 0xD8, 0xFE, 0x34, 0xFE, 0x34, 0xFD, 0xD2, 0xDC, 0x4A, 0x21, 0x04, 0x29, 0x65, 0x29, 0x65, 0x4A, 0x49, 0xFE, 0xD8, 0xDC, 0x4A, 0x51, 0xE3, 0x29, 0x65, 0x4A, 0x49},
    {0x4A, 0x49, 0x4A, 0x49, 0x29, 0x65, 0x41, 0x83, 0xB3, 0x88, 0xFD, 0x90, 0x39, 0xC7, 0x29, 0x65, 0x4A, 0x49, 0xAB, 0x48, 0xDC, 0x4A, 0xFD, 0xD2, 0xFD, 0x2E, 0xD4, 0x0A, 0x21, 0x04, 0x49, 0xC3, 0x5A, 0x04, 0x6A, 0x44, 0xBB, 0xC9, 0x63, 0x2C, 0xDC, 0x4A, 0x41, 0x83, 0x92, 0xE6, 0x4A, 0x49},
    {0x4A, 0x49, 0x29, 0x65, 0xCB, 0xE9, 0x29, 0x01, 0xDC, 0x4A, 0x4A, 0x49, 0x73, 0x8E, 0x52, 0xAA, 0x21, 0x04, 0x21, 0x04, 0x21, 0x04, 0xAB, 0x48, 0xAB, 0x48, 0xAB, 0x48, 0x72, 0x65, 0x39, 0xC7, 0x63, 0x2C, 0x7B, 0xEF, 0x00, 0x0C, 0xFD, 0x2E, 0xFD, 0x90, 0x29, 0x01, 0xFD, 0x90, 0x29, 0x65},
    {0x4A, 0x49, 0x29, 0x65, 0xEC, 0x6B, 0x29, 0x01, 0xDC, 0x4A, 0xDC, 0x4A, 0xB5, 0xB6, 0xD6, 0x9A, 0x00, 0x15, 0x00, 0x1F, 0xA8, 0x00, 0xBB, 0xC9, 0xF4, 0xAB, 0xAB, 0x48, 0xA8, 0x00, 0xB5, 0xB6, 0xDE, 0xFB, 0x00, 0x19, 0x21, 0x3F, 0xFD, 0x2E, 0xDC, 0x4A, 0x72, 0x65, 0xEC, 0x6B, 0x29, 0x65},
    {0x4A, 0x49, 0x29, 0x65, 0xBB, 0xC9, 0x92, 0xE6, 0xDC, 0x4A, 0xFD, 0xD2, 0xFD, 0x2E, 0xFD, 0x2E, 0xFD, 0x2E, 0xFD, 0x2E, 0xFD, 0xD2, 0xFD, 0x90, 0xFE, 0xB7, 0xFD, 0x2E, 0xFE, 0x34, 0xFD, 0x2E, 0xFD, 0x2E, 0xFD, 0x2E, 0xFD, 0x2E, 0xFD, 0xD2, 0xDC, 0x4A, 0xB3, 0x88, 0xCB, 0xE9, 0x29, 0x65},
    {0x4A, 0x49, 0x29, 0x65, 0xDC, 0x4A, 0xFC, 0xEC, 0xFD, 0x2E, 0xFE, 0xB7, 0xFE, 0xB7, 0xFF, 0x5B, 0xFF, 0x5B, 0xFE, 0xB7, 0xFD, 0xD2, 0xFD, 0x2E, 0xFE, 0xD8, 0xFE, 0x34, 0xFE, 0x34, 0xFE, 0x34, 0xFE, 0xB7, 0xFF, 0x5B, 0xFF, 0x5B, 0xFE, 0xB7, 0xFD, 0x2E, 0xFD, 0xD2, 0xFC, 0xEC, 0x29, 0x65},
    {0x4A, 0x49, 0x29, 0x65, 0xFC, 0xEC, 0xBB, 0xC9, 0xFD, 0x2E, 0xFE, 0x34, 0xFE, 0xB7, 0xFE, 0xB7, 0xFE, 0x34, 0xFE, 0x34, 0xD4, 0x0A, 0xFD, 0x90, 0xFE, 0xB7, 0xFE, 0x34, 0xF4, 0xAB, 0xFE, 0x34, 0xFE, 0x34, 0xFE, 0xB7, 0xFE, 0xB7, 0xFE, 0x34, 0xFD, 0x2E, 0xD4, 0x0A, 0xFC, 0xEC, 0x29, 0x65},
    {0x4A, 0x49, 0x4A, 0x49, 0xB3, 0x88, 0x82, 0x85, 0xBB, 0xC9, 0xFD, 0x90, 0xFE, 0x34, 0xFE, 0x34, 0xFE, 0x34, 0xF4, 0xAB, 0xAB, 0x48, 0x8A, 0xC6, 0x8A, 0xC6, 0x8A, 0xC6, 0x9B, 0x07, 0xFD, 0x2E, 0xFE, 0x34, 0xFE, 0x34, 0xFE, 0x34, 0xFD, 0x90, 0xBB, 0xC9, 0x82, 0x85, 0x72, 0x65, 0x4A, 0x49},
    {0x4A, 0x49, 0x4A, 0x49, 0x72, 0x65, 0x82, 0x85, 0xEC, 0x6B, 0xDC, 0x4A, 0xFD, 0x2E, 0xFD, 0xD2, 0xFE, 0x34, 0xFD, 0x2E, 0xFC, 0xEC, 0xEC, 0x6B, 0xDC, 0x4A, 0xFD, 0x2E, 0xFD, 0xD2, 0xFD, 0x90, 0xFE, 0x34, 0xFE, 0x34, 0xFD, 0x90, 0xF4, 0xAB, 0xFC, 0xEC, 0x82, 0x85, 0x29, 0x65, 0x4A, 0x49},
    {0x4A, 0x49, 0x4A, 0x49, 0x39, 0xC7, 0x82, 0x85, 0xFD, 0x2E, 0xFC, 0xEC, 0xFD, 0xD2, 0xFE, 0x34, 0xF4, 0xAB, 0xFD, 0x90, 0xFD, 0xD2, 0xFD, 0x2E, 0xFD, 0x90, 0xFD, 0xD2, 0xFE, 0x34, 0xF4, 0xAB, 0xFD, 0x90, 0xFE, 0x34, 0xFD, 0xD2, 0xFC, 0xEC, 0xFD, 0x2E, 0x82, 0x85, 0x39, 0xC7, 0x4A, 0x49},
    {0x4A, 0x49, 0x4A, 0x49, 0x39, 0xC7, 0x82, 0x85, 0xFD, 0x90, 0xFD, 0x2E, 0xFE, 0x34, 0xFE, 0x34, 0x9B, 0x07, 0xB3, 0x88, 0xBB, 0xC9, 0xD4, 0x0A, 0xD4, 0x0A, 0xBB, 0xC9, 0x9B, 0x07, 0xBB, 0xC9, 0xFE, 0x34, 0xFD, 0xD2, 0xFD, 0xD2, 0xFD, 0x90, 0xFD, 0x90, 0x29, 0x65, 0x4A, 0x49, 0x4A, 0x49},
    {0x4A, 0x49, 0x4A, 0x49, 0x39, 0xC7, 0x82, 0x85, 0xFD, 0x90, 0xFE, 0x34, 0xFE, 0x34, 0xFD, 0x90, 0xFC, 0xEC, 0xFD, 0xD2, 0xFE, 0x34, 0xFE, 0x34, 0xFE, 0xD8, 0xFE, 0x34, 0xFC, 0xEC, 0xFD, 0x2E, 0xFE, 0x34, 0xFD, 0xD2, 0xFD, 0xF3, 0xFD, 0xD2, 0xFD, 0xD2, 0x21, 0x04, 0x4A, 0x49, 0x4A, 0x49},
    {0x4A, 0x49, 0x4A, 0x49, 0x4A, 0x49, 0x82, 0x85, 0xFD, 0x90, 0xFE, 0x34, 0xFE, 0x34, 0xFE, 0x34, 0xFD, 0x90, 0xFD, 0x2E, 0xF4, 0xAB, 0xEC, 0x6B, 0xF4, 0xAB, 0xFD, 0x2E, 0xFD, 0x90, 0xFE, 0x34, 0xFE, 0x34, 0xFD, 0xD2, 0xFD, 0x90, 0xFD, 0x90, 0xFD, 0xD2, 0x21, 0x04, 0x4A, 0x49, 0x4A, 0x49},
    {0x4A, 0x49, 0x4A, 0x49, 0x4A, 0x49, 0x29, 0x65, 0xDC, 0x4A, 0xFD, 0xF3, 0xFE, 0x34, 0xFE, 0xB7, 0xFF, 0x5B, 0xFE, 0xB7, 0xFE, 0x34, 0xFE, 0x34, 0xFE, 0x34, 0xFE, 0x34, 0xFE, 0xB7, 0xFF, 0x5B, 0xFE, 0x34, 0xFD, 0x90, 0xFD, 0x2E, 0xFD, 0xD2, 0xFE, 0x34, 0x21, 0x04, 0x4A, 0x49, 0x4A, 0x49},
    {0x4A, 0x49, 0x4A, 0x49, 0x4A, 0x49, 0x29, 0x65, 0x9B, 0x07, 0xDC, 0x4A, 0xFD, 0x2E, 0xFE, 0x34, 0xFE, 0x34, 0xFE, 0x34, 0xFD, 0x90, 0xDC, 0x4A, 0xFD, 0x90, 0xFE, 0x34, 0xFE, 0x34, 0xFE, 0x34, 0xFD, 0x2E, 0xF4, 0xAB, 0xFC, 0xEC, 0xFE, 0x34, 0xFE, 0x34, 0x39, 0xC7, 0x4A, 0x49, 0x4A, 0x49},
    {0x4A, 0x49, 0x4A, 0x49, 0x4A, 0x49, 0x29, 0x65, 0x6A, 0x44, 0x9B, 0x07, 0xBB, 0xC9, 0xDC, 0x4A, 0xDC, 0x4A, 0xDC, 0x4A, 0xCB, 0xE9, 0xAB, 0x48, 0xCB, 0xE9, 0xDC, 0x4A, 0xDC, 0x4A, 0xDC, 0x4A, 0xBB, 0xC9, 0x9B, 0x07, 0xFD, 0xD2, 0xFE, 0x34, 0xFE, 0x34, 0x39, 0xC7, 0x4A, 0x49, 0x4A, 0x49},
    {0x4A, 0x49, 0x4A, 0x49, 0x4A, 0x49, 0x39, 0xC7, 0x92, 0xE6, 0x5A, 0x04, 0x49, 0xC3, 0x49, 0xC3, 0x49, 0xC3, 0x49, 0xC3, 0x49, 0xC3, 0x5A, 0x04, 0x6A, 0x44, 0x72, 0x65, 0x72, 0x65, 0x92, 0xE6, 0x92, 0xE6, 0xCB, 0xE9, 0xEC, 0x6B, 0xFE, 0x34, 0xFE, 0x34, 0x39, 0xC7, 0x4A, 0x49, 0x4A, 0x49},
    {0x4A, 0x49, 0x4A, 0x49, 0x4A, 0x49, 0x39, 0xC7, 0x92, 0xE6, 0x5A, 0x04, 0x82, 0x85, 0x72, 0x65, 0x72, 0x65, 0x82, 0x85, 0x9B, 0x07, 0x9B, 0x07, 0x9B, 0x07, 0x9B, 0x07, 0x9B, 0x07, 0xAB, 0x48, 0xCB, 0xE9, 0xFE, 0x34, 0xFD, 0x2E, 0xDC, 0x4A, 0xFD, 0x2E, 0x4A, 0x49, 0x4A, 0x49, 0x4A, 0x49},
    {0x4A, 0x49, 0x4A, 0x49, 0x4A, 0x49, 0x4A, 0x49, 0x72, 0x65, 0x5A, 0x04, 0x72, 0x65, 0x82, 0x85, 0x9B, 0x07, 0x9B, 0x07, 0xDC, 0x4A, 0xB3, 0x88, 0xCB, 0xE9, 0xCB, 0xE9, 0xCB, 0xE9, 0xBB, 0xC9, 0xFD, 0x90, 0xFD, 0xF3, 0xFE, 0x34, 0xFC, 0xEC, 0xCB, 0xE9, 0x4A, 0x49, 0x4A, 0x49, 0x4A, 0x49},
    {0x4A, 0x49, 0x4A, 0x49, 0x4A, 0x49, 0x4A, 0x49, 0x72, 0x65, 0x72, 0x65, 0x82, 0x85, 0x9B, 0x07, 0xD4, 0x0A, 0xDC, 0x4A, 0xFD, 0x90, 0xDC, 0x4A, 0xFE, 0x34, 0xFD, 0xD2, 0xF4, 0xAB, 0xCB, 0xE9, 0xFD, 0x2E, 0xFE, 0xB7, 0xFD, 0x2E, 0xFD, 0x2E, 0xA3, 0x27, 0x4A, 0x49, 0x4A, 0x49, 0x4A, 0x49},
    {0x4A, 0x49, 0x4A, 0x49, 0x4A, 0x49, 0x4A, 0x49, 0x72, 0x65, 0x72, 0x65, 0x9B, 0x07, 0x9B, 0x07, 0xA3, 0x27, 0xFC, 0xEC, 0xFD, 0x90, 0xF4, 0xAB, 0xFD, 0x2E, 0xFE, 0x34, 0xFD, 0x90, 0xF4, 0xAB, 0xCB, 0xE9, 0xFD, 0xD2, 0xFD, 0x2E, 0xA3, 0x27, 0xA3, 0x27, 0x4A, 0x49, 0x4A, 0x49, 0x4A, 0x49},
  },
  { /* [ 3] FACE2A (VGAGRAPH chunk 124) */
    {0x5B, 0x1F, 0x5B, 0x1F, 0x5B, 0x1F, 0x5B, 0x1F, 0x5B, 0x1F, 0x5B, 0x1F, 0x5B, 0x1F, 0x5B, 0x1F, 0x5B, 0x1F, 0x5B, 0x1F, 0x5B, 0x1F, 0x5B, 0x1F, 0x5B, 0x1F, 0x5B, 0x1F, 0x5B, 0x1F, 0x5B, 0x1F, 0x5B, 0x1F, 0x5B, 0x1F, 0x5B, 0x1F, 0x5B, 0x1F, 0x5B, 0x1F, 0x5B, 0x1F, 0x5B, 0x1F, 0x7C, 0x1F},
    {0x4A, 0x49, 0x4A, 0x49, 0x4A, 0x49, 0x4A, 0x49, 0x4A, 0x49, 0x39, 0xC7, 0x39, 0xC7, 0x39, 0xC7, 0x39, 0xC7, 0x39, 0xC7, 0x39, 0xC7, 0x39, 0xC7, 0x39, 0xC7, 0x39, 0xC7, 0x39, 0xC7, 0x39, 0xC7, 0x39, 0xC7, 0x39, 0xC7, 0x4A, 0x49, 0x4A, 0x49, 0x4A, 0x49, 0x4A, 0x49, 0x4A, 0x49, 0x4A, 0x49},
    {0x4A, 0x49, 0x4A, 0x49, 0x4A, 0x49, 0x4A, 0x49, 0x29, 0x65, 0x9A, 0x60, 0xCB, 0x00, 0xB2, 0xA0, 0xCB, 0x00, 0xCB, 0x00, 0xE3, 0x60, 0xCB, 0x00, 0xE3, 0x60, 0xE3, 0x60, 0xE3, 0x60, 0xE3, 0x60, 0xE3, 0x60, 0xE3, 0x60, 0xCB, 0x00, 0x9A, 0x60, 0x39, 0xC7, 0x4A, 0x49, 0x4A, 0x49, 0x4A, 0x49},
    {0x4A, 0x49, 0x4A, 0x49, 0x4A, 0x49, 0x29, 0x65, 0x9A, 0x60, 0xAA, 0xA0, 0xB2, 0xA0, 0xCB, 0x00, 0xB2, 0xA0, 0xCB, 0x00, 0xCB, 0x00, 0xCB, 0x00, 0xCB, 0x00, 0xCB, 0x00, 0xCB, 0x00, 0xE3, 0x60, 0xFB, 0xC0, 0xE3, 0x60, 0xE3, 0x60, 0xCB, 0x00, 0x9A, 0x60, 0x39, 0xC7, 0x4A, 0x49, 0x4A, 0x49},
    {0x4A, 0x49, 0x4A, 0x49, 0x4A, 0x49, 0x51, 0xE3, 0xAA, 0xA0, 0xAA, 0xA0, 0xAA, 0xA0, 0xAA, 0xA0, 0xAA, 0xA0, 0xAA, 0xA0, 0xAA, 0xA0, 0xAA, 0xA0, 0xAA, 0xA0, 0xB2, 0xA0, 0xB2, 0xA0, 0xCB, 0x00, 0xE3, 0x60, 0xFB, 0xC0, 0xFC, 0x44, 0xFB, 0xC0, 0xCB, 0x00, 0x6A, 0x44, 0x4A, 0x49, 0x4A, 0x49},
    {0x4A, 0x49, 0x4A, 0x49, 0x29, 0x65, 0x9A, 0x60, 0xAA, 0xA0, 0xAA, 0xA0, 0x9A, 0x60, 0x51, 0xE3, 0x72, 0x65, 0x6A, 0x44, 0x6A, 0x44, 0xAA, 0xA0, 0x72, 0x65, 0x72, 0x65, 0x82, 0x85, 0x82, 0x85, 0xCB, 0x00, 0xFB, 0xC0, 0xFC, 0x44, 0xE3, 0x60, 0xE3, 0x60, 0x8A, 0xC6, 0x39, 0xC7, 0x4A, 0x49},
    {0x4A, 0x49, 0x4A, 0x49, 0x29, 0x65, 0x9A, 0x60, 0xAA, 0xA0, 0x9A, 0x60, 0x51, 0xE3, 0x72, 0x65, 0x49, 0xC3, 0x49, 0xC3, 0x72, 0x65, 0x72, 0x65, 0xAA, 0xA0, 0x5A, 0x04, 0x51, 0xE3, 0x72, 0x65, 0x9A, 0x60, 0xE3, 0x60, 0xFB, 0xC0, 0xAA, 0xA0, 0x72, 0x65, 0xCB, 0x00, 0x39, 0xC7, 0x4A, 0x49},
    {0x4A, 0x49, 0x4A, 0x49, 0x29, 0x65, 0x9A, 0x60, 0x9A, 0x60, 0x72, 0x65, 0xA3, 0x27, 0xDC, 0x4A, 0xDC, 0x4A, 0xDC, 0x4A, 0xB3, 0x88, 0x9B, 0x07, 0x72, 0x65, 0x5A, 0x04, 0x39, 0x62, 0x51, 0xE3, 0x72, 0x65, 0xE3, 0x60, 0xAA, 0xA0, 0xA3, 0x27, 0x72, 0x65, 0x9A, 0x60, 0x39, 0xC7, 0x4A, 0x49},
    {0x4A, 0x49, 0x4A, 0x49, 0x29, 0x65, 0x51, 0xE3, 0x9B, 0x07, 0x9B, 0x07, 0xFD, 0x2E, 0xFD, 0xD2, 0xFD, 0xD2, 0xFD, 0x2E, 0xFD, 0x2E, 0xDC, 0x4A, 0xDC, 0x4A, 0xCB, 0xE9, 0xA3, 0x27, 0x9B, 0x07, 0x9B, 0x07, 0xCB, 0x00, 0xFD, 0x90, 0xDC, 0x4A, 0x9B, 0x07, 0x72, 0x65, 0x39, 0xC7, 0x4A, 0x49},
    {0x4A, 0x49, 0x4A, 0x49, 0x29, 0x65, 0x51, 0xE3, 0x9B, 0x07, 0xDC, 0x4A, 0xFE, 0x34, 0xFE, 0x34, 0xFE, 0x34, 0xFE, 0x34, 0xFE, 0x34, 0xFE, 0x34, 0xFD, 0x90, 0xEC, 0x6B, 0xDC, 0x4A, 0xA3, 0x27, 0xFC, 0xEC, 0xAA, 0xA0, 0xFD, 0x90, 0xFE, 0x34, 0xB3, 0x88, 0x51, 0xE3, 0x29, 0x65, 0x4A, 0x49},
    {0x4A, 0x49, 0x4A, 0x49, 0x29, 0x65, 0x51, 0xE3, 0x9B, 0x07, 0xFD, 0x90, 0xFC, 0xEC, 0xFD, 0x2E, 0xFD, 0x90, 0xFE, 0x34, 0xFE, 0x34, 0xFE, 0x34, 0xFE, 0x34, 0xFD, 0x90, 0xEC, 0x6B, 0xCB, 0xE9, 0xFC, 0xEC, 0xFD, 0x90, 0xFE, 0x34, 0xFE, 0x34, 0xDC, 0x4A, 0x51, 0xE3, 0x29, 0x65, 0x4A, 0x49},
    {0x4A, 0x49, 0x4A, 0x49, 0x29, 0x65, 0x41, 0x83, 0xB3, 0x88, 0xDC, 0x4A, 0xFD, 0x90, 0xFE, 0x34, 0xFE, 0xD8, 0xFF, 0x5B, 0xFE, 0xD8, 0xFE, 0x34, 0xFE, 0x34, 0xFE, 0x34, 0xDC, 0x4A, 0xCB, 0xE9, 0xFD, 0x90, 0xFE, 0x34, 0xFF, 0x5B, 0xFD, 0x90, 0xDC, 0x4A, 0x51, 0xE3, 0x29, 0x65, 0x4A, 0x49},
    {0x4A, 0x49, 0x4A, 0x49, 0x29, 0x65, 0x41, 0x83, 0xB3, 0x88, 0xFD, 0x90, 0x39, 0xC7, 0x29, 0x65, 0xAB, 0x48, 0xDC, 0x4A, 0xFD, 0x90, 0xFD, 0xD2, 0xFD, 0xD2, 0xFD, 0x90, 0xFC, 0xEC, 0xDC, 0x4A, 0xAB, 0x48, 0x4A, 0x49, 0x52, 0xAA, 0xFE, 0xD8, 0xDC, 0x4A, 0x41, 0x83, 0x29, 0x65, 0x4A, 0x49},
    {0x4A, 0x49, 0x29, 0x65, 0xFD, 0x2E, 0x29, 0x01, 0xDC, 0x4A, 0x4A, 0x49, 0x73, 0x8E, 0x00, 0x0F, 0x00, 0x00, 0x00, 0x00, 0x00, 0x00, 0xAB, 0x48, 0xAB, 0x48, 0xAB, 0x48, 0x00, 0x00, 0x00, 0x00, 0x29, 0x65, 0x00, 0x0F, 0x73, 0x8E, 0x52, 0xAA, 0xFD, 0x90, 0x29, 0x01, 0xFD, 0x2E, 0x29, 0x65},
    {0x4A, 0x49, 0x29, 0x65, 0xDC, 0x4A, 0x29, 0x01, 0xDC, 0x4A, 0xDC, 0x4A, 0xD6, 0x9A, 0x00, 0x15, 0x00, 0x1F, 0xB5, 0xB6, 0xA8, 0x00, 0xBB, 0xC9, 0xF4, 0xAB, 0xAB, 0x48, 0xA8, 0x00, 0xB5, 0xB6, 0x00, 0x15, 0x00, 0x1F, 0xFF, 0xFF, 0xDC, 0x4A, 0xDC, 0x4A, 0x29, 0x01, 0xFC, 0xEC, 0x29, 0x65},
    {0x4A, 0x49, 0x29, 0x65, 0xB3, 0x88, 0x92, 0xE6, 0xDC, 0x4A, 0xFD, 0xD2, 0xFD, 0x2E, 0xFD, 0x2E, 0xFD, 0x2E, 0xFD, 0x2E, 0xFD, 0xD2, 0xFD, 0x90, 0xFE, 0xB7, 0xFD, 0x2E, 0xFE, 0x34, 0xFD, 0x2E, 0xFD, 0x2E, 0xFD, 0x2E, 0xFD, 0x2E, 0xFD, 0xD2, 0xDC, 0x4A, 0x92, 0xE6, 0xB3, 0x88, 0x29, 0x65},
    {0x4A, 0x49, 0x29, 0x65, 0xDC, 0x4A, 0xFC, 0xEC, 0xFD, 0x2E, 0xFE, 0xB7, 0xFE, 0xB7, 0xFF, 0x5B, 0xFF, 0x5B, 0xFE, 0xB7, 0xFD, 0xD2, 0xFD, 0x2E, 0xFE, 0xD8, 0xFE, 0x34, 0xFE, 0x34, 0xFE, 0x34, 0xFE, 0xB7, 0xFF, 0x5B, 0xFF, 0x5B, 0xFE, 0xB7, 0xFD, 0x2E, 0xFD, 0xD2, 0xDC, 0x4A, 0x29, 0x65},
    {0x4A, 0x49, 0x29, 0x65, 0xFC, 0xEC, 0xBB, 0xC9, 0xFD, 0x2E, 0xFE, 0x34, 0xFE, 0xB7, 0xFE, 0xB7, 0xFE, 0x34, 0xFE, 0x34, 0xD4, 0x0A, 0xFD, 0x90, 0xFE, 0xB7, 0xFE, 0x34, 0xF4, 0xAB, 0xFE, 0x34, 0xFE, 0x34, 0xFE, 0xB7, 0xFE, 0xB7, 0xFE, 0x34, 0xFD, 0x2E, 0xDC, 0x4A, 0xFD, 0x2E, 0x29, 0x65},
    {0x4A, 0x49, 0x4A, 0x49, 0xAB, 0x48, 0x82, 0x85, 0xBB, 0xC9, 0xFD, 0x90, 0xFE, 0x34, 0xFE, 0x34, 0xFE, 0x34, 0xF4, 0xAB, 0xAB, 0x48, 0x8A, 0xC6, 0x8A, 0xC6, 0x8A, 0xC6, 0x9B, 0x07, 0xFD, 0x2E, 0xFE, 0x34, 0xFE, 0x34, 0xFE, 0x34, 0xFD, 0x90, 0xBB, 0xC9, 0x82, 0x85, 0xAB, 0x48, 0x4A, 0x49},
    {0x4A, 0x49, 0x4A, 0x49, 0x29, 0x65, 0x82, 0x85, 0xFD, 0x2E, 0xDC, 0x4A, 0xFD, 0x2E, 0xFE, 0x34, 0xFD, 0xD2, 0xFD, 0x2E, 0xFC, 0xEC, 0xFC, 0xEC, 0xD4, 0x0A, 0xFD, 0x2E, 0xFD, 0xD2, 0xFD, 0x90, 0xFE, 0x34, 0xFE, 0x34, 0xFD, 0x2E, 0xDC, 0x4A, 0xFC, 0xEC, 0x82, 0x85, 0x29, 0x65, 0x4A, 0x49},
    {0x4A, 0x49, 0x4A, 0x49, 0x39, 0xC7, 0x82, 0x85, 0xFD, 0x90, 0xFC, 0xEC, 0xFD, 0x90, 0xFE, 0x34, 0xF4, 0xAB, 0xFD, 0x90, 0xFD, 0xD2, 0xFD, 0xD2, 0xFD, 0x2E, 0xFD, 0xD2, 0xFE, 0x34, 0xFD, 0x90, 0xF4, 0xAB, 0xFE, 0x34, 0xFD, 0x90, 0xFC, 0xEC, 0xFD, 0x2E, 0x82, 0x85, 0x39, 0xC7, 0x4A, 0x49},
    {0x4A, 0x49, 0x4A, 0x49, 0x4A, 0x49, 0x29, 0x65, 0xFD, 0x90, 0xFD, 0x2E, 0xFD, 0x90, 0xFE, 0x34, 0xBB, 0xC9, 0x9B, 0x07, 0xBB, 0xC9, 0xD4, 0x0A, 0xD4, 0x0A, 0xD4, 0x0A, 0x98, 0x00, 0x9B, 0x07, 0xBB, 0xC9, 0xFE, 0x34, 0xFD, 0x90, 0xFD, 0x2E, 0xFD, 0x90, 0x29, 0x65, 0x4A, 0x49, 0x4A, 0x49},
    {0x4A, 0x49, 0x4A, 0x49, 0x4A, 0x49, 0x29, 0x65, 0xFD, 0x90, 0xFD, 0x90, 0xFD, 0x90, 0xFE, 0x34, 0xFD, 0x90, 0xFC, 0xEC, 0xFD, 0xD2, 0xFE, 0x34, 0xFE, 0x34, 0xFE, 0xD8, 0xFA, 0x08, 0xFC, 0xEC, 0xFD, 0x90, 0xFE, 0x34, 0xFD, 0x90, 0xFD, 0xF3, 0xFD, 0xD2, 0x21, 0x04, 0x4A, 0x49, 0x4A, 0x49},
    {0x4A, 0x49, 0x4A, 0x49, 0x4A, 0x49, 0x29, 0x65, 0xDC, 0x4A, 0xFD, 0x90, 0xFD, 0x90, 0xFE, 0x34, 0xFE, 0x34, 0xFD, 0x90, 0xFD, 0x2E, 0xF4, 0xAB, 0xEC, 0x6B, 0xF4, 0xAB, 0xFD, 0x2E, 0xFD, 0x90, 0xFE, 0x34, 0xFE, 0x34, 0xFD, 0x90, 0xFD, 0x90, 0xFD, 0xD2, 0x21, 0x04, 0x4A, 0x49, 0x4A, 0x49},
    {0x4A, 0x49, 0x4A, 0x49, 0x4A, 0x49, 0x29, 0x65, 0x9B, 0x07, 0xDC, 0x4A, 0xFD, 0x90, 0xFE, 0x34, 0xFE, 0xB7, 0xFF, 0x5B, 0xFE, 0xB7, 0xFE, 0x34, 0xFE, 0x34, 0xFE, 0x34, 0xFE, 0x34, 0xFE, 0xB7, 0xFF, 0x5B, 0xFE, 0x34, 0xFD, 0x90, 0xFD, 0x2E, 0xFE, 0x34, 0x21, 0x04, 0x4A, 0x49, 0x4A, 0x49},
    {0x4A, 0x49, 0x4A, 0x49, 0x4A, 0x49, 0x29, 0x65, 0x92, 0xE6, 0x9B, 0x07, 0xDC, 0x4A, 0xFD, 0x2E, 0xFE, 0x34, 0xFE, 0x34, 0xFE, 0x34, 0xFD, 0x90, 0xDC, 0x4A, 0xFD, 0x90, 0xFE, 0x34, 0xFE, 0x34, 0xFE, 0x34, 0xFD, 0x2E, 0xF4, 0xAB, 0xFC, 0xEC, 0xFE, 0x34, 0x39, 0xC7, 0x4A, 0x49, 0x4A, 0x49},
    {0x4A, 0x49, 0x4A, 0x49, 0x4A, 0x49, 0x29, 0x65, 0x92, 0xE6, 0x6A, 0x44, 0x9B, 0x07, 0xBB, 0xC9, 0xDC, 0x4A, 0xDC, 0x4A, 0xDC, 0x4A, 0xCB, 0xE9, 0xAB, 0x48, 0xCB, 0xE9, 0xDC, 0x4A, 0xDC, 0x4A, 0xDC, 0x4A, 0xBB, 0xC9, 0x9B, 0x07, 0xFE, 0x34, 0xFE, 0x34, 0x39, 0xC7, 0x4A, 0x49, 0x4A, 0x49},
    {0x4A, 0x49, 0x4A, 0x49, 0x4A, 0x49, 0x39, 0xC7, 0x92, 0xE6, 0x5A, 0x04, 0x6A, 0x44, 0x49, 0xC3, 0x49, 0xC3, 0x49, 0xC3, 0x49, 0xC3, 0x49, 0xC3, 0x5A, 0x04, 0x6A, 0x44, 0x72, 0x65, 0x72, 0x65, 0x92, 0xE6, 0x92, 0xE6, 0xCB, 0xE9, 0xFE, 0x34, 0xFE, 0x34, 0x39, 0xC7, 0x4A, 0x49, 0x4A, 0x49},
    {0x4A, 0x49, 0x4A, 0x49, 0x4A, 0x49, 0x39, 0xC7, 0x92, 0xE6, 0x5A, 0x04, 0x82, 0x85, 0x72, 0x65, 0x72, 0x65, 0x82, 0x85, 0x9B, 0x07, 0x9B, 0x07, 0x9B, 0x07, 0x9B, 0x07, 0x9B, 0x07, 0xAB, 0x48, 0xCB, 0xE9, 0xFE, 0x34, 0xFE, 0x34, 0xCB, 0xE9, 0xFD, 0x2E, 0x4A, 0x49, 0x4A, 0x49, 0x4A, 0x49},
    {0x4A, 0x49, 0x4A, 0x49, 0x4A, 0x49, 0x4A, 0x49, 0x72, 0x65, 0x5A, 0x04, 0x72, 0x65, 0x82, 0x85, 0x9B, 0x07, 0x9B, 0x07, 0xDC, 0x4A, 0xB3, 0x88, 0xCB, 0xE9, 0xCB, 0xE9, 0xCB, 0xE9, 0xAB, 0x48, 0xFD, 0x90, 0xFD, 0xF3, 0xFE, 0x34, 0xFE, 0x34, 0xCB, 0xE9, 0x4A, 0x49, 0x4A, 0x49, 0x4A, 0x49},
    {0x4A, 0x49, 0x4A, 0x49, 0x4A, 0x49, 0x4A, 0x49, 0x72, 0x65, 0x72, 0x65, 0x82, 0x85, 0x9B, 0x07, 0xD4, 0x0A, 0xDC, 0x4A, 0xFD, 0x90, 0xDC, 0x4A, 0xFE, 0x34, 0xFE, 0x34, 0xFD, 0x2E, 0xCB, 0xE9, 0xDC, 0x4A, 0xFE, 0xB7, 0xFD, 0x2E, 0xFD, 0x2E, 0xA3, 0x27, 0x4A, 0x49, 0x4A, 0x49, 0x4A, 0x49},
    {0x4A, 0x49, 0x4A, 0x49, 0x4A, 0x49, 0x4A, 0x49, 0x72, 0x65, 0x72, 0x65, 0x9B, 0x07, 0x9B, 0x07, 0xA3, 0x27, 0xFC, 0xEC, 0xFD, 0x90, 0xDC, 0x4A, 0xFD, 0x2E, 0xFE, 0x34, 0xFD, 0xD2, 0xFD, 0x2E, 0xCB, 0xE9, 0xFD, 0xD2, 0xFD, 0x2E, 0xA3, 0x27, 0xA3, 0x27, 0x4A, 0x49, 0x4A, 0x49, 0x4A, 0x49},
  },
  { /* [ 4] FACE2B (VGAGRAPH chunk 125) */
    {0x5B, 0x1F, 0x5B, 0x1F, 0x5B, 0x1F, 0x5B, 0x1F, 0x5B, 0x1F, 0x5B, 0x1F, 0x5B, 0x1F, 0x5B, 0x1F, 0x5B, 0x1F, 0x5B, 0x1F, 0x5B, 0x1F, 0x5B, 0x1F, 0x5B, 0x1F, 0x5B, 0x1F, 0x5B, 0x1F, 0x5B, 0x1F, 0x5B, 0x1F, 0x5B, 0x1F, 0x5B, 0x1F, 0x5B, 0x1F, 0x5B, 0x1F, 0x5B, 0x1F, 0x5B, 0x1F, 0x7C, 0x1F},
    {0x4A, 0x49, 0x4A, 0x49, 0x4A, 0x49, 0x4A, 0x49, 0x4A, 0x49, 0x39, 0xC7, 0x39, 0xC7, 0x39, 0xC7, 0x39, 0xC7, 0x39, 0xC7, 0x39, 0xC7, 0x39, 0xC7, 0x39, 0xC7, 0x39, 0xC7, 0x39, 0xC7, 0x39, 0xC7, 0x39, 0xC7, 0x39, 0xC7, 0x4A, 0x49, 0x4A, 0x49, 0x4A, 0x49, 0x4A, 0x49, 0x4A, 0x49, 0x4A, 0x49},
    {0x4A, 0x49, 0x4A, 0x49, 0x4A, 0x49, 0x4A, 0x49, 0x29, 0x65, 0x9A, 0x60, 0xCB, 0x00, 0xB2, 0xA0, 0xCB, 0x00, 0xCB, 0x00, 0xE3, 0x60, 0xCB, 0x00, 0xE3, 0x60, 0xE3, 0x60, 0xE3, 0x60, 0xE3, 0x60, 0xE3, 0x60, 0xE3, 0x60, 0xCB, 0x00, 0x9A, 0x60, 0x39, 0xC7, 0x4A, 0x49, 0x4A, 0x49, 0x4A, 0x49},
    {0x4A, 0x49, 0x4A, 0x49, 0x4A, 0x49, 0x29, 0x65, 0x9A, 0x60, 0xAA, 0xA0, 0xB2, 0xA0, 0xCB, 0x00, 0xB2, 0xA0, 0xCB, 0x00, 0xCB, 0x00, 0xCB, 0x00, 0xCB, 0x00, 0xCB, 0x00, 0xCB, 0x00, 0xE3, 0x60, 0xFB, 0xC0, 0xE3, 0x60, 0xE3, 0x60, 0xCB, 0x00, 0x9A, 0x60, 0x39, 0xC7, 0x4A, 0x49, 0x4A, 0x49},
    {0x4A, 0x49, 0x4A, 0x49, 0x4A, 0x49, 0x51, 0xE3, 0xAA, 0xA0, 0xAA, 0xA0, 0xAA, 0xA0, 0xAA, 0xA0, 0xAA, 0xA0, 0xAA, 0xA0, 0xAA, 0xA0, 0xAA, 0xA0, 0xAA, 0xA0, 0xB2, 0xA0, 0xB2, 0xA0, 0xCB, 0x00, 0xE3, 0x60, 0xFB, 0xC0, 0xFC, 0x44, 0xFB, 0xC0, 0xCB, 0x00, 0x6A, 0x44, 0x4A, 0x49, 0x4A, 0x49},
    {0x4A, 0x49, 0x4A, 0x49, 0x29, 0x65, 0x9A, 0x60, 0xAA, 0xA0, 0xAA, 0xA0, 0x9A, 0x60, 0x51, 0xE3, 0x72, 0x65, 0x6A, 0x44, 0x6A, 0x44, 0xAA, 0xA0, 0x72, 0x65, 0x72, 0x65, 0x82, 0x85, 0x82, 0x85, 0xCB, 0x00, 0xFB, 0xC0, 0xFC, 0x44, 0xE3, 0x60, 0xE3, 0x60, 0x8A, 0xC6, 0x39, 0xC7, 0x4A, 0x49},
    {0x4A, 0x49, 0x4A, 0x49, 0x29, 0x65, 0x9A, 0x60, 0xAA, 0xA0, 0x9A, 0x60, 0x51, 0xE3, 0x72, 0x65, 0x49, 0xC3, 0x49, 0xC3, 0x72, 0x65, 0x72, 0x65, 0xAA, 0xA0, 0x5A, 0x04, 0x51, 0xE3, 0x72, 0x65, 0x9A, 0x60, 0xE3, 0x60, 0xFB, 0xC0, 0xAA, 0xA0, 0x72, 0x65, 0xCB, 0x00, 0x39, 0xC7, 0x4A, 0x49},
    {0x4A, 0x49, 0x4A, 0x49, 0x29, 0x65, 0x9A, 0x60, 0x9A, 0x60, 0x72, 0x65, 0xA3, 0x27, 0xDC, 0x4A, 0xDC, 0x4A, 0xDC, 0x4A, 0xB3, 0x88, 0x9B, 0x07, 0x72, 0x65, 0x5A, 0x04, 0x39, 0x62, 0x51, 0xE3, 0x72, 0x65, 0xE3, 0x60, 0xAA, 0xA0, 0xA3, 0x27, 0x72, 0x65, 0x9A, 0x60, 0x39, 0xC7, 0x4A, 0x49},
    {0x4A, 0x49, 0x4A, 0x49, 0x29, 0x65, 0x51, 0xE3, 0x9B, 0x07, 0x9B, 0x07, 0xFD, 0x2E, 0xFD, 0xD2, 0xFD, 0xD2, 0xFD, 0x2E, 0xFD, 0x2E, 0xDC, 0x4A, 0xDC, 0x4A, 0xCB, 0xE9, 0xA3, 0x27, 0x9B, 0x07, 0x9B, 0x07, 0xCB, 0x00, 0xFD, 0x90, 0xDC, 0x4A, 0x9B, 0x07, 0x72, 0x65, 0x39, 0xC7, 0x4A, 0x49},
    {0x4A, 0x49, 0x4A, 0x49, 0x29, 0x65, 0x51, 0xE3, 0x9B, 0x07, 0xCB, 0xE9, 0xDC, 0x4A, 0xFC, 0xEC, 0xFD, 0x2E, 0xFD, 0x90, 0xFE, 0x34, 0xFE, 0x34, 0xFD, 0x90, 0xEC, 0x6B, 0xDC, 0x4A, 0xA3, 0x27, 0xFC, 0xEC, 0xAA, 0xA0, 0xFD, 0x90, 0xFE, 0x34, 0xB3, 0x88, 0x51, 0xE3, 0x29, 0x65, 0x4A, 0x49},
    {0x4A, 0x49, 0x4A, 0x49, 0x29, 0x65, 0x51, 0xE3, 0x9B, 0x07, 0xFD, 0x90, 0xFD, 0x2E, 0xFD, 0x90, 0xFD, 0xD2, 0xFE, 0x34, 0xFE, 0x34, 0xFE, 0x34, 0xFE, 0x34, 0xFD, 0x90, 0xEC, 0x6B, 0xCB, 0xE9, 0xFC, 0xEC, 0xFD, 0x90, 0xFE, 0x34, 0xFE, 0x34, 0xDC, 0x4A, 0x51, 0xE3, 0x29, 0x65, 0x4A, 0x49},
    {0x4A, 0x49, 0x4A, 0x49, 0x29, 0x65, 0x41, 0x83, 0xB3, 0x88, 0xDC, 0x4A, 0x39, 0xC7, 0x29, 0x65, 0x52, 0xAA, 0x73, 0x8E, 0xFE, 0xD8, 0xFE, 0x34, 0xFE, 0x34, 0xFE, 0x34, 0xDC, 0x4A, 0xCB, 0xE9, 0xFD, 0x90, 0xFE, 0x34, 0xFF, 0x5B, 0xFD, 0x90, 0xDC, 0x4A, 0x51, 0xE3, 0x29, 0x65, 0x4A, 0x49},
    {0x4A, 0x49, 0x29, 0x65, 0xAB, 0x48, 0x41, 0x83, 0xB3, 0x88, 0x4A, 0x49, 0x92, 0xE6, 0x72, 0x65, 0x51, 0xE3, 0x51, 0xE3, 0x73, 0x8E, 0xFD, 0xD2, 0xFD, 0xD2, 0xFD, 0x90, 0xFC, 0xEC, 0xDC, 0x4A, 0x4A, 0x49, 0x29, 0x65, 0x39, 0xC7, 0xFE, 0xD8, 0xDC, 0x4A, 0x41, 0x83, 0x29, 0x65, 0x4A, 0x49},
    {0x4A, 0x49, 0x29, 0x65, 0xDC, 0x4A, 0x29, 0x01, 0xDC, 0x4A, 0xBB, 0xC9, 0x00, 0x0C, 0x00, 0x0C, 0x7B, 0xEF, 0x4A, 0x49, 0x51, 0xE3, 0xAB, 0x48, 0xAB, 0x48, 0xAB, 0x48, 0x21, 0x04, 0x21, 0x04, 0x21, 0x04, 0x52, 0xAA, 0x73, 0x8E, 0x4A, 0x49, 0xFD, 0x90, 0x29, 0x01, 0xCB, 0xE9, 0x29, 0x65},
    {0x4A, 0x49, 0x29, 0x65, 0xB3, 0x88, 0x92, 0xE6, 0xDC, 0x4A, 0xDC, 0x4A, 0x00, 0x15, 0x00, 0x14, 0xEF, 0x7D, 0xC6, 0x18, 0xA8, 0x00, 0xBB, 0xC9, 0xF4, 0xAB, 0xAB, 0x48, 0xA8, 0x00, 0x00, 0x15, 0x00, 0x1F, 0xEF, 0x7D, 0xC6, 0x18, 0xDC, 0x4A, 0xDC, 0x4A, 0x29, 0x01, 0xFC, 0xEC, 0x29, 0x65},
    {0x4A, 0x49, 0x29, 0x65, 0xDC, 0x4A, 0xFC, 0xEC, 0xDC, 0x4A, 0xFD, 0xD2, 0xFD, 0x90, 0xFD, 0x2E, 0xFD, 0x2E, 0xFD, 0x90, 0xFD, 0xD2, 0xFD, 0x90, 0xFE, 0xB7, 0xFD, 0x2E, 0xFE, 0x34, 0xFD, 0x90, 0xFD, 0x2E, 0xFD, 0x2E, 0xFD, 0x90, 0xFD, 0xD2, 0xDC, 0x4A, 0x92, 0xE6, 0xBB, 0xC9, 0x29, 0x65},
    {0x4A, 0x49, 0x29, 0x65, 0xFC, 0xEC, 0xBB, 0xC9, 0xFD, 0x2E, 0xFE, 0xB7, 0xFE, 0xB7, 0xFF, 0x5B, 0xFF, 0x5B, 0xFE, 0xB7, 0xFD, 0xD2, 0xFD, 0x2E, 0xFE, 0xD8, 0xFE, 0x34, 0xFE, 0x34, 0xFE, 0x34, 0xFE, 0xB7, 0xFF, 0x5B, 0xFF, 0x5B, 0xFE, 0xB7, 0xFD, 0x2E, 0xFD, 0x2E, 0xDC, 0x4A, 0x29, 0x65},
    {0x4A, 0x49, 0x4A, 0x49, 0xBB, 0xC9, 0x82, 0x85, 0xFD, 0x2E, 0xFE, 0x34, 0xFE, 0xB7, 0xFE, 0xB7, 0xFE, 0x34, 0xFE, 0x34, 0xD4, 0x0A, 0xFD, 0x90, 0xFE, 0xB7, 0xFE, 0x34, 0xF4, 0xAB, 0xFE, 0x34, 0xFE, 0x34, 0xFE, 0xB7, 0xFE, 0xB7, 0xFE, 0x34, 0xFD, 0x2E, 0xFD, 0x90, 0xFC, 0xEC, 0x29, 0x65},
    {0x4A, 0x49, 0x4A, 0x49, 0x29, 0x65, 0x82, 0x85, 0xBB, 0xC9, 0xFD, 0x90, 0xFE, 0x34, 0xFE, 0x34, 0xFE, 0x34, 0xF4, 0xAB, 0xAB, 0x48, 0x8A, 0xC6, 0x8A, 0xC6, 0x8A, 0xC6, 0x9B, 0x07, 0xFD, 0x2E, 0xFE, 0x34, 0xFE, 0x34, 0xFE, 0x34, 0xFD, 0x90, 0xBB, 0xC9, 0x82, 0x85, 0xCB, 0xE9, 0x4A, 0x49},
    {0x4A, 0x49, 0x4A, 0x49, 0x39, 0xC7, 0x82, 0x85, 0xFD, 0x2E, 0xDC, 0x4A, 0xFD, 0x90, 0xFE, 0x34, 0xFD, 0xD2, 0xFD, 0x2E, 0xFC, 0xEC, 0xFC, 0xEC, 0xD4, 0x0A, 0xFD, 0x2E, 0xFD, 0xD2, 0xFD, 0x2E, 0xFD, 0xD2, 0xFE, 0x34, 0xFE, 0x34, 0xDC, 0x4A, 0xFC, 0xEC, 0x82, 0x85, 0x29, 0x65, 0x4A, 0x49},
    {0x4A, 0x49, 0x4A, 0x49, 0x4A, 0x49, 0x82, 0x85, 0xFC, 0xEC, 0xFC, 0xEC, 0xFD, 0x2E, 0xFE, 0x34, 0xFD, 0x90, 0xF4, 0xAB, 0xFD, 0xD2, 0xFD, 0xD2, 0xFD, 0x90, 0xFD, 0x90, 0xFE, 0x34, 0xFD, 0x90, 0xF4, 0xAB, 0xFD, 0xD2, 0xFE, 0x34, 0xFC, 0xEC, 0xFD, 0x2E, 0x82, 0x85, 0x39, 0xC7, 0x4A, 0x49},
    {0x4A, 0x49, 0x4A, 0x49, 0x4A, 0x49, 0x29, 0x65, 0xFC, 0xEC, 0xFD, 0x2E, 0xFD, 0x2E, 0xFE, 0x34, 0xFD, 0x2E, 0xBB, 0xC9, 0x9B, 0x07, 0xBB, 0xC9, 0xD4, 0x0A, 0xD4, 0x0A, 0xBB, 0xC9, 0x88, 0x00, 0x9B, 0x07, 0xFD, 0x2E, 0xFE, 0x34, 0xFD, 0x2E, 0xFD, 0x2E, 0x29, 0x65, 0x4A, 0x49, 0x4A, 0x49},
    {0x4A, 0x49, 0x4A, 0x49, 0x4A, 0x49, 0x29, 0x65, 0xCB, 0xE9, 0xFD, 0x90, 0xFD, 0x90, 0xFE, 0x34, 0xFE, 0x34, 0xFD, 0x2E, 0xFC, 0xEC, 0xFD, 0xD2, 0xFE, 0x34, 0xFE, 0xD8, 0xFE, 0x76, 0xFA, 0xEB, 0xFC, 0xEC, 0xFD, 0x90, 0xFE, 0x34, 0xFD, 0xD2, 0xFD, 0x2E, 0x21, 0x04, 0x4A, 0x49, 0x4A, 0x49},
    {0x4A, 0x49, 0x4A, 0x49, 0x4A, 0x49, 0x29, 0x65, 0x9B, 0x07, 0xDC, 0x4A, 0xFD, 0x90, 0xFE, 0x34, 0xFE, 0x34, 0xFE, 0x34, 0xFD, 0x90, 0xFD, 0x2E, 0xF4, 0xAB, 0xEC, 0x6B, 0xF4, 0xAB, 0xFD, 0x2E, 0xFD, 0x90, 0xFE, 0x34, 0xFE, 0x34, 0xFD, 0xD2, 0xFD, 0x90, 0x21, 0x04, 0x4A, 0x49, 0x4A, 0x49},
    {0x4A, 0x49, 0x4A, 0x49, 0x4A, 0x49, 0x29, 0x65, 0x9B, 0x07, 0x9B, 0x07, 0xDC, 0x4A, 0xFD, 0xF3, 0xFE, 0x34, 0xFE, 0xB7, 0xFF, 0x5B, 0xFE, 0xB7, 0xFE, 0x34, 0xFE, 0x34, 0xFE, 0x34, 0xFE, 0x34, 0xFE, 0xB7, 0xFF, 0x5B, 0xFE, 0x34, 0xFD, 0x90, 0xFD, 0x2E, 0x21, 0x04, 0x4A, 0x49, 0x4A, 0x49},
    {0x4A, 0x49, 0x4A, 0x49, 0x4A, 0x49, 0x29, 0x65, 0x92, 0xE6, 0x9B, 0x07, 0x92, 0xE6, 0xDC, 0x4A, 0xFD, 0x2E, 0xFE, 0x34, 0xFE, 0x34, 0xFE, 0x34, 0xFD, 0x90, 0xDC, 0x4A, 0xFD, 0x90, 0xFE, 0x34, 0xFE, 0x34, 0xFE, 0x34, 0xFD, 0x2E, 0xF4, 0xAB, 0xFD, 0xD2, 0x39, 0xC7, 0x4A, 0x49, 0x4A, 0x49},
    {0x4A, 0x49, 0x4A, 0x49, 0x4A, 0x49, 0x29, 0x65, 0x92, 0xE6, 0x6A, 0x44, 0x92, 0xE6, 0x9B, 0x07, 0xBB, 0xC9, 0xDC, 0x4A, 0xDC, 0x4A, 0xDC, 0x4A, 0xCB, 0xE9, 0xAB, 0x48, 0xCB, 0xE9, 0xDC, 0x4A, 0xDC, 0x4A, 0xDC, 0x4A, 0xBB, 0xC9, 0xB3, 0x88, 0xFE, 0x34, 0x39, 0xC7, 0x4A, 0x49, 0x4A, 0x49},
    {0x4A, 0x49, 0x4A, 0x49, 0x4A, 0x49, 0x39, 0xC7, 0x92, 0xE6, 0x5A, 0x04, 0x92, 0xE6, 0x6A, 0x44, 0x49, 0xC3, 0x49, 0xC3, 0x49, 0xC3, 0x49, 0xC3, 0x49, 0xC3, 0x5A, 0x04, 0x6A, 0x44, 0x72, 0x65, 0x8A, 0xC6, 0x92, 0xE6, 0xAB, 0x48, 0xCB, 0xE9, 0xFE, 0x34, 0x39, 0xC7, 0x4A, 0x49, 0x4A, 0x49},
    {0x4A, 0x49, 0x4A, 0x49, 0x4A, 0x49, 0x39, 0xC7, 0x92, 0xE6, 0x5A, 0x04, 0x82, 0x85, 0x72, 0x65, 0x72, 0x65, 0x82, 0x85, 0x9B, 0x07, 0x9B, 0x07, 0x9B, 0x07, 0x9B, 0x07, 0x9B, 0x07, 0xAB, 0x48, 0xCB, 0xE9, 0xFE, 0x34, 0xFE, 0x34, 0xEC, 0x6B, 0xFD, 0x2E, 0x4A, 0x49, 0x4A, 0x49, 0x4A, 0x49},
    {0x4A, 0x49, 0x4A, 0x49, 0x4A, 0x49, 0x4A, 0x49, 0x72, 0x65, 0x5A, 0x04, 0x72, 0x65, 0x82, 0x85, 0x9B, 0x07, 0x9B, 0x07, 0xDC, 0x4A, 0xB3, 0x88, 0xCB, 0xE9, 0xCB, 0xE9, 0xCB, 0xE9, 0xAB, 0x48, 0xFD, 0x90, 0xFD, 0xF3, 0xFE, 0x34, 0xFE, 0x34, 0xDC, 0x4A, 0x4A, 0x49, 0x4A, 0x49, 0x4A, 0x49},
    {0x4A, 0x49, 0x4A, 0x49, 0x4A, 0x49, 0x4A, 0x49, 0x72, 0x65, 0x72, 0x65, 0x82, 0x85, 0x9B, 0x07, 0xD4, 0x0A, 0xDC, 0x4A, 0xFD, 0x90, 0xDC, 0x4A, 0xFE, 0x34, 0xFE, 0x34, 0xFD, 0x2E, 0xCB, 0xE9, 0xDC, 0x4A, 0xFE, 0xB7, 0xFD, 0xD2, 0xFD, 0x90, 0xBB, 0xC9, 0x4A, 0x49, 0x4A, 0x49, 0x4A, 0x49},
    {0x4A, 0x49, 0x4A, 0x49, 0x4A, 0x49, 0x4A, 0x49, 0x72, 0x65, 0x72, 0x65, 0x9B, 0x07, 0x9B, 0x07, 0xA3, 0x27, 0xFC, 0xEC, 0xFD, 0x90, 0xDC, 0x4A, 0xFD, 0x2E, 0xFE, 0x34, 0xFD, 0xD2, 0xFD, 0x2E, 0xCB, 0xE9, 0xFD, 0xD2, 0xFD, 0x2E, 0xBB, 0xC9, 0xA3, 0x27, 0x4A, 0x49, 0x4A, 0x49, 0x4A, 0x49},
  },
  { /* [ 5] FACE2C (VGAGRAPH chunk 126) */
    {0x5B, 0x1F, 0x5B, 0x1F, 0x5B, 0x1F, 0x5B, 0x1F, 0x5B, 0x1F, 0x5B, 0x1F, 0x5B, 0x1F, 0x5B, 0x1F, 0x5B, 0x1F, 0x5B, 0x1F, 0x5B, 0x1F, 0x5B, 0x1F, 0x5B, 0x1F, 0x5B, 0x1F, 0x5B, 0x1F, 0x5B, 0x1F, 0x5B, 0x1F, 0x5B, 0x1F, 0x5B, 0x1F, 0x5B, 0x1F, 0x5B, 0x1F, 0x5B, 0x1F, 0x5B, 0x1F, 0x7C, 0x1F},
    {0x4A, 0x49, 0x4A, 0x49, 0x4A, 0x49, 0x4A, 0x49, 0x4A, 0x49, 0x39, 0xC7, 0x39, 0xC7, 0x39, 0xC7, 0x39, 0xC7, 0x39, 0xC7, 0x39, 0xC7, 0x39, 0xC7, 0x39, 0xC7, 0x39, 0xC7, 0x39, 0xC7, 0x39, 0xC7, 0x39, 0xC7, 0x39, 0xC7, 0x4A, 0x49, 0x4A, 0x49, 0x4A, 0x49, 0x4A, 0x49, 0x4A, 0x49, 0x4A, 0x49},
    {0x4A, 0x49, 0x4A, 0x49, 0x4A, 0x49, 0x4A, 0x49, 0x29, 0x65, 0x9A, 0x60, 0xCB, 0x00, 0xB2, 0xA0, 0xCB, 0x00, 0xCB, 0x00, 0xE3, 0x60, 0xCB, 0x00, 0xE3, 0x60, 0xE3, 0x60, 0xE3, 0x60, 0xE3, 0x60, 0xE3, 0x60, 0xE3, 0x60, 0xCB, 0x00, 0x9A, 0x60, 0x39, 0xC7, 0x4A, 0x49, 0x4A, 0x49, 0x4A, 0x49},
    {0x4A, 0x49, 0x4A, 0x49, 0x4A, 0x49, 0x29, 0x65, 0x9A, 0x60, 0xAA, 0xA0, 0xB2, 0xA0, 0xCB, 0x00, 0xB2, 0xA0, 0xCB, 0x00, 0xCB, 0x00, 0xCB, 0x00, 0xCB, 0x00, 0xCB, 0x00, 0xCB, 0x00, 0xE3, 0x60, 0xFB, 0xC0, 0xE3, 0x60, 0xE3, 0x60, 0xCB, 0x00, 0x9A, 0x60, 0x39, 0xC7, 0x4A, 0x49, 0x4A, 0x49},
    {0x4A, 0x49, 0x4A, 0x49, 0x4A, 0x49, 0x51, 0xE3, 0xAA, 0xA0, 0xAA, 0xA0, 0xAA, 0xA0, 0xAA, 0xA0, 0xAA, 0xA0, 0xAA, 0xA0, 0xAA, 0xA0, 0xAA, 0xA0, 0xAA, 0xA0, 0xB2, 0xA0, 0xB2, 0xA0, 0xCB, 0x00, 0xE3, 0x60, 0xFB, 0xC0, 0xFC, 0x44, 0xFB, 0xC0, 0xCB, 0x00, 0x6A, 0x44, 0x4A, 0x49, 0x4A, 0x49},
    {0x4A, 0x49, 0x4A, 0x49, 0x29, 0x65, 0x9A, 0x60, 0xAA, 0xA0, 0xAA, 0xA0, 0x9A, 0x60, 0x51, 0xE3, 0x72, 0x65, 0x6A, 0x44, 0x6A, 0x44, 0xAA, 0xA0, 0x72, 0x65, 0x72, 0x65, 0x82, 0x85, 0x82, 0x85, 0xCB, 0x00, 0xFB, 0xC0, 0xFC, 0x44, 0xE3, 0x60, 0xE3, 0x60, 0x8A, 0xC6, 0x39, 0xC7, 0x4A, 0x49},
    {0x4A, 0x49, 0x4A, 0x49, 0x29, 0x65, 0x9A, 0x60, 0xAA, 0xA0, 0x9A, 0x60, 0x51, 0xE3, 0x72, 0x65, 0x49, 0xC3, 0x49, 0xC3, 0x72, 0x65, 0x72, 0x65, 0xAA, 0xA0, 0x5A, 0x04, 0x51, 0xE3, 0x72, 0x65, 0x9A, 0x60, 0xE3, 0x60, 0xFB, 0xC0, 0xAA, 0xA0, 0x72, 0x65, 0xCB, 0x00, 0x39, 0xC7, 0x4A, 0x49},
    {0x4A, 0x49, 0x4A, 0x49, 0x29, 0x65, 0x9A, 0x60, 0x9A, 0x60, 0x72, 0x65, 0xA3, 0x27, 0xDC, 0x4A, 0xDC, 0x4A, 0xDC, 0x4A, 0xB3, 0x88, 0x9B, 0x07, 0x72, 0x65, 0x5A, 0x04, 0x39, 0x62, 0x51, 0xE3, 0x72, 0x65, 0xE3, 0x60, 0xAA, 0xA0, 0xA3, 0x27, 0x72, 0x65, 0x9A, 0x60, 0x39, 0xC7, 0x4A, 0x49},
    {0x4A, 0x49, 0x4A, 0x49, 0x29, 0x65, 0x51, 0xE3, 0x9B, 0x07, 0x9B, 0x07, 0xFD, 0x2E, 0xFD, 0xD2, 0xFD, 0xD2, 0xFD, 0x2E, 0xFD, 0x2E, 0xDC, 0x4A, 0xDC, 0x4A, 0xCB, 0xE9, 0xA3, 0x27, 0x9B, 0x07, 0x9B, 0x07, 0xCB, 0x00, 0xFD, 0x90, 0xDC, 0x4A, 0x9B, 0x07, 0x72, 0x65, 0x39, 0xC7, 0x4A, 0x49},
    {0x4A, 0x49, 0x4A, 0x49, 0x29, 0x65, 0x51, 0xE3, 0x9B, 0x07, 0xDC, 0x4A, 0xFE, 0x34, 0xFE, 0x34, 0xFE, 0x34, 0xFE, 0x34, 0xFE, 0x34, 0xFE, 0x34, 0xFD, 0x90, 0xEC, 0x6B, 0xDC, 0x4A, 0xA3, 0x27, 0xFC, 0xEC, 0xAA, 0xA0, 0xFC, 0xEC, 0xFE, 0x34, 0xB3, 0x88, 0x51, 0xE3, 0x29, 0x65, 0x4A, 0x49},
    {0x4A, 0x49, 0x4A, 0x49, 0x29, 0x65, 0x51, 0xE3, 0x9B, 0x07, 0xFD, 0x90, 0xFC, 0xEC, 0xFD, 0x2E, 0xFD, 0x90, 0xFE, 0x34, 0xFE, 0x34, 0xFE, 0x34, 0xFD, 0x90, 0xFD, 0x2E, 0xEC, 0x6B, 0xCB, 0xE9, 0xFC, 0xEC, 0xFD, 0x90, 0xFE, 0xD8, 0xF4, 0xAB, 0xDC, 0x4A, 0x51, 0xE3, 0x29, 0x65, 0x4A, 0x49},
    {0x4A, 0x49, 0x4A, 0x49, 0x29, 0x65, 0x41, 0x83, 0xB3, 0x88, 0xDC, 0x4A, 0xFD, 0x90, 0xFE, 0x34, 0xFE, 0xD8, 0xFF, 0x5B, 0xFE, 0xD8, 0xFE, 0x34, 0xFE, 0x34, 0xFD, 0xD2, 0xDC, 0x4A, 0x21, 0x04, 0x29, 0x65, 0x29, 0x65, 0x29, 0x65, 0xFE, 0xD8, 0xDC, 0x4A, 0x51, 0xE3, 0x29, 0x65, 0x4A, 0x49},
    {0x4A, 0x49, 0x4A, 0x49, 0x29, 0x65, 0x41, 0x83, 0xB3, 0x88, 0xFD, 0x90, 0x39, 0xC7, 0x39, 0xC7, 0x4A, 0x49, 0xAB, 0x48, 0xDC, 0x4A, 0xFD, 0xD2, 0xFD, 0x2E, 0xD4, 0x0A, 0x21, 0x04, 0x49, 0xC3, 0x5A, 0x04, 0x6A, 0x44, 0xBB, 0xC9, 0x63, 0x2C, 0xDC, 0x4A, 0x41, 0x83, 0x92, 0xE6, 0x4A, 0x49},
    {0x4A, 0x49, 0x29, 0x65, 0xCB, 0xE9, 0x29, 0x01, 0xDC, 0x4A, 0x52, 0xAA, 0x73, 0x8E, 0x52, 0xAA, 0x21, 0x04, 0x21, 0x04, 0x21, 0x04, 0xAB, 0x48, 0xAB, 0x48, 0xAB, 0x48, 0x72, 0x65, 0x39, 0xC7, 0x63, 0x2C, 0x7B, 0xEF, 0x00, 0x0C, 0xFD, 0x2E, 0xFD, 0x90, 0x29, 0x01, 0xFD, 0x90, 0x29, 0x65},
    {0x4A, 0x49, 0x29, 0x65, 0xEC, 0x6B, 0x29, 0x01, 0xDC, 0x4A, 0xDC, 0x4A, 0xB5, 0xB6, 0xD6, 0x9A, 0x00, 0x15, 0x00, 0x1F, 0xA8, 0x00, 0xBB, 0xC9, 0xF4, 0xAB, 0xAB, 0x48, 0xA8, 0x00, 0xB5, 0xB6, 0xDE, 0xFB, 0x00, 0x19, 0x21, 0x3F, 0xFD, 0x2E, 0xDC, 0x4A, 0x72, 0x65, 0xEC, 0x6B, 0x29, 0x65},
    {0x4A, 0x49, 0x29, 0x65, 0xBB, 0xC9, 0x92, 0xE6, 0xDC, 0x4A, 0xFD, 0xD2, 0xFD, 0x2E, 0xFD, 0x2E, 0xFD, 0x2E, 0xFD, 0x2E, 0xFD, 0xD2, 0xFD, 0x90, 0xFE, 0xB7, 0xFD, 0x2E, 0xFE, 0x34, 0xFD, 0x2E, 0xFD, 0x2E, 0xFD, 0x2E, 0xFD, 0x2E, 0xFD, 0xD2, 0xDC, 0x4A, 0xB3, 0x88, 0xCB, 0xE9, 0x29, 0x65},
    {0x4A, 0x49, 0x29, 0x65, 0xDC, 0x4A, 0xFC, 0xEC, 0xFD, 0x2E, 0xFE, 0xB7, 0xFE, 0xB7, 0xFF, 0x5B, 0xFF, 0x5B, 0xFE, 0xB7, 0xFD, 0xD2, 0xFD, 0x2E, 0xFE, 0xD8, 0xFE, 0x34, 0xFE, 0x34, 0xFE, 0x34, 0xFE, 0xB7, 0xFF, 0x5B, 0xFF, 0x5B, 0xFE, 0xB7, 0xFD, 0x2E, 0xFD, 0xD2, 0xFC, 0xEC, 0x29, 0x65},
    {0x4A, 0x49, 0x29, 0x65, 0xFC, 0xEC, 0xBB, 0xC9, 0xFD, 0x2E, 0xFE, 0x34, 0xFE, 0xB7, 0xFE, 0xB7, 0xFE, 0x34, 0xFE, 0x34, 0xD4, 0x0A, 0xFD, 0x90, 0xFE, 0xB7, 0xFE, 0x34, 0xF4, 0xAB, 0xFE, 0x34, 0xFE, 0x34, 0xFE, 0xB7, 0xFE, 0xB7, 0xFE, 0x34, 0xFD, 0x2E, 0xD4, 0x0A, 0xFC, 0xEC, 0x29, 0x65},
    {0x4A, 0x49, 0x4A, 0x49, 0xB3, 0x88, 0x82, 0x85, 0xBB, 0xC9, 0xFD, 0x90, 0xFE, 0x34, 0xFE, 0x34, 0xFE, 0x34, 0xF4, 0xAB, 0xAB, 0x48, 0x8A, 0xC6, 0x8A, 0xC6, 0x8A, 0xC6, 0x9B, 0x07, 0xFD, 0x2E, 0xFE, 0x34, 0xFE, 0x34, 0xFE, 0x34, 0xFD, 0x90, 0xBB, 0xC9, 0x82, 0x85, 0x72, 0x65, 0x4A, 0x49},
    {0x4A, 0x49, 0x4A, 0x49, 0x72, 0x65, 0x82, 0x85, 0xEC, 0x6B, 0xDC, 0x4A, 0xFD, 0x2E, 0xFD, 0xD2, 0xFE, 0x34, 0xFD, 0x2E, 0xFC, 0xEC, 0xEC, 0x6B, 0xDC, 0x4A, 0xFD, 0x2E, 0xFD, 0xD2, 0xFD, 0x90, 0xFE, 0x34, 0xFE, 0x34, 0xFD, 0x90, 0xF4, 0xAB, 0xFC, 0xEC, 0x82, 0x85, 0x29, 0x65, 0x4A, 0x49},
    {0x4A, 0x49, 0x4A, 0x49, 0x39, 0xC7, 0x82, 0x85, 0xFD, 0x2E, 0xFC, 0xEC, 0xFD, 0xD2, 0xFE, 0x34, 0xF4, 0xAB, 0xFD, 0x90, 0xFD, 0xD2, 0xFD, 0x2E, 0xFD, 0x90, 0xFD, 0xD2, 0xFE, 0x34, 0xF4, 0xAB, 0xFD, 0x90, 0xFE, 0x34, 0xFD, 0xD2, 0xFC, 0xEC, 0xFD, 0x2E, 0x82, 0x85, 0x39, 0xC7, 0x4A, 0x49},
    {0x4A, 0x49, 0x4A, 0x49, 0x39, 0xC7, 0x82, 0x85, 0xFD, 0x90, 0xFD, 0x2E, 0xFE, 0x34, 0xFE, 0x34, 0x9B, 0x07, 0xB3, 0x88, 0xBB, 0xC9, 0xD4, 0x0A, 0xD4, 0x0A, 0x88, 0x00, 0x9B, 0x07, 0xBB, 0xC9, 0xFE, 0x34, 0xFE, 0x34, 0xFD, 0xD2, 0xFD, 0x90, 0xFD, 0x90, 0x29, 0x65, 0x4A, 0x49, 0x4A, 0x49},
    {0x4A, 0x49, 0x4A, 0x49, 0x39, 0xC7, 0x82, 0x85, 0xFD, 0x90, 0xFD, 0xD2, 0xFE, 0x34, 0xFD, 0x90, 0xFC, 0xEC, 0xFD, 0xD2, 0xFE, 0x34, 0xFE, 0x34, 0xFE, 0xD8, 0xFA, 0x08, 0xFC, 0xEC, 0xFD, 0x2E, 0xFE, 0x34, 0xFD, 0xD2, 0xFD, 0xD2, 0xFD, 0xD2, 0xFD, 0xD2, 0x21, 0x04, 0x4A, 0x49, 0x4A, 0x49},
    {0x4A, 0x49, 0x4A, 0x49, 0x4A, 0x49, 0x82, 0x85, 0xFD, 0x90, 0xFE, 0x34, 0xFE, 0x34, 0xFE, 0x34, 0xFD, 0x90, 0xFD, 0x2E, 0xF4, 0xAB, 0xEC, 0x6B, 0xF4, 0xAB, 0xFD, 0x2E, 0xFD, 0x90, 0xFE, 0x34, 0xFE, 0x34, 0xFD, 0xD2, 0xFD, 0x90, 0xFD, 0x90, 0xFD, 0xD2, 0x21, 0x04, 0x4A, 0x49, 0x4A, 0x49},
    {0x4A, 0x49, 0x4A, 0x49, 0x4A, 0x49, 0x29, 0x65, 0xDC, 0x4A, 0xFD, 0xF3, 0xFE, 0x34, 0xFE, 0xB7, 0xFF, 0x5B, 0xFE, 0xB7, 0xFE, 0x34, 0xFE, 0x34, 0xFE, 0x34, 0xFE, 0x34, 0xFE, 0xB7, 0xFF, 0x5B, 0xFE, 0x34, 0xFD, 0x90, 0xFD, 0x2E, 0xFD, 0xD2, 0xFE, 0x34, 0x21, 0x04, 0x4A, 0x49, 0x4A, 0x49},
    {0x4A, 0x49, 0x4A, 0x49, 0x4A, 0x49, 0x29, 0x65, 0x9B, 0x07, 0xDC, 0x4A, 0xFD, 0x2E, 0xFE, 0x34, 0xFE, 0x34, 0xFE, 0x34, 0xFD, 0x90, 0xDC, 0x4A, 0xFD, 0x90, 0xFE, 0x34, 0xFE, 0x34, 0xFE, 0x34, 0xFD, 0x2E, 0xF4, 0xAB, 0xFC, 0xEC, 0xFE, 0x34, 0xFE, 0x34, 0x39, 0xC7, 0x4A, 0x49, 0x4A, 0x49},
    {0x4A, 0x49, 0x4A, 0x49, 0x4A, 0x49, 0x29, 0x65, 0x6A, 0x44, 0x9B, 0x07, 0xBB, 0xC9, 0xDC, 0x4A, 0xDC, 0x4A, 0xDC, 0x4A, 0xCB, 0xE9, 0xAB, 0x48, 0xCB, 0xE9, 0xDC, 0x4A, 0xDC, 0x4A, 0xDC, 0x4A, 0xBB, 0xC9, 0x9B, 0x07, 0xFD, 0xD2, 0xFE, 0x34, 0xFE, 0x34, 0x39, 0xC7, 0x4A, 0x49, 0x4A, 0x49},
    {0x4A, 0x49, 0x4A, 0x49, 0x4A, 0x49, 0x39, 0xC7, 0x92, 0xE6, 0x5A, 0x04, 0x49, 0xC3, 0x49, 0xC3, 0x49, 0xC3, 0x49, 0xC3, 0x49, 0xC3, 0x5A, 0x04, 0x6A, 0x44, 0x72, 0x65, 0x72, 0x65, 0x92, 0xE6, 0x92, 0xE6, 0xCB, 0xE9, 0xEC, 0x6B, 0xFE, 0x34, 0xFE, 0x34, 0x39, 0xC7, 0x4A, 0x49, 0x4A, 0x49},
    {0x4A, 0x49, 0x4A, 0x49, 0x4A, 0x49, 0x39, 0xC7, 0x92, 0xE6, 0x5A, 0x04, 0x82, 0x85, 0x72, 0x65, 0x72, 0x65, 0x82, 0x85, 0x9B, 0x07, 0x9B, 0x07, 0x9B, 0x07, 0x9B, 0x07, 0x9B, 0x07, 0xAB, 0x48, 0xCB, 0xE9, 0xFE, 0x34, 0xFD, 0x2E, 0xDC, 0x4A, 0xFD, 0x2E, 0x4A, 0x49, 0x4A, 0x49, 0x4A, 0x49},
    {0x4A, 0x49, 0x4A, 0x49, 0x4A, 0x49, 0x4A, 0x49, 0x72, 0x65, 0x5A, 0x04, 0x72, 0x65, 0x82, 0x85, 0x9B, 0x07, 0x9B, 0x07, 0xDC, 0x4A, 0xB3, 0x88, 0xCB, 0xE9, 0xCB, 0xE9, 0xCB, 0xE9, 0xBB, 0xC9, 0xFD, 0x90, 0xFD, 0xF3, 0xFE, 0x34, 0xFC, 0xEC, 0xCB, 0xE9, 0x4A, 0x49, 0x4A, 0x49, 0x4A, 0x49},
    {0x4A, 0x49, 0x4A, 0x49, 0x4A, 0x49, 0x4A, 0x49, 0x72, 0x65, 0x72, 0x65, 0x82, 0x85, 0x9B, 0x07, 0xD4, 0x0A, 0xDC, 0x4A, 0xFD, 0x90, 0xDC, 0x4A, 0xFE, 0x34, 0xFD, 0xD2, 0xF4, 0xAB, 0xCB, 0xE9, 0xFD, 0x2E, 0xFE, 0xB7, 0xFD, 0x2E, 0xFD, 0x2E, 0xA3, 0x27, 0x4A, 0x49, 0x4A, 0x49, 0x4A, 0x49},
    {0x4A, 0x49, 0x4A, 0x49, 0x4A, 0x49, 0x4A, 0x49, 0x72, 0x65, 0x72, 0x65, 0x9B, 0x07, 0x9B, 0x07, 0xA3, 0x27, 0xFC, 0xEC, 0xFD, 0x90, 0xF4, 0xAB, 0xFD, 0x2E, 0xFE, 0x34, 0xFD, 0x90, 0xF4, 0xAB, 0xCB, 0xE9, 0xFD, 0xD2, 0xFD, 0x2E, 0xA3, 0x27, 0xA3, 0x27, 0x4A, 0x49, 0x4A, 0x49, 0x4A, 0x49},
  },
  { /* [ 6] FACE3A (VGAGRAPH chunk 127) */
    {0x5B, 0x1F, 0x5B, 0x1F, 0x5B, 0x1F, 0x5B, 0x1F, 0x5B, 0x1F, 0x5B, 0x1F, 0x5B, 0x1F, 0x5B, 0x1F, 0x5B, 0x1F, 0x5B, 0x1F, 0x5B, 0x1F, 0x5B, 0x1F, 0x5B, 0x1F, 0x5B, 0x1F, 0x5B, 0x1F, 0x5B, 0x1F, 0x5B, 0x1F, 0x5B, 0x1F, 0x5B, 0x1F, 0x5B, 0x1F, 0x5B, 0x1F, 0x5B, 0x1F, 0x5B, 0x1F, 0x7C, 0x1F},
    {0x4A, 0x49, 0x4A, 0x49, 0x4A, 0x49, 0x4A, 0x49, 0x4A, 0x49, 0x39, 0xC7, 0x39, 0xC7, 0x39, 0xC7, 0x39, 0xC7, 0x39, 0xC7, 0x39, 0xC7, 0x39, 0xC7, 0x39, 0xC7, 0x39, 0xC7, 0x39, 0xC7, 0x39, 0xC7, 0x39, 0xC7, 0x39, 0xC7, 0x4A, 0x49, 0x4A, 0x49, 0x4A, 0x49, 0x4A, 0x49, 0x4A, 0x49, 0x4A, 0x49},
    {0x4A, 0x49, 0x4A, 0x49, 0x4A, 0x49, 0x4A, 0x49, 0x29, 0x65, 0x9A, 0x60, 0xCB, 0x00, 0xB2, 0xA0, 0xCB, 0x00, 0xCB, 0x00, 0xE3, 0x60, 0xCB, 0x00, 0xE3, 0x60, 0xE3, 0x60, 0xE3, 0x60, 0xE3, 0x60, 0xE3, 0x60, 0xE3, 0x60, 0xCB, 0x00, 0x9A, 0x60, 0x39, 0xC7, 0x4A, 0x49, 0x4A, 0x49, 0x4A, 0x49},
    {0x4A, 0x49, 0x4A, 0x49, 0x4A, 0x49, 0x29, 0x65, 0x9A, 0x60, 0xAA, 0xA0, 0xB2, 0xA0, 0xCB, 0x00, 0xB2, 0xA0, 0xCB, 0x00, 0xCB, 0x00, 0xCB, 0x00, 0xCB, 0x00, 0xCB, 0x00, 0xCB, 0x00, 0xE3, 0x60, 0xFB, 0xC0, 0xE3, 0x60, 0xE3, 0x60, 0xCB, 0x00, 0x9A, 0x60, 0x39, 0xC7, 0x4A, 0x49, 0x4A, 0x49},
    {0x4A, 0x49, 0x4A, 0x49, 0x4A, 0x49, 0x51, 0xE3, 0xAA, 0xA0, 0xAA, 0xA0, 0xAA, 0xA0, 0xAA, 0xA0, 0xAA, 0xA0, 0xAA, 0xA0, 0xAA, 0xA0, 0xAA, 0xA0, 0xAA, 0xA0, 0xB2, 0xA0, 0xB2, 0xA0, 0xCB, 0x00, 0xE3, 0x60, 0xFB, 0xC0, 0xFC, 0x44, 0xFB, 0xC0, 0xCB, 0x00, 0x6A, 0x44, 0x4A, 0x49, 0x4A, 0x49},
    {0x4A, 0x49, 0x4A, 0x49, 0x29, 0x65, 0x9A, 0x60, 0xAA, 0xA0, 0xAA, 0xA0, 0x9A, 0x60, 0x51, 0xE3, 0x72, 0x65, 0x6A, 0x44, 0x6A, 0x44, 0xAA, 0xA0, 0x72, 0x65, 0x72, 0x65, 0x82, 0x85, 0x82, 0x85, 0xCB, 0x00, 0xFB, 0xC0, 0xFC, 0x44, 0xE3, 0x60, 0xE3, 0x60, 0x8A, 0xC6, 0x39, 0xC7, 0x4A, 0x49},
    {0x4A, 0x49, 0x4A, 0x49, 0x29, 0x65, 0x9A, 0x60, 0xAA, 0xA0, 0x9A, 0x60, 0x51, 0xE3, 0x72, 0x65, 0x49, 0xC3, 0x49, 0xC3, 0x72, 0x65, 0x72, 0x65, 0xAA, 0xA0, 0x5A, 0x04, 0x51, 0xE3, 0x72, 0x65, 0x9A, 0x60, 0xE3, 0x60, 0xFB, 0xC0, 0xAA, 0xA0, 0x72, 0x65, 0xCB, 0x00, 0x39, 0xC7, 0x4A, 0x49},
    {0x4A, 0x49, 0x4A, 0x49, 0x29, 0x65, 0x9A, 0x60, 0x9A, 0x60, 0x72, 0x65, 0xA3, 0x27, 0xDC, 0x4A, 0xDC, 0x4A, 0xDC, 0x4A, 0xB3, 0x88, 0x9B, 0x07, 0x72, 0x65, 0x5A, 0x04, 0x39, 0x62, 0x51, 0xE3, 0x72, 0x65, 0xE3, 0x60, 0xAA, 0xA0, 0xA3, 0x27, 0x72, 0x65, 0x9A, 0x60, 0x39, 0xC7, 0x4A, 0x49},
    {0x4A, 0x49, 0x4A, 0x49, 0x29, 0x65, 0x51, 0xE3, 0x9B, 0x07, 0x9B, 0x07, 0xFD, 0x2E, 0xFD, 0xD2, 0xFD, 0xD2, 0xFD, 0x2E, 0xFD, 0x2E, 0xDC, 0x4A, 0xDC, 0x4A, 0xCB, 0xE9, 0xA3, 0x27, 0x9B, 0x07, 0x9B, 0x07, 0xCB, 0x00, 0xFD, 0x90, 0xDC, 0x4A, 0x9B, 0x07, 0x72, 0x65, 0x39, 0xC7, 0x4A, 0x49},
    {0x4A, 0x49, 0x4A, 0x49, 0x29, 0x65, 0x51, 0xE3, 0x9B, 0x07, 0xDC, 0x4A, 0xFE, 0x34, 0xFE, 0x34, 0xFE, 0x34, 0xFE, 0x34, 0xFE, 0x34, 0xFE, 0x34, 0xFD, 0x90, 0xEC, 0x6B, 0xDC, 0x4A, 0xA3, 0x27, 0xFC, 0xEC, 0xAA, 0xA0, 0xFD, 0x90, 0xFE, 0x34, 0xB3, 0x88, 0x51, 0xE3, 0x29, 0x65, 0x4A, 0x49},
    {0x4A, 0x49, 0x4A, 0x49, 0x29, 0x65, 0x51, 0xE3, 0x9B, 0x07, 0xFD, 0x90, 0xFC, 0xEC, 0xFD, 0x2E, 0xFD, 0x90, 0xFE, 0x34, 0xFE, 0x34, 0xFE, 0x34, 0xFE, 0x34, 0xFD, 0x90, 0xEC, 0x6B, 0xCB, 0xE9, 0xFC, 0xEC, 0xFD, 0x90, 0xFE, 0x34, 0xFE, 0x34, 0xDC, 0x4A, 0x51, 0xE3, 0x29, 0x65, 0x4A, 0x49},
    {0x4A, 0x49, 0x4A, 0x49, 0x29, 0x65, 0x41, 0x83, 0xB3, 0x88, 0xDC, 0x4A, 0xFD, 0x90, 0xFE, 0x34, 0xFE, 0xD8, 0xFF, 0x5B, 0xFE, 0xD8, 0xFE, 0x34, 0xFE, 0x34, 0xFE, 0x34, 0xDC, 0x4A, 0xCB, 0xE9, 0xFD, 0x90, 0xFE, 0x34, 0xFF, 0x5B, 0xFD, 0x90, 0xDC, 0x4A, 0x51, 0xE3, 0x29, 0x65, 0x4A, 0x49},
    {0x4A, 0x49, 0x4A, 0x49, 0x29, 0x65, 0x41, 0x83, 0xB3, 0x88, 0xFD, 0x90, 0x39, 0xC7, 0x29, 0x65, 0xAB, 0x48, 0xDC, 0x4A, 0xFD, 0x90, 0xFD, 0xD2, 0xFD, 0xD2, 0xFD, 0x90, 0xFC, 0xEC, 0xDC, 0x4A, 0x4A, 0x49, 0x39, 0xC7, 0x39, 0xC7, 0xFE, 0xD8, 0xDC, 0x4A, 0x41, 0x83, 0x29, 0x65, 0x4A, 0x49},
    {0x4A, 0x49, 0x29, 0x65, 0xFD, 0x2E, 0x29, 0x01, 0xDC, 0x4A, 0x52, 0xAA, 0x73, 0x8E, 0x00, 0x0F, 0x00, 0x00, 0x00, 0x00, 0x00, 0x00, 0xAB, 0x48, 0xAB, 0x48, 0xAB, 0x48, 0x21, 0x04, 0x21, 0x04, 0x21, 0x04, 0x00, 0x0F, 0x73, 0x8E, 0x4A, 0x49, 0xFD, 0x90, 0x29, 0x01, 0xFD, 0x2E, 0x29, 0x65},
    {0x4A, 0x49, 0x29, 0x65, 0xDC, 0x4A, 0x29, 0x01, 0xDC, 0x4A, 0xDC, 0x4A, 0xD6, 0x9A, 0x00, 0x15, 0x00, 0x1F, 0xB5, 0xB6, 0xA8, 0x00, 0xBB, 0xC9, 0xF4, 0xAB, 0xAB, 0x48, 0xA8, 0x00, 0xFB, 0xEF, 0x00, 0x15, 0x00, 0x1F, 0xFF, 0xFF, 0xDC, 0x4A, 0xDC, 0x4A, 0x29, 0x01, 0xFC, 0xEC, 0x29, 0x65},
    {0x4A, 0x49, 0x29, 0x65, 0xB3, 0x88, 0x92, 0xE6, 0xDC, 0x4A, 0xFD, 0xD2, 0xFD, 0x2E, 0xFD, 0x2E, 0xFD, 0x2E, 0xFD, 0x2E, 0xFD, 0xD2, 0xFD, 0x90, 0xFE, 0xB7, 0xFD, 0x2E, 0xFE, 0x34, 0xFD, 0x2E, 0xFD, 0x2E, 0xFD, 0x2E, 0xFD, 0x2E, 0xFD, 0xD2, 0xDC, 0x4A, 0x92, 0xE6, 0xB3, 0x88, 0x29, 0x65},
    {0x4A, 0x49, 0x29, 0x65, 0xDC, 0x4A, 0xFC, 0xEC, 0xFD, 0x2E, 0xFE, 0xB7, 0xFE, 0xB7, 0xFF, 0x5B, 0xFF, 0x5B, 0xFE, 0xB7, 0xFD, 0xD2, 0xFD, 0x2E, 0xFE, 0xD8, 0xFE, 0x34, 0xFE, 0x34, 0xFE, 0x34, 0xFE, 0xB7, 0xFF, 0x5B, 0xFF, 0x5B, 0xFE, 0xB7, 0xFD, 0x2E, 0xFD, 0xD2, 0xDC, 0x4A, 0x29, 0x65},
    {0x4A, 0x49, 0x29, 0x65, 0xFC, 0xEC, 0xBB, 0xC9, 0xFD, 0x2E, 0xFE, 0x34, 0xFE, 0xB7, 0xFE, 0xB7, 0xFE, 0x34, 0xFE, 0x34, 0xD4, 0x0A, 0xFD, 0x90, 0xFE, 0xB7, 0xFE, 0x34, 0xF4, 0xAB, 0xFE, 0x34, 0xFE, 0x34, 0xFE, 0xB7, 0xFE, 0xB7, 0xFE, 0x34, 0xFD, 0x2E, 0xDC, 0x4A, 0xFD, 0x2E, 0x29, 0x65},
    {0x4A, 0x49, 0x4A, 0x49, 0xAB, 0x48, 0x82, 0x85, 0xBB, 0xC9, 0xFD, 0x90, 0xFE, 0x34, 0xFE, 0x34, 0xFE, 0x34, 0xF4, 0xAB, 0xAB, 0x48, 0x8A, 0xC6, 0x8A, 0xC6, 0x8A, 0xC6, 0x9B, 0x07, 0xFD, 0x2E, 0xFE, 0x34, 0xFE, 0x34, 0xFE, 0x34, 0xFD, 0x90, 0xBB, 0xC9, 0x82, 0x85, 0xAB, 0x48, 0x4A, 0x49},
    {0x4A, 0x49, 0x4A, 0x49, 0x29, 0x65, 0x82, 0x85, 0xFD, 0x2E, 0xDC, 0x4A, 0xFD, 0x2E, 0xFE, 0x34, 0xFD, 0xD2, 0xFD, 0x2E, 0xFC, 0xEC, 0xFC, 0xEC, 0xD4, 0x0A, 0xE0, 0x00, 0xFD, 0xD2, 0xFD, 0x90, 0xFE, 0x34, 0xFE, 0x34, 0xFD, 0x2E, 0xDC, 0x4A, 0xFC, 0xEC, 0x82, 0x85, 0x29, 0x65, 0x4A, 0x49},
    {0x4A, 0x49, 0x4A, 0x49, 0x39, 0xC7, 0x82, 0x85, 0xFD, 0x90, 0xFC, 0xEC, 0xFD, 0x90, 0xFE, 0x34, 0xF4, 0xAB, 0xFD, 0x90, 0xFD, 0xD2, 0xFD, 0xD2, 0xFD, 0x2E, 0xFA, 0xEB, 0xFE, 0x34, 0xFD, 0x90, 0xF4, 0xAB, 0xFE, 0x34, 0xFD, 0x90, 0xFC, 0xEC, 0xFD, 0x2E, 0x82, 0x85, 0x39, 0xC7, 0x4A, 0x49},
    {0x4A, 0x49, 0x4A, 0x49, 0x4A, 0x49, 0x29, 0x65, 0xFD, 0x90, 0xFD, 0x2E, 0xFD, 0x90, 0xFE, 0x34, 0xBB, 0xC9, 0x9B, 0x07, 0xBB, 0xC9, 0xD4, 0x0A, 0xD4, 0x0A, 0xD4, 0x0A, 0x98, 0x00, 0x9B, 0x07, 0xBB, 0xC9, 0xFE, 0x34, 0xFD, 0x90, 0xFD, 0x2E, 0xFD, 0x90, 0x29, 0x65, 0x4A, 0x49, 0x4A, 0x49},
    {0x4A, 0x49, 0x4A, 0x49, 0x4A, 0x49, 0x29, 0x65, 0xFD, 0x90, 0xFD, 0x90, 0xFD, 0x90, 0xFE, 0x34, 0xFD, 0x90, 0xFC, 0xEC, 0xFD, 0xD2, 0xFE, 0x34, 0xFE, 0x34, 0xFB, 0xEF, 0xFA, 0x08, 0xF8, 0x00, 0xFD, 0x90, 0xFE, 0x34, 0xFD, 0x90, 0xFD, 0xF3, 0xFD, 0xD2, 0x21, 0x04, 0x4A, 0x49, 0x4A, 0x49},
    {0x4A, 0x49, 0x4A, 0x49, 0x4A, 0x49, 0x29, 0x65, 0xDC, 0x4A, 0xFD, 0x90, 0xFD, 0x90, 0xFE, 0x34, 0xFE, 0x34, 0xFD, 0x90, 0xFD, 0x2E, 0xF4, 0xAB, 0xEC, 0x6B, 0xF4, 0xAB, 0xFD, 0x2E, 0xFD, 0x90, 0xFE, 0x34, 0xFE, 0x34, 0xFD, 0x90, 0xFD, 0x90, 0xFD, 0xD2, 0x21, 0x04, 0x4A, 0x49, 0x4A, 0x49},
    {0x4A, 0x49, 0x4A, 0x49, 0x4A, 0x49, 0x29, 0x65, 0x9B, 0x07, 0xDC, 0x4A, 0xFD, 0x90, 0xFE, 0x34, 0xFE, 0xB7, 0xFF, 0x5B, 0xFE, 0xB7, 0xFE, 0x34, 0xFE, 0x34, 0xFE, 0x34, 0xFE, 0x34, 0xFE, 0xB7, 0xFF, 0x5B, 0xFE, 0x34, 0xFD, 0x90, 0xFD, 0x2E, 0xFE, 0x34, 0x21, 0x04, 0x4A, 0x49, 0x4A, 0x49},
    {0x4A, 0x49, 0x4A, 0x49, 0x4A, 0x49, 0x29, 0x65, 0x92, 0xE6, 0x9B, 0x07, 0xDC, 0x4A, 0xFD, 0x2E, 0xFE, 0x34, 0xFE, 0x34, 0xFE, 0x34, 0xFD, 0x90, 0xDC, 0x4A, 0xFD, 0x90, 0xFE, 0x34, 0xFE, 0x34, 0xFE, 0x34, 0xFD, 0x2E, 0xF4, 0xAB, 0xFC, 0xEC, 0xFE, 0x34, 0x39, 0xC7, 0x4A, 0x49, 0x4A, 0x49},
    {0x4A, 0x49, 0x4A, 0x49, 0x4A, 0x49, 0x29, 0x65, 0x92, 0xE6, 0x6A, 0x44, 0x9B, 0x07, 0xBB, 0xC9, 0xDC, 0x4A, 0xDC, 0x4A, 0xDC, 0x4A, 0xCB, 0xE9, 0xAB, 0x48, 0xCB, 0xE9, 0xDC, 0x4A, 0xDC, 0x4A, 0xDC, 0x4A, 0xBB, 0xC9, 0x9B, 0x07, 0xFE, 0x34, 0xFE, 0x34, 0x39, 0xC7, 0x4A, 0x49, 0x4A, 0x49},
    {0x4A, 0x49, 0x4A, 0x49, 0x4A, 0x49, 0x39, 0xC7, 0x92, 0xE6, 0x5A, 0x04, 0x6A, 0x44, 0x49, 0xC3, 0x49, 0xC3, 0x49, 0xC3, 0x49, 0xC3, 0x49, 0xC3, 0x5A, 0x04, 0x6A, 0x44, 0x72, 0x65, 0x72, 0x65, 0x92, 0xE6, 0x92, 0xE6, 0xCB, 0xE9, 0xFE, 0x34, 0xFE, 0x34, 0x39, 0xC7, 0x4A, 0x49, 0x4A, 0x49},
    {0x4A, 0x49, 0x4A, 0x49, 0x4A, 0x49, 0x39, 0xC7, 0x92, 0xE6, 0x5A, 0x04, 0x82, 0x85, 0x72, 0x65, 0x72, 0x65, 0x82, 0x85, 0x9B, 0x07, 0x9B, 0x07, 0x9B, 0x07, 0x9B, 0x07, 0x9B, 0x07, 0xAB, 0x48, 0xCB, 0xE9, 0xFE, 0x34, 0xFE, 0x34, 0xCB, 0xE9, 0xFD, 0x2E, 0x4A, 0x49, 0x4A, 0x49, 0x4A, 0x49},
    {0x4A, 0x49, 0x4A, 0x49, 0x4A, 0x49, 0x4A, 0x49, 0x72, 0x65, 0x5A, 0x04, 0x72, 0x65, 0x82, 0x85, 0x9B, 0x07, 0x9B, 0x07, 0xDC, 0x4A, 0xB3, 0x88, 0xCB, 0xE9, 0xCB, 0xE9, 0xCB, 0xE9, 0xAB, 0x48, 0xFD, 0x90, 0xFD, 0xF3, 0xFE, 0x34, 0xFE, 0x34, 0xCB, 0xE9, 0x4A, 0x49, 0x4A, 0x49, 0x4A, 0x49},
    {0x4A, 0x49, 0x4A, 0x49, 0x4A, 0x49, 0x4A, 0x49, 0x72, 0x65, 0x72, 0x65, 0x82, 0x85, 0x9B, 0x07, 0xD4, 0x0A, 0xDC, 0x4A, 0xFD, 0x90, 0xDC, 0x4A, 0xFE, 0x34, 0xFE, 0x34, 0xFD, 0x2E, 0xCB, 0xE9, 0xDC, 0x4A, 0xFE, 0xB7, 0xFD, 0x2E, 0xFD, 0x2E, 0xA3, 0x27, 0x4A, 0x49, 0x4A, 0x49, 0x4A, 0x49},
    {0x4A, 0x49, 0x4A, 0x49, 0x4A, 0x49, 0x4A, 0x49, 0x72, 0x65, 0x72, 0x65, 0x9B, 0x07, 0x9B, 0x07, 0xA3, 0x27, 0xFC, 0xEC, 0xFD, 0x90, 0xDC, 0x4A, 0xFD, 0x2E, 0xFE, 0x34, 0xFD, 0xD2, 0xFD, 0x2E, 0xCB, 0xE9, 0xFD, 0xD2, 0xFD, 0x2E, 0xA3, 0x27, 0xA3, 0x27, 0x4A, 0x49, 0x4A, 0x49, 0x4A, 0x49},
  },
  { /* [ 7] FACE3B (VGAGRAPH chunk 128) */
    {0x5B, 0x1F, 0x5B, 0x1F, 0x5B, 0x1F, 0x5B, 0x1F, 0x5B, 0x1F, 0x5B, 0x1F, 0x5B, 0x1F, 0x5B, 0x1F, 0x5B, 0x1F, 0x5B, 0x1F, 0x5B, 0x1F, 0x5B, 0x1F, 0x5B, 0x1F, 0x5B, 0x1F, 0x5B, 0x1F, 0x5B, 0x1F, 0x5B, 0x1F, 0x5B, 0x1F, 0x5B, 0x1F, 0x5B, 0x1F, 0x5B, 0x1F, 0x5B, 0x1F, 0x5B, 0x1F, 0x7C, 0x1F},
    {0x4A, 0x49, 0x4A, 0x49, 0x4A, 0x49, 0x4A, 0x49, 0x4A, 0x49, 0x39, 0xC7, 0x39, 0xC7, 0x39, 0xC7, 0x39, 0xC7, 0x39, 0xC7, 0x39, 0xC7, 0x39, 0xC7, 0x39, 0xC7, 0x39, 0xC7, 0x39, 0xC7, 0x39, 0xC7, 0x39, 0xC7, 0x39, 0xC7, 0x4A, 0x49, 0x4A, 0x49, 0x4A, 0x49, 0x4A, 0x49, 0x4A, 0x49, 0x4A, 0x49},
    {0x4A, 0x49, 0x4A, 0x49, 0x4A, 0x49, 0x4A, 0x49, 0x29, 0x65, 0x9A, 0x60, 0xCB, 0x00, 0xB2, 0xA0, 0xCB, 0x00, 0xCB, 0x00, 0xE3, 0x60, 0xCB, 0x00, 0xE3, 0x60, 0xE3, 0x60, 0xE3, 0x60, 0xE3, 0x60, 0xE3, 0x60, 0xE3, 0x60, 0xCB, 0x00, 0x9A, 0x60, 0x39, 0xC7, 0x4A, 0x49, 0x4A, 0x49, 0x4A, 0x49},
    {0x4A, 0x49, 0x4A, 0x49, 0x4A, 0x49, 0x29, 0x65, 0x9A, 0x60, 0xAA, 0xA0, 0xB2, 0xA0, 0xCB, 0x00, 0xB2, 0xA0, 0xCB, 0x00, 0xCB, 0x00, 0xCB, 0x00, 0xCB, 0x00, 0xCB, 0x00, 0xCB, 0x00, 0xE3, 0x60, 0xFB, 0xC0, 0xE3, 0x60, 0xE3, 0x60, 0xCB, 0x00, 0x9A, 0x60, 0x39, 0xC7, 0x4A, 0x49, 0x4A, 0x49},
    {0x4A, 0x49, 0x4A, 0x49, 0x4A, 0x49, 0x51, 0xE3, 0xAA, 0xA0, 0xAA, 0xA0, 0xAA, 0xA0, 0xAA, 0xA0, 0xAA, 0xA0, 0xAA, 0xA0, 0xAA, 0xA0, 0xAA, 0xA0, 0xAA, 0xA0, 0xB2, 0xA0, 0xB2, 0xA0, 0xCB, 0x00, 0xE3, 0x60, 0xFB, 0xC0, 0xFC, 0x44, 0xFB, 0xC0, 0xCB, 0x00, 0x6A, 0x44, 0x4A, 0x49, 0x4A, 0x49},
    {0x4A, 0x49, 0x4A, 0x49, 0x29, 0x65, 0x9A, 0x60, 0xAA, 0xA0, 0xAA, 0xA0, 0x9A, 0x60, 0x51, 0xE3, 0x72, 0x65, 0x6A, 0x44, 0x6A, 0x44, 0xAA, 0xA0, 0x72, 0x65, 0x72, 0x65, 0x82, 0x85, 0x82, 0x85, 0xCB, 0x00, 0xFB, 0xC0, 0xFC, 0x44, 0xE3, 0x60, 0xE3, 0x60, 0x8A, 0xC6, 0x39, 0xC7, 0x4A, 0x49},
    {0x4A, 0x49, 0x4A, 0x49, 0x29, 0x65, 0x9A, 0x60, 0xAA, 0xA0, 0x9A, 0x60, 0x51, 0xE3, 0x72, 0x65, 0x49, 0xC3, 0x49, 0xC3, 0x72, 0x65, 0x72, 0x65, 0xAA, 0xA0, 0x5A, 0x04, 0x51, 0xE3, 0x72, 0x65, 0x9A, 0x60, 0xE3, 0x60, 0xFB, 0xC0, 0xAA, 0xA0, 0x72, 0x65, 0xCB, 0x00, 0x39, 0xC7, 0x4A, 0x49},
    {0x4A, 0x49, 0x4A, 0x49, 0x29, 0x65, 0x9A, 0x60, 0x9A, 0x60, 0x72, 0x65, 0xA3, 0x27, 0xDC, 0x4A, 0xDC, 0x4A, 0xDC, 0x4A, 0xB3, 0x88, 0x9B, 0x07, 0x72, 0x65, 0x5A, 0x04, 0x39, 0x62, 0x51, 0xE3, 0x72, 0x65, 0xE3, 0x60, 0xAA, 0xA0, 0xA3, 0x27, 0x72, 0x65, 0x9A, 0x60, 0x39, 0xC7, 0x4A, 0x49},
    {0x4A, 0x49, 0x4A, 0x49, 0x29, 0x65, 0x51, 0xE3, 0x9B, 0x07, 0x9B, 0x07, 0xFD, 0x2E, 0xFD, 0xD2, 0xFD, 0xD2, 0xFD, 0x2E, 0xFD, 0x2E, 0xDC, 0x4A, 0xDC, 0x4A, 0xCB, 0xE9, 0xA3, 0x27, 0x9B, 0x07, 0x9B, 0x07, 0xCB, 0x00, 0xFD, 0x90, 0xDC, 0x4A, 0x9B, 0x07, 0x72, 0x65, 0x39, 0xC7, 0x4A, 0x49},
    {0x4A, 0x49, 0x4A, 0x49, 0x29, 0x65, 0x51, 0xE3, 0x9B, 0x07, 0xCB, 0xE9, 0xDC, 0x4A, 0xFC, 0xEC, 0xFD, 0x2E, 0xFD, 0x90, 0xFE, 0x34, 0xFE, 0x34, 0xFD, 0x90, 0xEC, 0x6B, 0xDC, 0x4A, 0xA3, 0x27, 0xFC, 0xEC, 0xAA, 0xA0, 0xFD, 0x90, 0xFE, 0x34, 0xB3, 0x88, 0x51, 0xE3, 0x29, 0x65, 0x4A, 0x49},
    {0x4A, 0x49, 0x4A, 0x49, 0x29, 0x65, 0x51, 0xE3, 0x9B, 0x07, 0xFD, 0x90, 0xFD, 0x2E, 0xFD, 0x90, 0xFD, 0xD2, 0xFE, 0x34, 0xFE, 0x34, 0xFE, 0x34, 0xFE, 0x34, 0xFD, 0x90, 0xEC, 0x6B, 0xCB, 0xE9, 0xFC, 0xEC, 0xFD, 0x90, 0xFE, 0x34, 0xFE, 0x34, 0xDC, 0x4A, 0x51, 0xE3, 0x29, 0x65, 0x4A, 0x49},
    {0x4A, 0x49, 0x4A, 0x49, 0x29, 0x65, 0x41, 0x83, 0xB3, 0x88, 0xDC, 0x4A, 0x39, 0xC7, 0x29, 0x65, 0x52, 0xAA, 0x73, 0x8E, 0xFE, 0xD8, 0xFE, 0x34, 0xFE, 0x34, 0xFE, 0x34, 0xDC, 0x4A, 0xCB, 0xE9, 0xFD, 0x90, 0xFE, 0x34, 0xFF, 0x5B, 0xFD, 0x90, 0xDC, 0x4A, 0x51, 0xE3, 0x29, 0x65, 0x4A, 0x49},
    {0x4A, 0x49, 0x29, 0x65, 0xAB, 0x48, 0x41, 0x83, 0xB3, 0x88, 0x4A, 0x49, 0x92, 0xE6, 0x72, 0x65, 0x51, 0xE3, 0x51, 0xE3, 0x73, 0x8E, 0xFD, 0xD2, 0xFD, 0xD2, 0xFD, 0x90, 0xFC, 0xEC, 0xDC, 0x4A, 0x4A, 0x49, 0x39, 0xC7, 0x39, 0xC7, 0xFE, 0xD8, 0xDC, 0x4A, 0x41, 0x83, 0x29, 0x65, 0x4A, 0x49},
    {0x4A, 0x49, 0x29, 0x65, 0xDC, 0x4A, 0x29, 0x01, 0xDC, 0x4A, 0xBB, 0xC9, 0x00, 0x0C, 0x00, 0x0C, 0x7B, 0xEF, 0x4A, 0x49, 0x51, 0xE3, 0xAB, 0x48, 0xAB, 0x48, 0xAB, 0x48, 0x21, 0x04, 0x21, 0x04, 0x21, 0x04, 0x52, 0xAA, 0x73, 0x8E, 0x4A, 0x49, 0xFD, 0x90, 0x29, 0x01, 0xCB, 0xE9, 0x29, 0x65},
    {0x4A, 0x49, 0x29, 0x65, 0xB3, 0x88, 0x92, 0xE6, 0xDC, 0x4A, 0xDC, 0x4A, 0x00, 0x15, 0x00, 0x14, 0xEF, 0x7D, 0xC6, 0x18, 0xA8, 0x00, 0xBB, 0xC9, 0xF4, 0xAB, 0xAB, 0x48, 0xA8, 0x00, 0x00, 0x15, 0x00, 0x1F, 0xEF, 0x7D, 0xC6, 0x18, 0xDC, 0x4A, 0xDC, 0x4A, 0x29, 0x01, 0xFC, 0xEC, 0x29, 0x65},
    {0x4A, 0x49, 0x29, 0x65, 0xDC, 0x4A, 0xFC, 0xEC, 0xDC, 0x4A, 0xFD, 0xD2, 0xFD, 0x90, 0xFD, 0x2E, 0xFD, 0x2E, 0xFD, 0x90, 0xFD, 0xD2, 0xFD, 0x90, 0xFE, 0xB7, 0xFD, 0x2E, 0xFE, 0x34, 0xFD, 0x90, 0xFD, 0x2E, 0xFD, 0x2E, 0xFD, 0x90, 0xFD, 0xD2, 0xDC, 0x4A, 0x92, 0xE6, 0xBB, 0xC9, 0x29, 0x65},
    {0x4A, 0x49, 0x29, 0x65, 0xFC, 0xEC, 0xBB, 0xC9, 0xFD, 0x2E, 0xFE, 0xB7, 0xFE, 0xB7, 0xFF, 0x5B, 0xFF, 0x5B, 0xFE, 0xB7, 0xFD, 0xD2, 0xFD, 0x2E, 0xFE, 0xD8, 0xFE, 0x34, 0xFE, 0x34, 0xFE, 0x34, 0xFE, 0xB7, 0xFF, 0x5B, 0xFF, 0x5B, 0xFE, 0xB7, 0xFD, 0x2E, 0xFD, 0x2E, 0xDC, 0x4A, 0x29, 0x65},
    {0x4A, 0x49, 0x4A, 0x49, 0xBB, 0xC9, 0x82, 0x85, 0xFD, 0x2E, 0xFE, 0x34, 0xFE, 0xB7, 0xFE, 0xB7, 0xFE, 0x34, 0xFE, 0x34, 0xD4, 0x0A, 0xFD, 0x90, 0xFE, 0xB7, 0xFE, 0x34, 0xF4, 0xAB, 0xFE, 0x34, 0xFE, 0x34, 0xFE, 0xB7, 0xFE, 0xB7, 0xFE, 0x34, 0xFD, 0x2E, 0xFD, 0x90, 0xFC, 0xEC, 0x29, 0x65},
    {0x4A, 0x49, 0x4A, 0x49, 0x29, 0x65, 0x82, 0x85, 0xBB, 0xC9, 0xFD, 0x90, 0xFE, 0x34, 0xFE, 0x34, 0xFE, 0x34, 0xF4, 0xAB, 0xAB, 0x48, 0x8A, 0xC6, 0x8A, 0xC6, 0x8A, 0xC6, 0x9B, 0x07, 0xFD, 0x2E, 0xFE, 0x34, 0xFE, 0x34, 0xFE, 0x34, 0xFD, 0x90, 0xBB, 0xC9, 0x82, 0x85, 0xCB, 0xE9, 0x4A, 0x49},
    {0x4A, 0x49, 0x4A, 0x49, 0x39, 0xC7, 0x82, 0x85, 0xFD, 0x2E, 0xDC, 0x4A, 0xFD, 0x90, 0xFE, 0x34, 0xFD, 0xD2, 0xFD, 0x2E, 0xFC, 0xEC, 0xFC, 0xEC, 0xD4, 0x0A, 0xE0, 0x00, 0xFD, 0xD2, 0xFD, 0x2E, 0xFD, 0xD2, 0xFE, 0x34, 0xFD, 0x90, 0xDC, 0x4A, 0xFC, 0xEC, 0x82, 0x85, 0x29, 0x65, 0x4A, 0x49},
    {0x4A, 0x49, 0x4A, 0x49, 0x4A, 0x49, 0x82, 0x85, 0xFC, 0xEC, 0xFC, 0xEC, 0xFD, 0x2E, 0xFE, 0x34, 0xFD, 0x90, 0xF4, 0xAB, 0xFD, 0xD2, 0xFD, 0xD2, 0xFD, 0x90, 0xFA, 0xEB, 0xFB, 0xEF, 0xFD, 0x90, 0xF4, 0xAB, 0xFE, 0x34, 0xFE, 0x34, 0xFC, 0xEC, 0xFD, 0x2E, 0x82, 0x85, 0x39, 0xC7, 0x4A, 0x49},
    {0x4A, 0x49, 0x4A, 0x49, 0x4A, 0x49, 0x29, 0x65, 0xFC, 0xEC, 0xFD, 0x2E, 0xFD, 0x2E, 0xFE, 0x34, 0xFD, 0x2E, 0xBB, 0xC9, 0x9B, 0x07, 0xBB, 0xC9, 0xD4, 0x0A, 0xD4, 0x0A, 0xBB, 0xC9, 0x88, 0x00, 0x9B, 0x07, 0xFD, 0x2E, 0xFE, 0x34, 0xFD, 0x2E, 0xFD, 0x2E, 0x29, 0x65, 0x4A, 0x49, 0x4A, 0x49},
    {0x4A, 0x49, 0x4A, 0x49, 0x4A, 0x49, 0x29, 0x65, 0xCB, 0xE9, 0xFD, 0x90, 0xFD, 0x90, 0xFE, 0x34, 0xFD, 0x90, 0xFD, 0x2E, 0xFC, 0xEC, 0xFD, 0xD2, 0xFE, 0x34, 0xFE, 0xD8, 0xFC, 0xF3, 0xFA, 0xEB, 0xF9, 0x04, 0xFD, 0x90, 0xFE, 0x34, 0xFD, 0xD2, 0xFD, 0x2E, 0x21, 0x04, 0x4A, 0x49, 0x4A, 0x49},
    {0x4A, 0x49, 0x4A, 0x49, 0x4A, 0x49, 0x29, 0x65, 0x9B, 0x07, 0xDC, 0x4A, 0xFD, 0x90, 0xFE, 0x34, 0xFE, 0x34, 0xFE, 0x34, 0xFD, 0x90, 0xFD, 0x2E, 0xF4, 0xAB, 0xEC, 0x6B, 0xF4, 0xAB, 0xFD, 0x2E, 0xFD, 0x90, 0xFE, 0x34, 0xFE, 0x34, 0xFD, 0xD2, 0xFD, 0x90, 0x21, 0x04, 0x4A, 0x49, 0x4A, 0x49},
    {0x4A, 0x49, 0x4A, 0x49, 0x4A, 0x49, 0x29, 0x65, 0x9B, 0x07, 0x9B, 0x07, 0xDC, 0x4A, 0xFD, 0xF3, 0xFE, 0x34, 0xFE, 0xB7, 0xFF, 0x5B, 0xFE, 0xB7, 0xFE, 0x34, 0xFE, 0x34, 0xFE, 0x34, 0xFE, 0x34, 0xFE, 0xB7, 0xFF, 0x5B, 0xFE, 0x34, 0xFD, 0x90, 0xFD, 0x2E, 0x21, 0x04, 0x4A, 0x49, 0x4A, 0x49},
    {0x4A, 0x49, 0x4A, 0x49, 0x4A, 0x49, 0x29, 0x65, 0x92, 0xE6, 0x9B, 0x07, 0x92, 0xE6, 0xDC, 0x4A, 0xFD, 0x2E, 0xFE, 0x34, 0xFE, 0x34, 0xFE, 0x34, 0xFD, 0x90, 0xDC, 0x4A, 0xFD, 0x90, 0xFE, 0x34, 0xFE, 0x34, 0xFE, 0x34, 0xFD, 0x2E, 0xF4, 0xAB, 0xFD, 0xD2, 0x39, 0xC7, 0x4A, 0x49, 0x4A, 0x49},
    {0x4A, 0x49, 0x4A, 0x49, 0x4A, 0x49, 0x29, 0x65, 0x92, 0xE6, 0x6A, 0x44, 0x92, 0xE6, 0x9B, 0x07, 0xBB, 0xC9, 0xDC, 0x4A, 0xDC, 0x4A, 0xDC, 0x4A, 0xCB, 0xE9, 0xAB, 0x48, 0xCB, 0xE9, 0xDC, 0x4A, 0xDC, 0x4A, 0xDC, 0x4A, 0xBB, 0xC9, 0xB3, 0x88, 0xFE, 0x34, 0x39, 0xC7, 0x4A, 0x49, 0x4A, 0x49},
    {0x4A, 0x49, 0x4A, 0x49, 0x4A, 0x49, 0x39, 0xC7, 0x92, 0xE6, 0x5A, 0x04, 0x92, 0xE6, 0x6A, 0x44, 0x49, 0xC3, 0x49, 0xC3, 0x49, 0xC3, 0x49, 0xC3, 0x49, 0xC3, 0x5A, 0x04, 0x6A, 0x44, 0x72, 0x65, 0x8A, 0xC6, 0x92, 0xE6, 0xAB, 0x48, 0xCB, 0xE9, 0xFE, 0x34, 0x39, 0xC7, 0x4A, 0x49, 0x4A, 0x49},
    {0x4A, 0x49, 0x4A, 0x49, 0x4A, 0x49, 0x39, 0xC7, 0x92, 0xE6, 0x5A, 0x04, 0x82, 0x85, 0x72, 0x65, 0x72, 0x65, 0x82, 0x85, 0x9B, 0x07, 0x9B, 0x07, 0x9B, 0x07, 0x9B, 0x07, 0x9B, 0x07, 0xAB, 0x48, 0xCB, 0xE9, 0xFE, 0x34, 0xFE, 0x34, 0xEC, 0x6B, 0xFD, 0x2E, 0x4A, 0x49, 0x4A, 0x49, 0x4A, 0x49},
    {0x4A, 0x49, 0x4A, 0x49, 0x4A, 0x49, 0x4A, 0x49, 0x72, 0x65, 0x5A, 0x04, 0x72, 0x65, 0x82, 0x85, 0x9B, 0x07, 0x9B, 0x07, 0xDC, 0x4A, 0xB3, 0x88, 0xCB, 0xE9, 0xCB, 0xE9, 0xCB, 0xE9, 0xAB, 0x48, 0xFD, 0x90, 0xFD, 0xF3, 0xFE, 0x34, 0xFE, 0x34, 0xDC, 0x4A, 0x4A, 0x49, 0x4A, 0x49, 0x4A, 0x49},
    {0x4A, 0x49, 0x4A, 0x49, 0x4A, 0x49, 0x4A, 0x49, 0x72, 0x65, 0x72, 0x65, 0x82, 0x85, 0x9B, 0x07, 0xD4, 0x0A, 0xDC, 0x4A, 0xFD, 0x90, 0xDC, 0x4A, 0xFE, 0x34, 0xFE, 0x34, 0xFD, 0x2E, 0xCB, 0xE9, 0xDC, 0x4A, 0xFE, 0xB7, 0xFD, 0xD2, 0xFD, 0x90, 0xBB, 0xC9, 0x4A, 0x49, 0x4A, 0x49, 0x4A, 0x49},
    {0x4A, 0x49, 0x4A, 0x49, 0x4A, 0x49, 0x4A, 0x49, 0x72, 0x65, 0x72, 0x65, 0x9B, 0x07, 0x9B, 0x07, 0xA3, 0x27, 0xFC, 0xEC, 0xFD, 0x90, 0xDC, 0x4A, 0xFD, 0x2E, 0xFE, 0x34, 0xFD, 0xD2, 0xFD, 0x2E, 0xCB, 0xE9, 0xFD, 0xD2, 0xFD, 0x2E, 0xBB, 0xC9, 0xA3, 0x27, 0x4A, 0x49, 0x4A, 0x49, 0x4A, 0x49},
  },
  { /* [ 8] FACE3C (VGAGRAPH chunk 129) */
    {0x5B, 0x1F, 0x5B, 0x1F, 0x5B, 0x1F, 0x5B, 0x1F, 0x5B, 0x1F, 0x5B, 0x1F, 0x5B, 0x1F, 0x5B, 0x1F, 0x5B, 0x1F, 0x5B, 0x1F, 0x5B, 0x1F, 0x5B, 0x1F, 0x5B, 0x1F, 0x5B, 0x1F, 0x5B, 0x1F, 0x5B, 0x1F, 0x5B, 0x1F, 0x5B, 0x1F, 0x5B, 0x1F, 0x5B, 0x1F, 0x5B, 0x1F, 0x5B, 0x1F, 0x5B, 0x1F, 0x7C, 0x1F},
    {0x4A, 0x49, 0x4A, 0x49, 0x4A, 0x49, 0x4A, 0x49, 0x4A, 0x49, 0x39, 0xC7, 0x39, 0xC7, 0x39, 0xC7, 0x39, 0xC7, 0x39, 0xC7, 0x39, 0xC7, 0x39, 0xC7, 0x39, 0xC7, 0x39, 0xC7, 0x39, 0xC7, 0x39, 0xC7, 0x39, 0xC7, 0x39, 0xC7, 0x4A, 0x49, 0x4A, 0x49, 0x4A, 0x49, 0x4A, 0x49, 0x4A, 0x49, 0x4A, 0x49},
    {0x4A, 0x49, 0x4A, 0x49, 0x4A, 0x49, 0x4A, 0x49, 0x29, 0x65, 0x9A, 0x60, 0xCB, 0x00, 0xB2, 0xA0, 0xCB, 0x00, 0xCB, 0x00, 0xE3, 0x60, 0xCB, 0x00, 0xE3, 0x60, 0xE3, 0x60, 0xE3, 0x60, 0xE3, 0x60, 0xE3, 0x60, 0xE3, 0x60, 0xCB, 0x00, 0x9A, 0x60, 0x39, 0xC7, 0x4A, 0x49, 0x4A, 0x49, 0x4A, 0x49},
    {0x4A, 0x49, 0x4A, 0x49, 0x4A, 0x49, 0x29, 0x65, 0x9A, 0x60, 0xAA, 0xA0, 0xB2, 0xA0, 0xCB, 0x00, 0xB2, 0xA0, 0xCB, 0x00, 0xCB, 0x00, 0xCB, 0x00, 0xCB, 0x00, 0xCB, 0x00, 0xCB, 0x00, 0xE3, 0x60, 0xFB, 0xC0, 0xE3, 0x60, 0xE3, 0x60, 0xCB, 0x00, 0x9A, 0x60, 0x39, 0xC7, 0x4A, 0x49, 0x4A, 0x49},
    {0x4A, 0x49, 0x4A, 0x49, 0x4A, 0x49, 0x51, 0xE3, 0xAA, 0xA0, 0xAA, 0xA0, 0xAA, 0xA0, 0xAA, 0xA0, 0xAA, 0xA0, 0xAA, 0xA0, 0xAA, 0xA0, 0xAA, 0xA0, 0xAA, 0xA0, 0xB2, 0xA0, 0xB2, 0xA0, 0xCB, 0x00, 0xE3, 0x60, 0xFB, 0xC0, 0xFC, 0x44, 0xFB, 0xC0, 0xCB, 0x00, 0x6A, 0x44, 0x4A, 0x49, 0x4A, 0x49},
    {0x4A, 0x49, 0x4A, 0x49, 0x29, 0x65, 0x9A, 0x60, 0xAA, 0xA0, 0xAA, 0xA0, 0x9A, 0x60, 0x51, 0xE3, 0x72, 0x65, 0x6A, 0x44, 0x6A, 0x44, 0xAA, 0xA0, 0x72, 0x65, 0x72, 0x65, 0x82, 0x85, 0x82, 0x85, 0xCB, 0x00, 0xFB, 0xC0, 0xFC, 0x44, 0xE3, 0x60, 0xE3, 0x60, 0x8A, 0xC6, 0x39, 0xC7, 0x4A, 0x49},
    {0x4A, 0x49, 0x4A, 0x49, 0x29, 0x65, 0x9A, 0x60, 0xAA, 0xA0, 0x9A, 0x60, 0x51, 0xE3, 0x72, 0x65, 0x49, 0xC3, 0x49, 0xC3, 0x72, 0x65, 0x72, 0x65, 0xAA, 0xA0, 0x5A, 0x04, 0x51, 0xE3, 0x72, 0x65, 0x9A, 0x60, 0xE3, 0x60, 0xFB, 0xC0, 0xAA, 0xA0, 0x72, 0x65, 0xCB, 0x00, 0x39, 0xC7, 0x4A, 0x49},
    {0x4A, 0x49, 0x4A, 0x49, 0x29, 0x65, 0x9A, 0x60, 0x9A, 0x60, 0x72, 0x65, 0xA3, 0x27, 0xDC, 0x4A, 0xDC, 0x4A, 0xDC, 0x4A, 0xB3, 0x88, 0x9B, 0x07, 0x72, 0x65, 0x5A, 0x04, 0x39, 0x62, 0x51, 0xE3, 0x72, 0x65, 0xE3, 0x60, 0xAA, 0xA0, 0xA3, 0x27, 0x72, 0x65, 0x9A, 0x60, 0x39, 0xC7, 0x4A, 0x49},
    {0x4A, 0x49, 0x4A, 0x49, 0x29, 0x65, 0x51, 0xE3, 0x9B, 0x07, 0x9B, 0x07, 0xFD, 0x2E, 0xFD, 0xD2, 0xFD, 0xD2, 0xFD, 0x2E, 0xFD, 0x2E, 0xDC, 0x4A, 0xDC, 0x4A, 0xCB, 0xE9, 0xA3, 0x27, 0x9B, 0x07, 0x9B, 0x07, 0xCB, 0x00, 0xFD, 0x90, 0xDC, 0x4A, 0x9B, 0x07, 0x72, 0x65, 0x39, 0xC7, 0x4A, 0x49},
    {0x4A, 0x49, 0x4A, 0x49, 0x29, 0x65, 0x51, 0xE3, 0x9B, 0x07, 0xDC, 0x4A, 0xFE, 0x34, 0xFE, 0x34, 0xFE, 0x34, 0xFE, 0x34, 0xFE, 0x34, 0xFE, 0x34, 0xFD, 0x90, 0xEC, 0x6B, 0xDC, 0x4A, 0xA3, 0x27, 0xFC, 0xEC, 0xAA, 0xA0, 0xFC, 0xEC, 0xFE, 0x34, 0xB3, 0x88, 0x51, 0xE3, 0x29, 0x65, 0x4A, 0x49},
    {0x4A, 0x49, 0x4A, 0x49, 0x29, 0x65, 0x51, 0xE3, 0x9B, 0x07, 0xFD, 0x90, 0xFC, 0xEC, 0xFD, 0x2E, 0xFD, 0x90, 0xFE, 0x34, 0xFE, 0x34, 0xFE, 0x34, 0xFD, 0x90, 0xFD, 0x2E, 0xEC, 0x6B, 0xCB, 0xE9, 0xFC, 0xEC, 0xFD, 0x90, 0xFE, 0xD8, 0xF4, 0xAB, 0xDC, 0x4A, 0x51, 0xE3, 0x29, 0x65, 0x4A, 0x49},
    {0x4A, 0x49, 0x4A, 0x49, 0x29, 0x65, 0x41, 0x83, 0xB3, 0x88, 0xDC, 0x4A, 0xFD, 0x90, 0xFE, 0x34, 0xFE, 0xD8, 0xFF, 0x5B, 0xFE, 0xD8, 0xFE, 0x34, 0xFE, 0x34, 0xFD, 0xD2, 0xDC, 0x4A, 0x21, 0x04, 0x29, 0x65, 0x29, 0x65, 0x4A, 0x49, 0xFE, 0xD8, 0xDC, 0x4A, 0x51, 0xE3, 0x29, 0x65, 0x4A, 0x49},
    {0x4A, 0x49, 0x4A, 0x49, 0x29, 0x65, 0x41, 0x83, 0xB3, 0x88, 0xFD, 0x90, 0x39, 0xC7, 0x39, 0xC7, 0x4A, 0x49, 0xAB, 0x48, 0xDC, 0x4A, 0xFD, 0xD2, 0xFD, 0x2E, 0xD4, 0x0A, 0x21, 0x04, 0x49, 0xC3, 0x5A, 0x04, 0x6A, 0x44, 0xBB, 0xC9, 0x63, 0x2C, 0xDC, 0x4A, 0x41, 0x83, 0x92, 0xE6, 0x4A, 0x49},
    {0x4A, 0x49, 0x29, 0x65, 0xCB, 0xE9, 0x29, 0x01, 0xDC, 0x4A, 0x4A, 0x49, 0x73, 0x8E, 0x52, 0xAA, 0x21, 0x04, 0x21, 0x04, 0x21, 0x04, 0xAB, 0x48, 0xAB, 0x48, 0xAB, 0x48, 0x72, 0x65, 0x39, 0xC7, 0x63, 0x2C, 0x7B, 0xEF, 0x00, 0x0C, 0xFD, 0x2E, 0xFD, 0x90, 0x29, 0x01, 0xFD, 0x90, 0x29, 0x65},
    {0x4A, 0x49, 0x29, 0x65, 0xEC, 0x6B, 0x29, 0x01, 0xDC, 0x4A, 0xDC, 0x4A, 0xB5, 0xB6, 0xD6, 0x9A, 0x00, 0x15, 0x00, 0x1F, 0xA8, 0x00, 0xBB, 0xC9, 0xF4, 0xAB, 0xAB, 0x48, 0xA8, 0x00, 0xFA, 0x08, 0xFC, 0xF3, 0x00, 0x19, 0x21, 0x3F, 0xFD, 0x2E, 0xDC, 0x4A, 0x72, 0x65, 0xEC, 0x6B, 0x29, 0x65},
    {0x4A, 0x49, 0x29, 0x65, 0xBB, 0xC9, 0x92, 0xE6, 0xDC, 0x4A, 0xFD, 0xD2, 0xFD, 0x2E, 0xFD, 0x2E, 0xFD, 0x2E, 0xFD, 0x2E, 0xFD, 0xD2, 0xFD, 0x90, 0xFE, 0xB7, 0xFD, 0x2E, 0xFE, 0x34, 0xFD, 0x2E, 0xFD, 0x2E, 0xFD, 0x2E, 0xFD, 0x2E, 0xFD, 0xD2, 0xDC, 0x4A, 0xB3, 0x88, 0xCB, 0xE9, 0x29, 0x65},
    {0x4A, 0x49, 0x29, 0x65, 0xDC, 0x4A, 0xFC, 0xEC, 0xFD, 0x2E, 0xFE, 0xB7, 0xFE, 0xB7, 0xFF, 0x5B, 0xFF, 0x5B, 0xFE, 0xB7, 0xFD, 0xD2, 0xFD, 0x2E, 0xFE, 0xD8, 0xFE, 0x34, 0xFE, 0x34, 0xFE, 0x34, 0xFE, 0xB7, 0xFF, 0x5B, 0xFF, 0x5B, 0xFE, 0xB7, 0xFD, 0x2E, 0xFD, 0xD2, 0xFC, 0xEC, 0x29, 0x65},
    {0x4A, 0x49, 0x29, 0x65, 0xFC, 0xEC, 0xBB, 0xC9, 0xFD, 0x2E, 0xFE, 0x34, 0xFE, 0xB7, 0xFE, 0xB7, 0xFE, 0x34, 0xFE, 0x34, 0xD4, 0x0A, 0xFD, 0x90, 0xFE, 0xB7, 0xFE, 0x34, 0xF4, 0xAB, 0xFE, 0x34, 0xFE, 0x34, 0xFE, 0xB7, 0xFE, 0xB7, 0xFE, 0x34, 0xFD, 0x2E, 0xD4, 0x0A, 0xFC, 0xEC, 0x29, 0x65},
    {0x4A, 0x49, 0x4A, 0x49, 0xB3, 0x88, 0x82, 0x85, 0xBB, 0xC9, 0xFD, 0x90, 0xFE, 0x34, 0xFE, 0x34, 0xFE, 0x34, 0xF4, 0xAB, 0xAB, 0x48, 0x8A, 0xC6, 0x8A, 0xC6, 0x8A, 0xC6, 0x9B, 0x07, 0xFD, 0x2E, 0xFE, 0x34, 0xFE, 0x34, 0xFE, 0x34, 0xFD, 0x90, 0xBB, 0xC9, 0x82, 0x85, 0x72, 0x65, 0x4A, 0x49},
    {0x4A, 0x49, 0x4A, 0x49, 0x72, 0x65, 0x82, 0x85, 0xEC, 0x6B, 0xDC, 0x4A, 0xFD, 0x2E, 0xFD, 0xD2, 0xFE, 0x34, 0xFD, 0x2E, 0xFC, 0xEC, 0xEC, 0x6B, 0xDC, 0x4A, 0xE0, 0x00, 0xFD, 0xD2, 0xFD, 0x90, 0xFE, 0x34, 0xFE, 0x34, 0xFD, 0x90, 0xF4, 0xAB, 0xFC, 0xEC, 0x82, 0x85, 0x29, 0x65, 0x4A, 0x49},
    {0x4A, 0x49, 0x4A, 0x49, 0x39, 0xC7, 0x82, 0x85, 0xFD, 0x2E, 0xFC, 0xEC, 0xFD, 0xD2, 0xFE, 0x34, 0xF4, 0xAB, 0xFD, 0x90, 0xFD, 0xD2, 0xFD, 0x2E, 0xFA, 0xEB, 0xFA, 0xEB, 0xFE, 0x34, 0xF4, 0xAB, 0xFD, 0x90, 0xFE, 0x34, 0xFD, 0xD2, 0xFC, 0xEC, 0xFD, 0x2E, 0x82, 0x85, 0x39, 0xC7, 0x4A, 0x49},
    {0x4A, 0x49, 0x4A, 0x49, 0x39, 0xC7, 0x82, 0x85, 0xFD, 0x90, 0xFD, 0x2E, 0xFD, 0xD2, 0xFE, 0x34, 0x9B, 0x07, 0xB3, 0x88, 0xBB, 0xC9, 0xD4, 0x0A, 0xD4, 0x0A, 0x88, 0x00, 0x9B, 0x07, 0xBB, 0xC9, 0xFD, 0x90, 0xFE, 0x34, 0xFD, 0xD2, 0xFD, 0x90, 0xFD, 0x90, 0x29, 0x65, 0x4A, 0x49, 0x4A, 0x49},
    {0x4A, 0x49, 0x4A, 0x49, 0x39, 0xC7, 0x82, 0x85, 0xFD, 0x90, 0xFE, 0x34, 0xFD, 0x2E, 0xFD, 0x90, 0xFC, 0xEC, 0xFD, 0xD2, 0xFE, 0x34, 0xFE, 0x34, 0xFB, 0xEF, 0xFA, 0x08, 0xE8, 0x00, 0xFD, 0x2E, 0xFD, 0x90, 0xFE, 0x34, 0xFD, 0xF3, 0xFD, 0xD2, 0xFD, 0xD2, 0x21, 0x04, 0x4A, 0x49, 0x4A, 0x49},
    {0x4A, 0x49, 0x4A, 0x49, 0x4A, 0x49, 0x82, 0x85, 0xFD, 0x90, 0xFE, 0x34, 0xFE, 0x34, 0xFE, 0x34, 0xFD, 0x90, 0xFD, 0x2E, 0xF4, 0xAB, 0xEC, 0x6B, 0xF4, 0xAB, 0xFD, 0x2E, 0xFD, 0x90, 0xFE, 0x34, 0xFE, 0x34, 0xFE, 0x34, 0xFD, 0x90, 0xFD, 0x90, 0xFD, 0xD2, 0x21, 0x04, 0x4A, 0x49, 0x4A, 0x49},
    {0x4A, 0x49, 0x4A, 0x49, 0x4A, 0x49, 0x29, 0x65, 0xDC, 0x4A, 0xFD, 0xF3, 0xFE, 0x34, 0xFE, 0xB7, 0xFF, 0x5B, 0xFE, 0xB7, 0xFE, 0x34, 0xFE, 0x34, 0xFE, 0x34, 0xFE, 0x34, 0xFE, 0xB7, 0xFF, 0x5B, 0xFE, 0x34, 0xFD, 0x90, 0xFD, 0x2E, 0xFD, 0xD2, 0xFE, 0x34, 0x21, 0x04, 0x4A, 0x49, 0x4A, 0x49},
    {0x4A, 0x49, 0x4A, 0x49, 0x4A, 0x49, 0x29, 0x65, 0x9B, 0x07, 0xDC, 0x4A, 0xFD, 0x2E, 0xFE, 0x34, 0xFE, 0x34, 0xFE, 0x34, 0xFD, 0x90, 0xDC, 0x4A, 0xFD, 0x90, 0xFE, 0x34, 0xFE, 0x34, 0xFE, 0x34, 0xFD, 0x2E, 0xF4, 0xAB, 0xFC, 0xEC, 0xFE, 0x34, 0xFE, 0x34, 0x39, 0xC7, 0x4A, 0x49, 0x4A, 0x49},
    {0x4A, 0x49, 0x4A, 0x49, 0x4A, 0x49, 0x29, 0x65, 0x6A, 0x44, 0x9B, 0x07, 0xBB, 0xC9, 0xDC, 0x4A, 0xDC, 0x4A, 0xDC, 0x4A, 0xCB, 0xE9, 0xAB, 0x48, 0xCB, 0xE9, 0xDC, 0x4A, 0xDC, 0x4A, 0xDC, 0x4A, 0xBB, 0xC9, 0x9B, 0x07, 0xFD, 0xD2, 0xFE, 0x34, 0xFE, 0x34, 0x39, 0xC7, 0x4A, 0x49, 0x4A, 0x49},
    {0x4A, 0x49, 0x4A, 0x49, 0x4A, 0x49, 0x39, 0xC7, 0x92, 0xE6, 0x5A, 0x04, 0x49, 0xC3, 0x49, 0xC3, 0x49, 0xC3, 0x49, 0xC3, 0x49, 0xC3, 0x5A, 0x04, 0x6A, 0x44, 0x72, 0x65, 0x72, 0x65, 0x92, 0xE6, 0x92, 0xE6, 0xCB, 0xE9, 0xEC, 0x6B, 0xFE, 0x34, 0xFE, 0x34, 0x39, 0xC7, 0x4A, 0x49, 0x4A, 0x49},
    {0x4A, 0x49, 0x4A, 0x49, 0x4A, 0x49, 0x39, 0xC7, 0x92, 0xE6, 0x5A, 0x04, 0x82, 0x85, 0x72, 0x65, 0x72, 0x65, 0x82, 0x85, 0x9B, 0x07, 0x9B, 0x07, 0x9B, 0x07, 0x9B, 0x07, 0x9B, 0x07, 0xAB, 0x48, 0xCB, 0xE9, 0xFE, 0x34, 0xFD, 0x2E, 0xDC, 0x4A, 0xFD, 0x2E, 0x4A, 0x49, 0x4A, 0x49, 0x4A, 0x49},
    {0x4A, 0x49, 0x4A, 0x49, 0x4A, 0x49, 0x4A, 0x49, 0x72, 0x65, 0x5A, 0x04, 0x72, 0x65, 0x82, 0x85, 0x9B, 0x07, 0x9B, 0x07, 0xDC, 0x4A, 0xB3, 0x88, 0xCB, 0xE9, 0xCB, 0xE9, 0xCB, 0xE9, 0xBB, 0xC9, 0xFD, 0x90, 0xFD, 0xF3, 0xFE, 0x34, 0xFC, 0xEC, 0xCB, 0xE9, 0x4A, 0x49, 0x4A, 0x49, 0x4A, 0x49},
    {0x4A, 0x49, 0x4A, 0x49, 0x4A, 0x49, 0x4A, 0x49, 0x72, 0x65, 0x72, 0x65, 0x82, 0x85, 0x9B, 0x07, 0xD4, 0x0A, 0xDC, 0x4A, 0xFD, 0x90, 0xDC, 0x4A, 0xFE, 0x34, 0xFD, 0xD2, 0xF4, 0xAB, 0xCB, 0xE9, 0xFD, 0x2E, 0xFE, 0xB7, 0xFD, 0x2E, 0xFD, 0x2E, 0xA3, 0x27, 0x4A, 0x49, 0x4A, 0x49, 0x4A, 0x49},
    {0x4A, 0x49, 0x4A, 0x49, 0x4A, 0x49, 0x4A, 0x49, 0x72, 0x65, 0x72, 0x65, 0x9B, 0x07, 0x9B, 0x07, 0xA3, 0x27, 0xFC, 0xEC, 0xFD, 0x90, 0xF4, 0xAB, 0xFD, 0x2E, 0xFE, 0x34, 0xFD, 0x90, 0xF4, 0xAB, 0xCB, 0xE9, 0xFD, 0xD2, 0xFD, 0x2E, 0xA3, 0x27, 0xA3, 0x27, 0x4A, 0x49, 0x4A, 0x49, 0x4A, 0x49},
  },
  { /* [ 9] FACE4A (VGAGRAPH chunk 130) */
    {0x5B, 0x1F, 0x5B, 0x1F, 0x5B, 0x1F, 0x5B, 0x1F, 0x5B, 0x1F, 0x5B, 0x1F, 0x5B, 0x1F, 0x5B, 0x1F, 0x5B, 0x1F, 0x5B, 0x1F, 0x5B, 0x1F, 0x5B, 0x1F, 0x5B, 0x1F, 0x5B, 0x1F, 0x5B, 0x1F, 0x5B, 0x1F, 0x5B, 0x1F, 0x5B, 0x1F, 0x5B, 0x1F, 0x5B, 0x1F, 0x5B, 0x1F, 0x5B, 0x1F, 0x5B, 0x1F, 0x7C, 0x1F},
    {0x4A, 0x49, 0x4A, 0x49, 0x4A, 0x49, 0x4A, 0x49, 0x4A, 0x49, 0x39, 0xC7, 0x39, 0xC7, 0x39, 0xC7, 0x39, 0xC7, 0x39, 0xC7, 0x39, 0xC7, 0x39, 0xC7, 0x39, 0xC7, 0x39, 0xC7, 0x39, 0xC7, 0x39, 0xC7, 0x39, 0xC7, 0x39, 0xC7, 0x4A, 0x49, 0x4A, 0x49, 0x4A, 0x49, 0x4A, 0x49, 0x4A, 0x49, 0x4A, 0x49},
    {0x4A, 0x49, 0x4A, 0x49, 0x4A, 0x49, 0x4A, 0x49, 0x29, 0x65, 0x9A, 0x60, 0xCB, 0x00, 0xB2, 0xA0, 0xCB, 0x00, 0xCB, 0x00, 0xE3, 0x60, 0xCB, 0x00, 0xE3, 0x60, 0xE3, 0x60, 0xE3, 0x60, 0xE3, 0x60, 0xE3, 0x60, 0xE3, 0x60, 0xCB, 0x00, 0x9A, 0x60, 0x39, 0xC7, 0x4A, 0x49, 0x4A, 0x49, 0x4A, 0x49},
    {0x4A, 0x49, 0x4A, 0x49, 0x4A, 0x49, 0x29, 0x65, 0x9A, 0x60, 0xAA, 0xA0, 0xB2, 0xA0, 0xCB, 0x00, 0xB2, 0xA0, 0xCB, 0x00, 0xCB, 0x00, 0xCB, 0x00, 0xCB, 0x00, 0xCB, 0x00, 0xCB, 0x00, 0xE3, 0x60, 0xFB, 0xC0, 0xE3, 0x60, 0xE3, 0x60, 0xCB, 0x00, 0x9A, 0x60, 0x39, 0xC7, 0x4A, 0x49, 0x4A, 0x49},
    {0x4A, 0x49, 0x4A, 0x49, 0x4A, 0x49, 0x51, 0xE3, 0xAA, 0xA0, 0xAA, 0xA0, 0xAA, 0xA0, 0xAA, 0xA0, 0xAA, 0xA0, 0xAA, 0xA0, 0xAA, 0xA0, 0xAA, 0xA0, 0xAA, 0xA0, 0xB2, 0xA0, 0xB2, 0xA0, 0xCB, 0x00, 0xE3, 0x60, 0xFB, 0xC0, 0xFC, 0x44, 0xFB, 0xC0, 0xCB, 0x00, 0x6A, 0x44, 0x4A, 0x49, 0x4A, 0x49},
    {0x4A, 0x49, 0x4A, 0x49, 0x29, 0x65, 0x9A, 0x60, 0xAA, 0xA0, 0xAA, 0xA0, 0x9A, 0x60, 0x51, 0xE3, 0x72, 0x65, 0x6A, 0x44, 0x6A, 0x44, 0xAA, 0xA0, 0x72, 0x65, 0x72, 0x65, 0x82, 0x85, 0x82, 0x85, 0xCB, 0x00, 0xFB, 0xC0, 0xFC, 0x44, 0xE3, 0x60, 0xE3, 0x60, 0x8A, 0xC6, 0x39, 0xC7, 0x4A, 0x49},
    {0x4A, 0x49, 0x4A, 0x49, 0x29, 0x65, 0x9A, 0x60, 0xAA, 0xA0, 0x9A, 0x60, 0x51, 0xE3, 0x72, 0x65, 0x49, 0xC3, 0x49, 0xC3, 0x72, 0x65, 0x72, 0x65, 0xAA, 0xA0, 0x5A, 0x04, 0x51, 0xE3, 0x72, 0x65, 0x9A, 0x60, 0xE3, 0x60, 0xFB, 0xC0, 0xAA, 0xA0, 0x72, 0x65, 0xCB, 0x00, 0x39, 0xC7, 0x4A, 0x49},
    {0x4A, 0x49, 0x4A, 0x49, 0x29, 0x65, 0x9A, 0x60, 0x9A, 0x60, 0x72, 0x65, 0xA3, 0x27, 0xDC, 0x4A, 0xDC, 0x4A, 0xDC, 0x4A, 0xB3, 0x88, 0x9B, 0x07, 0x72, 0x65, 0x5A, 0x04, 0x39, 0x62, 0x51, 0xE3, 0x72, 0x65, 0xE3, 0x60, 0xAA, 0xA0, 0xA3, 0x27, 0x72, 0x65, 0x9A, 0x60, 0x39, 0xC7, 0x4A, 0x49},
    {0x4A, 0x49, 0x4A, 0x49, 0x29, 0x65, 0x51, 0xE3, 0x9B, 0x07, 0x9B, 0x07, 0xFD, 0x2E, 0xFD, 0xD2, 0xFD, 0xD2, 0xFD, 0x2E, 0xFD, 0x2E, 0xDC, 0x4A, 0xDC, 0x4A, 0xCB, 0xE9, 0xA3, 0x27, 0x9B, 0x07, 0x9B, 0x07, 0xCB, 0x00, 0xFD, 0x90, 0xDC, 0x4A, 0x9B, 0x07, 0x72, 0x65, 0x39, 0xC7, 0x4A, 0x49},
    {0x4A, 0x49, 0x4A, 0x49, 0x29, 0x65, 0x51, 0xE3, 0x9B, 0x07, 0xDC, 0x4A, 0xFE, 0x34, 0xFE, 0x34, 0xFE, 0x34, 0xFE, 0x34, 0xFE, 0x34, 0xFE, 0x34, 0xFD, 0x90, 0xEC, 0x6B, 0xDC, 0x4A, 0xA3, 0x27, 0xFC, 0xEC, 0xAA, 0xA0, 0xFD, 0x90, 0xFE, 0x34, 0xB3, 0x88, 0x51, 0xE3, 0x29, 0x65, 0x4A, 0x49},
    {0x4A, 0x49, 0x4A, 0x49, 0x29, 0x65, 0x51, 0xE3, 0x9B, 0x07, 0xFD, 0x90, 0xFC, 0xEC, 0xFD, 0x2E, 0xFD, 0x90, 0xFE, 0x34, 0xFE, 0x34, 0xFE, 0x34, 0xFE, 0x34, 0xFD, 0x90, 0xEC, 0x6B, 0xCB, 0xE9, 0xFC, 0xEC, 0xFD, 0x90, 0xFE, 0x34, 0xFE, 0x34, 0xDC, 0x4A, 0x51, 0xE3, 0x29, 0x65, 0x4A, 0x49},
    {0x4A, 0x49, 0x4A, 0x49, 0x29, 0x65, 0x41, 0x83, 0xB3, 0x88, 0xDC, 0x4A, 0xFD, 0x90, 0xFE, 0x34, 0xFE, 0xD8, 0xFF, 0x5B, 0xFE, 0xD8, 0xFE, 0x34, 0xFE, 0x34, 0xFE, 0x34, 0xDC, 0x4A, 0xCB, 0xE9, 0xFD, 0x90, 0xFE, 0x34, 0xFF, 0x5B, 0xFD, 0x90, 0xDC, 0x4A, 0x51, 0xE3, 0x29, 0x65, 0x4A, 0x49},
    {0x4A, 0x49, 0x4A, 0x49, 0x29, 0x65, 0x41, 0x83, 0xB3, 0x88, 0xFD, 0x90, 0x39, 0xC7, 0x29, 0x65, 0xAB, 0x48, 0xDC, 0x4A, 0xFD, 0x90, 0xFD, 0xD2, 0xFD, 0xD2, 0xFD, 0x90, 0xFC, 0xEC, 0xDC, 0x4A, 0x4A, 0x49, 0x39, 0xC7, 0x4A, 0x49, 0xFE, 0xD8, 0xDC, 0x4A, 0x41, 0x83, 0x29, 0x65, 0x4A, 0x49},
    {0x4A, 0x49, 0x29, 0x65, 0xFD, 0x2E, 0x29, 0x01, 0xDC, 0x4A, 0x52, 0xAA, 0x73, 0x8E, 0x00, 0x0F, 0x00, 0x00, 0x00, 0x00, 0x00, 0x00, 0xAB, 0x48, 0xAB, 0x48, 0xAB, 0x48, 0x21, 0x04, 0x21, 0x04, 0x21, 0x04, 0x00, 0x0F, 0x73, 0x8E, 0x52, 0xAA, 0xFD, 0x90, 0x29, 0x01, 0xFD, 0x2E, 0x29, 0x65},
    {0x4A, 0x49, 0x29, 0x65, 0xDC, 0x4A, 0x29, 0x01, 0xDC, 0x4A, 0xDC, 0x4A, 0xD6, 0x9A, 0x00, 0x15, 0x00, 0x1F, 0xB5, 0xB6, 0xA8, 0x00, 0xBB, 0xC9, 0xF4, 0xAB, 0xAB, 0x48, 0xA8, 0x00, 0xFB, 0xEF, 0x00, 0x15, 0x00, 0x1F, 0xFB, 0xEF, 0xDC, 0x4A, 0xDC, 0x4A, 0x29, 0x01, 0xFC, 0xEC, 0x29, 0x65},
    {0x4A, 0x49, 0x29, 0x65, 0xB3, 0x88, 0x92, 0xE6, 0xDC, 0x4A, 0xFD, 0xD2, 0xFD, 0x2E, 0xFD, 0x2E, 0xFD, 0x2E, 0xFD, 0x2E, 0xFD, 0xD2, 0xFD, 0x90, 0xFE, 0xB7, 0xFD, 0x2E, 0xFE, 0x34, 0xFD, 0x2E, 0xFD, 0x90, 0xFE, 0x34, 0xFE, 0x34, 0xFE, 0xB7, 0xDC, 0x4A, 0x92, 0xE6, 0xB3, 0x88, 0x29, 0x65},
    {0x4A, 0x49, 0x29, 0x65, 0xDC, 0x4A, 0xFC, 0xEC, 0xFD, 0x2E, 0xFE, 0xB7, 0xFE, 0xB7, 0xFF, 0x5B, 0xFF, 0x5B, 0xFE, 0xB7, 0xFD, 0xD2, 0xFD, 0x2E, 0xFE, 0xD8, 0xFE, 0x34, 0xFE, 0x34, 0xFE, 0xB7, 0xFF, 0x1A, 0xFF, 0x5B, 0xFF, 0x5B, 0xFF, 0x5B, 0xFE, 0xD8, 0xFD, 0xD2, 0xDC, 0x4A, 0x29, 0x65},
    {0x4A, 0x49, 0x29, 0x65, 0xFC, 0xEC, 0xBB, 0xC9, 0xFD, 0x2E, 0xFE, 0x34, 0xFE, 0xB7, 0xFE, 0xB7, 0xFE, 0x34, 0xFE, 0x34, 0xD4, 0x0A, 0xFD, 0x90, 0xFE, 0xB7, 0xFE, 0x34, 0xF4, 0xAB, 0xFE, 0x34, 0xFE, 0xB7, 0xFF, 0x5B, 0xFF, 0x5B, 0xFF, 0x1A, 0xFE, 0xD8, 0xDC, 0x4A, 0xFD, 0x2E, 0x29, 0x65},
    {0x4A, 0x49, 0x4A, 0x49, 0xAB, 0x48, 0x82, 0x85, 0xBB, 0xC9, 0xFD, 0x90, 0xFE, 0x34, 0xFE, 0x34, 0xFE, 0x34, 0xF4, 0xAB, 0xAB, 0x48, 0x8A, 0xC6, 0x8A, 0xC6, 0x8A, 0xC6, 0x9B, 0x07, 0xFD, 0xD2, 0xFE, 0x76, 0xFE, 0xD8, 0xFE, 0xD8, 0xFE, 0xD8, 0xFD, 0xF3, 0xCB, 0xE9, 0xAB, 0x48, 0x4A, 0x49},
    {0x4A, 0x49, 0x4A, 0x49, 0x29, 0x65, 0x82, 0x85, 0xFD, 0x2E, 0xDC, 0x4A, 0xFD, 0x2E, 0xFD, 0xD2, 0xFD, 0xD2, 0xFD, 0x2E, 0xFC, 0xEC, 0xE0, 0x00, 0xD4, 0x0A, 0xE0, 0x00, 0xFD, 0xD2, 0xFD, 0x90, 0xFE, 0x34, 0xFE, 0x34, 0xFE, 0x76, 0xFD, 0xD2, 0xFD, 0x2E, 0xD4, 0x0A, 0x29, 0x65, 0x4A, 0x49},
    {0x4A, 0x49, 0x4A, 0x49, 0x39, 0xC7, 0x82, 0x85, 0xFD, 0x90, 0xFC, 0xEC, 0xFD, 0xD2, 0xFD, 0xD2, 0xF4, 0xAB, 0xFD, 0x90, 0xFD, 0xD2, 0xFD, 0xD2, 0xFD, 0x2E, 0xFA, 0xEB, 0xFE, 0x34, 0xFD, 0x90, 0xF4, 0xAB, 0xFD, 0xD2, 0xFD, 0x2E, 0xFD, 0x2E, 0xFD, 0x2E, 0xAB, 0x48, 0x39, 0xC7, 0x4A, 0x49},
    {0x4A, 0x49, 0x4A, 0x49, 0x4A, 0x49, 0x29, 0x65, 0xFD, 0x90, 0xFD, 0x2E, 0xFD, 0xD2, 0xFE, 0x34, 0xBB, 0xC9, 0x9B, 0x07, 0xBB, 0xC9, 0xD4, 0x0A, 0xD4, 0x0A, 0x98, 0x00, 0x98, 0x00, 0x9B, 0x07, 0xBB, 0xC9, 0xFE, 0x34, 0xFE, 0x34, 0xFD, 0x2E, 0xFD, 0x90, 0xAB, 0x48, 0x4A, 0x49, 0x4A, 0x49},
    {0x4A, 0x49, 0x4A, 0x49, 0x4A, 0x49, 0x29, 0x65, 0xFD, 0x90, 0xFD, 0x90, 0xFE, 0x34, 0xFD, 0x2E, 0xFD, 0x90, 0xFC, 0xEC, 0xFD, 0xD2, 0xFE, 0x34, 0xFA, 0xEB, 0xFA, 0x08, 0xFA, 0x08, 0xF8, 0x00, 0xFA, 0xEB, 0xFD, 0x2E, 0xFE, 0x34, 0xFD, 0xF3, 0xFD, 0xD2, 0x82, 0x85, 0x4A, 0x49, 0x4A, 0x49},
    {0x4A, 0x49, 0x4A, 0x49, 0x4A, 0x49, 0x29, 0x65, 0xDC, 0x4A, 0xFD, 0x90, 0xFE, 0x34, 0xFE, 0x34, 0xFE, 0x34, 0xFD, 0x90, 0xFD, 0x2E, 0xF4, 0xAB, 0xEC, 0x6B, 0xF4, 0xAB, 0xFD, 0x2E, 0xE0, 0x00, 0xFE, 0x34, 0xFE, 0x34, 0xFE, 0x34, 0xFD, 0x90, 0xFD, 0xD2, 0x51, 0xE3, 0x4A, 0x49, 0x4A, 0x49},
    {0x4A, 0x49, 0x4A, 0x49, 0x4A, 0x49, 0x29, 0x65, 0x9B, 0x07, 0xDC, 0x4A, 0xFD, 0xF3, 0xFE, 0x34, 0xFE, 0xB7, 0xFF, 0x5B, 0xFE, 0xB7, 0xFE, 0x34, 0xFE, 0x34, 0xFE, 0x34, 0xFE, 0x34, 0xFB, 0xEF, 0xFF, 0x5B, 0xFE, 0x34, 0xFD, 0x90, 0xFD, 0x2E, 0xFE, 0x34, 0x21, 0x04, 0x4A, 0x49, 0x4A, 0x49},
    {0x4A, 0x49, 0x4A, 0x49, 0x4A, 0x49, 0x29, 0x65, 0x92, 0xE6, 0x9B, 0x07, 0xDC, 0x4A, 0xFD, 0x2E, 0xFE, 0x34, 0xFE, 0x34, 0xFE, 0x34, 0xFD, 0x90, 0xDC, 0x4A, 0xFD, 0x90, 0xFE, 0x34, 0xFE, 0x34, 0xFE, 0x34, 0xFD, 0x2E, 0xF4, 0xAB, 0xFC, 0xEC, 0xFE, 0x34, 0x39, 0xC7, 0x4A, 0x49, 0x4A, 0x49},
    {0x4A, 0x49, 0x4A, 0x49, 0x4A, 0x49, 0x29, 0x65, 0x92, 0xE6, 0x6A, 0x44, 0x9B, 0x07, 0xBB, 0xC9, 0xDC, 0x4A, 0xDC, 0x4A, 0xDC, 0x4A, 0xCB, 0xE9, 0xAB, 0x48, 0xCB, 0xE9, 0xDC, 0x4A, 0xDC, 0x4A, 0xDC, 0x4A, 0xBB, 0xC9, 0x9B, 0x07, 0xFE, 0x34, 0xFE, 0x34, 0x39, 0xC7, 0x4A, 0x49, 0x4A, 0x49},
    {0x4A, 0x49, 0x4A, 0x49, 0x4A, 0x49, 0x39, 0xC7, 0x92, 0xE6, 0x5A, 0x04, 0x6A, 0x44, 0x49, 0xC3, 0x49, 0xC3, 0x49, 0xC3, 0x49, 0xC3, 0x49, 0xC3, 0x5A, 0x04, 0x6A, 0x44, 0x72, 0x65, 0x72, 0x65, 0x92, 0xE6, 0x92, 0xE6, 0xCB, 0xE9, 0xFE, 0x34, 0xFE, 0x34, 0x39, 0xC7, 0x4A, 0x49, 0x4A, 0x49},
    {0x4A, 0x49, 0x4A, 0x49, 0x4A, 0x49, 0x39, 0xC7, 0x92, 0xE6, 0x5A, 0x04, 0x82, 0x85, 0x72, 0x65, 0x72, 0x65, 0x82, 0x85, 0x9B, 0x07, 0x9B, 0x07, 0x9B, 0x07, 0x9B, 0x07, 0x9B, 0x07, 0xAB, 0x48, 0xCB, 0xE9, 0xFE, 0x34, 0xFE, 0x34, 0xCB, 0xE9, 0xFD, 0x2E, 0x4A, 0x49, 0x4A, 0x49, 0x4A, 0x49},
    {0x4A, 0x49, 0x4A, 0x49, 0x4A, 0x49, 0x4A, 0x49, 0x72, 0x65, 0x5A, 0x04, 0x72, 0x65, 0x82, 0x85, 0x9B, 0x07, 0x9B, 0x07, 0xDC, 0x4A, 0xB3, 0x88, 0xCB, 0xE9, 0xCB, 0xE9, 0xCB, 0xE9, 0xAB, 0x48, 0xFD, 0x90, 0xFD, 0xF3, 0xFE, 0x34, 0xFE, 0x34, 0xCB, 0xE9, 0x4A, 0x49, 0x4A, 0x49, 0x4A, 0x49},
    {0x4A, 0x49, 0x4A, 0x49, 0x4A, 0x49, 0x4A, 0x49, 0x72, 0x65, 0x72, 0x65, 0x82, 0x85, 0x9B, 0x07, 0xD4, 0x0A, 0xDC, 0x4A, 0xFD, 0x90, 0xDC, 0x4A, 0xFE, 0x34, 0xFE, 0x34, 0xFD, 0x2E, 0xCB, 0xE9, 0xDC, 0x4A, 0xFE, 0xB7, 0xFD, 0x2E, 0xFD, 0x2E, 0xA3, 0x27, 0x4A, 0x49, 0x4A, 0x49, 0x4A, 0x49},
    {0x4A, 0x49, 0x4A, 0x49, 0x4A, 0x49, 0x4A, 0x49, 0x72, 0x65, 0x72, 0x65, 0x9B, 0x07, 0x9B, 0x07, 0xA3, 0x27, 0xFC, 0xEC, 0xFD, 0x90, 0xDC, 0x4A, 0xFD, 0x2E, 0xFE, 0x34, 0xFD, 0xD2, 0xFD, 0x2E, 0xCB, 0xE9, 0xFD, 0xD2, 0xFD, 0x2E, 0xA3, 0x27, 0xA3, 0x27, 0x4A, 0x49, 0x4A, 0x49, 0x4A, 0x49},
  },
  { /* [10] FACE4B (VGAGRAPH chunk 131) */
    {0x5B, 0x1F, 0x5B, 0x1F, 0x5B, 0x1F, 0x5B, 0x1F, 0x5B, 0x1F, 0x5B, 0x1F, 0x5B, 0x1F, 0x5B, 0x1F, 0x5B, 0x1F, 0x5B, 0x1F, 0x5B, 0x1F, 0x5B, 0x1F, 0x5B, 0x1F, 0x5B, 0x1F, 0x5B, 0x1F, 0x5B, 0x1F, 0x5B, 0x1F, 0x5B, 0x1F, 0x5B, 0x1F, 0x5B, 0x1F, 0x5B, 0x1F, 0x5B, 0x1F, 0x5B, 0x1F, 0x7C, 0x1F},
    {0x4A, 0x49, 0x4A, 0x49, 0x4A, 0x49, 0x4A, 0x49, 0x4A, 0x49, 0x39, 0xC7, 0x39, 0xC7, 0x39, 0xC7, 0x39, 0xC7, 0x39, 0xC7, 0x39, 0xC7, 0x39, 0xC7, 0x39, 0xC7, 0x39, 0xC7, 0x39, 0xC7, 0x39, 0xC7, 0x39, 0xC7, 0x39, 0xC7, 0x4A, 0x49, 0x4A, 0x49, 0x4A, 0x49, 0x4A, 0x49, 0x4A, 0x49, 0x4A, 0x49},
    {0x4A, 0x49, 0x4A, 0x49, 0x4A, 0x49, 0x4A, 0x49, 0x29, 0x65, 0x9A, 0x60, 0xCB, 0x00, 0xB2, 0xA0, 0xCB, 0x00, 0xCB, 0x00, 0xE3, 0x60, 0xCB, 0x00, 0xE3, 0x60, 0xE3, 0x60, 0xE3, 0x60, 0xE3, 0x60, 0xE3, 0x60, 0xE3, 0x60, 0xCB, 0x00, 0x9A, 0x60, 0x39, 0xC7, 0x4A, 0x49, 0x4A, 0x49, 0x4A, 0x49},
    {0x4A, 0x49, 0x4A, 0x49, 0x4A, 0x49, 0x29, 0x65, 0x9A, 0x60, 0xAA, 0xA0, 0xB2, 0xA0, 0xCB, 0x00, 0xB2, 0xA0, 0xCB, 0x00, 0xCB, 0x00, 0xCB, 0x00, 0xCB, 0x00, 0xCB, 0x00, 0xCB, 0x00, 0xE3, 0x60, 0xFB, 0xC0, 0xE3, 0x60, 0xE3, 0x60, 0xCB, 0x00, 0x9A, 0x60, 0x39, 0xC7, 0x4A, 0x49, 0x4A, 0x49},
    {0x4A, 0x49, 0x4A, 0x49, 0x4A, 0x49, 0x51, 0xE3, 0xAA, 0xA0, 0xAA, 0xA0, 0xAA, 0xA0, 0xAA, 0xA0, 0xAA, 0xA0, 0xAA, 0xA0, 0xAA, 0xA0, 0xAA, 0xA0, 0xAA, 0xA0, 0xB2, 0xA0, 0xB2, 0xA0, 0xCB, 0x00, 0xE3, 0x60, 0xFB, 0xC0, 0xFC, 0x44, 0xFB, 0xC0, 0xCB, 0x00, 0x6A, 0x44, 0x4A, 0x49, 0x4A, 0x49},
    {0x4A, 0x49, 0x4A, 0x49, 0x29, 0x65, 0x9A, 0x60, 0xAA, 0xA0, 0xAA, 0xA0, 0x9A, 0x60, 0x51, 0xE3, 0x72, 0x65, 0x6A, 0x44, 0x6A, 0x44, 0xAA, 0xA0, 0x72, 0x65, 0x72, 0x65, 0x82, 0x85, 0x82, 0x85, 0xCB, 0x00, 0xFB, 0xC0, 0xFC, 0x44, 0xE3, 0x60, 0xE3, 0x60, 0x8A, 0xC6, 0x39, 0xC7, 0x4A, 0x49},
    {0x4A, 0x49, 0x4A, 0x49, 0x29, 0x65, 0x9A, 0x60, 0xAA, 0xA0, 0x9A, 0x60, 0x51, 0xE3, 0x72, 0x65, 0x49, 0xC3, 0x49, 0xC3, 0x72, 0x65, 0x72, 0x65, 0xAA, 0xA0, 0x5A, 0x04, 0x51, 0xE3, 0x72, 0x65, 0x9A, 0x60, 0xE3, 0x60, 0xFB, 0xC0, 0xAA, 0xA0, 0x72, 0x65, 0xCB, 0x00, 0x39, 0xC7, 0x4A, 0x49},
    {0x4A, 0x49, 0x4A, 0x49, 0x29, 0x65, 0x9A, 0x60, 0x9A, 0x60, 0x72, 0x65, 0xA3, 0x27, 0xDC, 0x4A, 0xDC, 0x4A, 0xDC, 0x4A, 0xB3, 0x88, 0x9B, 0x07, 0x72, 0x65, 0x5A, 0x04, 0x39, 0x62, 0x51, 0xE3, 0x72, 0x65, 0xE3, 0x60, 0xAA, 0xA0, 0xA3, 0x27, 0x72, 0x65, 0x9A, 0x60, 0x39, 0xC7, 0x4A, 0x49},
    {0x4A, 0x49, 0x4A, 0x49, 0x29, 0x65, 0x51, 0xE3, 0x9B, 0x07, 0x9B, 0x07, 0xFD, 0x2E, 0xFD, 0xD2, 0xFD, 0xD2, 0xFD, 0x2E, 0xFD, 0x2E, 0xDC, 0x4A, 0xDC, 0x4A, 0xCB, 0xE9, 0xA3, 0x27, 0x9B, 0x07, 0x9B, 0x07, 0xCB, 0x00, 0xFD, 0x90, 0xDC, 0x4A, 0x9B, 0x07, 0x72, 0x65, 0x39, 0xC7, 0x4A, 0x49},
    {0x4A, 0x49, 0x4A, 0x49, 0x29, 0x65, 0x51, 0xE3, 0x9B, 0x07, 0xCB, 0xE9, 0xDC, 0x4A, 0xFC, 0xEC, 0xFD, 0x2E, 0xFD, 0x90, 0xFE, 0x34, 0xFE, 0x34, 0xFD, 0x90, 0xEC, 0x6B, 0xDC, 0x4A, 0xA3, 0x27, 0xFC, 0xEC, 0xAA, 0xA0, 0xFD, 0x90, 0xFE, 0x34, 0xB3, 0x88, 0x51, 0xE3, 0x29, 0x65, 0x4A, 0x49},
    {0x4A, 0x49, 0x4A, 0x49, 0x29, 0x65, 0x51, 0xE3, 0x9B, 0x07, 0xFD, 0x90, 0xFD, 0x2E, 0xFD, 0x90, 0xFD, 0xD2, 0xFE, 0x34, 0xFE, 0x34, 0xFE, 0x34, 0xFE, 0x34, 0xFD, 0x90, 0xEC, 0x6B, 0xCB, 0xE9, 0xFC, 0xEC, 0xFD, 0x90, 0xFE, 0x34, 0xFE, 0x34, 0xDC, 0x4A, 0x51, 0xE3, 0x29, 0x65, 0x4A, 0x49},
    {0x4A, 0x49, 0x4A, 0x49, 0x29, 0x65, 0x41, 0x83, 0xB3, 0x88, 0xDC, 0x4A, 0x4A, 0x49, 0x29, 0x65, 0x52, 0xAA, 0x73, 0x8E, 0xFE, 0xD8, 0xFE, 0x34, 0xFE, 0x34, 0xFE, 0x34, 0xDC, 0x4A, 0xCB, 0xE9, 0xFD, 0x90, 0xFE, 0x34, 0xFF, 0x5B, 0xFD, 0x90, 0xDC, 0x4A, 0x51, 0xE3, 0x29, 0x65, 0x4A, 0x49},
    {0x4A, 0x49, 0x29, 0x65, 0xAB, 0x48, 0x41, 0x83, 0xB3, 0x88, 0x52, 0xAA, 0x92, 0xE6, 0x72, 0x65, 0x51, 0xE3, 0x51, 0xE3, 0x73, 0x8E, 0xFD, 0xD2, 0xFD, 0xD2, 0xFD, 0x90, 0xFC, 0xEC, 0xDC, 0x4A, 0x4A, 0x49, 0x39, 0xC7, 0x39, 0xC7, 0xFE, 0xD8, 0xDC, 0x4A, 0x41, 0x83, 0x29, 0x65, 0x4A, 0x49},
    {0x4A, 0x49, 0x29, 0x65, 0xDC, 0x4A, 0x29, 0x01, 0xDC, 0x4A, 0xBB, 0xC9, 0x00, 0x0C, 0x00, 0x0C, 0x7B, 0xEF, 0x4A, 0x49, 0x51, 0xE3, 0xAB, 0x48, 0xAB, 0x48, 0xAB, 0x48, 0x21, 0x04, 0x21, 0x04, 0x21, 0x04, 0x52, 0xAA, 0x73, 0x8E, 0x52, 0xAA, 0xFD, 0x90, 0x29, 0x01, 0xCB, 0xE9, 0x29, 0x65},
    {0x4A, 0x49, 0x29, 0x65, 0xB3, 0x88, 0x92, 0xE6, 0xDC, 0x4A, 0xDC, 0x4A, 0x00, 0x15, 0x00, 0x14, 0xEF, 0x7D, 0xC6, 0x18, 0xA8, 0x00, 0xBB, 0xC9, 0xF4, 0xAB, 0xAB, 0x48, 0xA8, 0x00, 0x00, 0x15, 0x00, 0x1F, 0xFC, 0xF3, 0xFA, 0x08, 0xFD, 0x90, 0xDC, 0x4A, 0x29, 0x01, 0xFC, 0xEC, 0x29, 0x65},
    {0x4A, 0x49, 0x29, 0x65, 0xDC, 0x4A, 0xFC, 0xEC, 0xDC, 0x4A, 0xFD, 0xD2, 0xFD, 0x90, 0xFD, 0x2E, 0xFD, 0x2E, 0xFD, 0x90, 0xFD, 0xD2, 0xFD, 0x90, 0xFE, 0xB7, 0xFD, 0x2E, 0xFE, 0x34, 0xFD, 0x90, 0xFD, 0x90, 0xFD, 0xD2, 0xFE, 0x34, 0xFE, 0x76, 0xFD, 0x90, 0x92, 0xE6, 0xBB, 0xC9, 0x29, 0x65},
    {0x4A, 0x49, 0x29, 0x65, 0xFC, 0xEC, 0xBB, 0xC9, 0xFD, 0x2E, 0xFE, 0xB7, 0xFE, 0xB7, 0xFF, 0x5B, 0xFF, 0x5B, 0xFE, 0xB7, 0xFD, 0xD2, 0xFD, 0x2E, 0xFE, 0xD8, 0xFE, 0x34, 0xFE, 0x34, 0xFE, 0x34, 0xFE, 0xB7, 0xFF, 0x5B, 0xFF, 0x5B, 0xFF, 0x1A, 0xFE, 0xB7, 0xFD, 0x2E, 0xDC, 0x4A, 0x29, 0x65},
    {0x4A, 0x49, 0x4A, 0x49, 0xBB, 0xC9, 0x82, 0x85, 0xFD, 0x2E, 0xFE, 0x34, 0xFE, 0xB7, 0xFE, 0xB7, 0xFE, 0x34, 0xFE, 0x34, 0xD4, 0x0A, 0xFD, 0x90, 0xFE, 0xB7, 0xFE, 0x34, 0xF4, 0xAB, 0xFE, 0x34, 0xFE, 0xD8, 0xFF, 0x5B, 0xFF, 0x5B, 0xFF, 0x1A, 0xFE, 0xB7, 0xFD, 0x90, 0xFC, 0xEC, 0x29, 0x65},
    {0x4A, 0x49, 0x4A, 0x49, 0x29, 0x65, 0x82, 0x85, 0xBB, 0xC9, 0xFD, 0x90, 0xFE, 0x34, 0xFE, 0x34, 0xFE, 0x34, 0xF4, 0xAB, 0xAB, 0x48, 0x8A, 0xC6, 0x8A, 0xC6, 0x8A, 0xC6, 0x9B, 0x07, 0xFD, 0xD2, 0xFE, 0x34, 0xFE, 0xD8, 0xFE, 0xD8, 0xFE, 0xD8, 0xFE, 0xB7, 0xBB, 0xC9, 0xCB, 0xE9, 0x4A, 0x49},
    {0x4A, 0x49, 0x4A, 0x49, 0x39, 0xC7, 0x82, 0x85, 0xFD, 0x2E, 0xDC, 0x4A, 0xFD, 0x90, 0xFD, 0xD2, 0xFD, 0xD2, 0xFD, 0x2E, 0xFC, 0xEC, 0xE0, 0x00, 0xD4, 0x0A, 0xE0, 0x00, 0xFD, 0xD2, 0xFD, 0x2E, 0xFD, 0xD2, 0xFE, 0x34, 0xFD, 0xF3, 0xFD, 0xF3, 0xFD, 0xF3, 0xAB, 0x48, 0x29, 0x65, 0x4A, 0x49},
    {0x4A, 0x49, 0x4A, 0x49, 0x4A, 0x49, 0x82, 0x85, 0xFC, 0xEC, 0xFC, 0xEC, 0xFD, 0x2E, 0xFD, 0xD2, 0xFD, 0x90, 0xF4, 0xAB, 0xFD, 0xD2, 0xFD, 0xD2, 0xFD, 0x90, 0xFA, 0xEB, 0xFB, 0xEF, 0xFD, 0x90, 0xF4, 0xAB, 0xFD, 0xD2, 0xFE, 0x34, 0xFD, 0x90, 0xFD, 0x2E, 0xA3, 0x27, 0x39, 0xC7, 0x4A, 0x49},
    {0x4A, 0x49, 0x4A, 0x49, 0x4A, 0x49, 0x29, 0x65, 0xFC, 0xEC, 0xFD, 0x2E, 0xFD, 0x2E, 0xFE, 0x34, 0xFD, 0x2E, 0xBB, 0xC9, 0x9B, 0x07, 0xBB, 0xC9, 0xD4, 0x0A, 0xB0, 0x00, 0x98, 0x00, 0x88, 0x00, 0x9B, 0x07, 0xFD, 0x2E, 0xFE, 0x34, 0xFD, 0x2E, 0xFD, 0x2E, 0x92, 0xE6, 0x4A, 0x49, 0x4A, 0x49},
    {0x4A, 0x49, 0x4A, 0x49, 0x4A, 0x49, 0x29, 0x65, 0xCB, 0xE9, 0xFD, 0x90, 0xFD, 0x90, 0xFE, 0x34, 0xFD, 0x90, 0xFD, 0x2E, 0xFC, 0xEC, 0xFD, 0xD2, 0xFE, 0x34, 0xFB, 0xEF, 0xFA, 0xEB, 0xFA, 0xEB, 0xF9, 0x04, 0xFB, 0xEF, 0xFE, 0x34, 0xFD, 0xD2, 0xFD, 0x2E, 0x6A, 0x44, 0x4A, 0x49, 0x4A, 0x49},
    {0x4A, 0x49, 0x4A, 0x49, 0x4A, 0x49, 0x29, 0x65, 0x9B, 0x07, 0xDC, 0x4A, 0xFD, 0x90, 0xFE, 0x34, 0xFE, 0x34, 0xFE, 0x34, 0xFD, 0x90, 0xFD, 0x2E, 0xF4, 0xAB, 0xEC, 0x6B, 0xF4, 0xAB, 0xFD, 0x2E, 0xD0, 0x00, 0xFE, 0x34, 0xFE, 0x34, 0xFD, 0xD2, 0xFD, 0x90, 0x49, 0xC3, 0x4A, 0x49, 0x4A, 0x49},
    {0x4A, 0x49, 0x4A, 0x49, 0x4A, 0x49, 0x29, 0x65, 0x9B, 0x07, 0x9B, 0x07, 0xDC, 0x4A, 0xFD, 0xF3, 0xFE, 0x34, 0xFE, 0xB7, 0xFF, 0x5B, 0xFE, 0xB7, 0xFE, 0x34, 0xFE, 0x34, 0xFE, 0x34, 0xFE, 0x34, 0xFB, 0xEF, 0xFF, 0x5B, 0xFE, 0x34, 0xFD, 0x90, 0xFD, 0x2E, 0x21, 0x04, 0x4A, 0x49, 0x4A, 0x49},
    {0x4A, 0x49, 0x4A, 0x49, 0x4A, 0x49, 0x29, 0x65, 0x92, 0xE6, 0x9B, 0x07, 0x92, 0xE6, 0xDC, 0x4A, 0xFD, 0x2E, 0xFE, 0x34, 0xFE, 0x34, 0xFE, 0x34, 0xFD, 0x90, 0xDC, 0x4A, 0xFD, 0x90, 0xFE, 0x34, 0xFE, 0x34, 0xFE, 0x34, 0xFD, 0x2E, 0xF4, 0xAB, 0xFD, 0xD2, 0x39, 0xC7, 0x4A, 0x49, 0x4A, 0x49},
    {0x4A, 0x49, 0x4A, 0x49, 0x4A, 0x49, 0x29, 0x65, 0x92, 0xE6, 0x6A, 0x44, 0x92, 0xE6, 0x9B, 0x07, 0xBB, 0xC9, 0xDC, 0x4A, 0xDC, 0x4A, 0xDC, 0x4A, 0xCB, 0xE9, 0xAB, 0x48, 0xCB, 0xE9, 0xDC, 0x4A, 0xDC, 0x4A, 0xDC, 0x4A, 0xBB, 0xC9, 0xB3, 0x88, 0xFE, 0x34, 0x39, 0xC7, 0x4A, 0x49, 0x4A, 0x49},
    {0x4A, 0x49, 0x4A, 0x49, 0x4A, 0x49, 0x39, 0xC7, 0x92, 0xE6, 0x5A, 0x04, 0x92, 0xE6, 0x6A, 0x44, 0x49, 0xC3, 0x49, 0xC3, 0x49, 0xC3, 0x49, 0xC3, 0x49, 0xC3, 0x5A, 0x04, 0x6A, 0x44, 0x72, 0x65, 0x8A, 0xC6, 0x92, 0xE6, 0xAB, 0x48, 0xCB, 0xE9, 0xFE, 0x34, 0x39, 0xC7, 0x4A, 0x49, 0x4A, 0x49},
    {0x4A, 0x49, 0x4A, 0x49, 0x4A, 0x49, 0x39, 0xC7, 0x92, 0xE6, 0x5A, 0x04, 0x82, 0x85, 0x72, 0x65, 0x72, 0x65, 0x82, 0x85, 0x9B, 0x07, 0x9B, 0x07, 0x9B, 0x07, 0x9B, 0x07, 0x9B, 0x07, 0xAB, 0x48, 0xCB, 0xE9, 0xFE, 0x34, 0xFE, 0x34, 0xEC, 0x6B, 0xFD, 0x2E, 0x4A, 0x49, 0x4A, 0x49, 0x4A, 0x49},
    {0x4A, 0x49, 0x4A, 0x49, 0x4A, 0x49, 0x4A, 0x49, 0x72, 0x65, 0x5A, 0x04, 0x72, 0x65, 0x82, 0x85, 0x9B, 0x07, 0x9B, 0x07, 0xDC, 0x4A, 0xB3, 0x88, 0xCB, 0xE9, 0xCB, 0xE9, 0xCB, 0xE9, 0xAB, 0x48, 0xFD, 0x90, 0xFD, 0xF3, 0xFE, 0x34, 0xFE, 0x34, 0xDC, 0x4A, 0x4A, 0x49, 0x4A, 0x49, 0x4A, 0x49},
    {0x4A, 0x49, 0x4A, 0x49, 0x4A, 0x49, 0x4A, 0x49, 0x72, 0x65, 0x72, 0x65, 0x82, 0x85, 0x9B, 0x07, 0xD4, 0x0A, 0xDC, 0x4A, 0xFD, 0x90, 0xDC, 0x4A, 0xFE, 0x34, 0xFE, 0x34, 0xFD, 0x2E, 0xCB, 0xE9, 0xDC, 0x4A, 0xFE, 0xB7, 0xFD, 0xD2, 0xFD, 0x90, 0xBB, 0xC9, 0x4A, 0x49, 0x4A, 0x49, 0x4A, 0x49},
    {0x4A, 0x49, 0x4A, 0x49, 0x4A, 0x49, 0x4A, 0x49, 0x72, 0x65, 0x72, 0x65, 0x9B, 0x07, 0x9B, 0x07, 0xA3, 0x27, 0xFC, 0xEC, 0xFD, 0x90, 0xDC, 0x4A, 0xFD, 0x2E, 0xFE, 0x34, 0xFD, 0xD2, 0xFD, 0x2E, 0xCB, 0xE9, 0xFD, 0xD2, 0xFD, 0x2E, 0xBB, 0xC9, 0xA3, 0x27, 0x4A, 0x49, 0x4A, 0x49, 0x4A, 0x49},
  },
  { /* [11] FACE4C (VGAGRAPH chunk 132) */
    {0x5B, 0x1F, 0x5B, 0x1F, 0x5B, 0x1F, 0x5B, 0x1F, 0x5B, 0x1F, 0x5B, 0x1F, 0x5B, 0x1F, 0x5B, 0x1F, 0x5B, 0x1F, 0x5B, 0x1F, 0x5B, 0x1F, 0x5B, 0x1F, 0x5B, 0x1F, 0x5B, 0x1F, 0x5B, 0x1F, 0x5B, 0x1F, 0x5B, 0x1F, 0x5B, 0x1F, 0x5B, 0x1F, 0x5B, 0x1F, 0x5B, 0x1F, 0x5B, 0x1F, 0x5B, 0x1F, 0x7C, 0x1F},
    {0x4A, 0x49, 0x4A, 0x49, 0x4A, 0x49, 0x4A, 0x49, 0x4A, 0x49, 0x39, 0xC7, 0x39, 0xC7, 0x39, 0xC7, 0x39, 0xC7, 0x39, 0xC7, 0x39, 0xC7, 0x39, 0xC7, 0x39, 0xC7, 0x39, 0xC7, 0x39, 0xC7, 0x39, 0xC7, 0x39, 0xC7, 0x39, 0xC7, 0x4A, 0x49, 0x4A, 0x49, 0x4A, 0x49, 0x4A, 0x49, 0x4A, 0x49, 0x4A, 0x49},
    {0x4A, 0x49, 0x4A, 0x49, 0x4A, 0x49, 0x4A, 0x49, 0x29, 0x65, 0x9A, 0x60, 0xCB, 0x00, 0xB2, 0xA0, 0xCB, 0x00, 0xCB, 0x00, 0xE3, 0x60, 0xCB, 0x00, 0xE3, 0x60, 0xE3, 0x60, 0xE3, 0x60, 0xE3, 0x60, 0xE3, 0x60, 0xE3, 0x60, 0xCB, 0x00, 0x9A, 0x60, 0x39, 0xC7, 0x4A, 0x49, 0x4A, 0x49, 0x4A, 0x49},
    {0x4A, 0x49, 0x4A, 0x49, 0x4A, 0x49, 0x29, 0x65, 0x9A, 0x60, 0xAA, 0xA0, 0xB2, 0xA0, 0xCB, 0x00, 0xB2, 0xA0, 0xCB, 0x00, 0xCB, 0x00, 0xCB, 0x00, 0xCB, 0x00, 0xCB, 0x00, 0xCB, 0x00, 0xE3, 0x60, 0xFB, 0xC0, 0xE3, 0x60, 0xE3, 0x60, 0xCB, 0x00, 0x9A, 0x60, 0x39, 0xC7, 0x4A, 0x49, 0x4A, 0x49},
    {0x4A, 0x49, 0x4A, 0x49, 0x4A, 0x49, 0x51, 0xE3, 0xAA, 0xA0, 0xAA, 0xA0, 0xAA, 0xA0, 0xAA, 0xA0, 0xAA, 0xA0, 0xAA, 0xA0, 0xAA, 0xA0, 0xAA, 0xA0, 0xAA, 0xA0, 0xB2, 0xA0, 0xB2, 0xA0, 0xCB, 0x00, 0xE3, 0x60, 0xFB, 0xC0, 0xFC, 0x44, 0xFB, 0xC0, 0xCB, 0x00, 0x6A, 0x44, 0x4A, 0x49, 0x4A, 0x49},
    {0x4A, 0x49, 0x4A, 0x49, 0x29, 0x65, 0x9A, 0x60, 0xAA, 0xA0, 0xAA, 0xA0, 0x9A, 0x60, 0x51, 0xE3, 0x72, 0x65, 0x6A, 0x44, 0x6A, 0x44, 0xAA, 0xA0, 0x72, 0x65, 0x72, 0x65, 0x82, 0x85, 0x82, 0x85, 0xCB, 0x00, 0xFB, 0xC0, 0xFC, 0x44, 0xE3, 0x60, 0xE3, 0x60, 0x8A, 0xC6, 0x39, 0xC7, 0x4A, 0x49},
    {0x4A, 0x49, 0x4A, 0x49, 0x29, 0x65, 0x9A, 0x60, 0xAA, 0xA0, 0x9A, 0x60, 0x51, 0xE3, 0x72, 0x65, 0x49, 0xC3, 0x49, 0xC3, 0x72, 0x65, 0x72, 0x65, 0xAA, 0xA0, 0x5A, 0x04, 0x51, 0xE3, 0x72, 0x65, 0x9A, 0x60, 0xE3, 0x60, 0xFB, 0xC0, 0xAA, 0xA0, 0x72, 0x65, 0xCB, 0x00, 0x39, 0xC7, 0x4A, 0x49},
    {0x4A, 0x49, 0x4A, 0x49, 0x29, 0x65, 0x9A, 0x60, 0x9A, 0x60, 0x72, 0x65, 0xA3, 0x27, 0xDC, 0x4A, 0xDC, 0x4A, 0xDC, 0x4A, 0xB3, 0x88, 0x9B, 0x07, 0x72, 0x65, 0x5A, 0x04, 0x39, 0x62, 0x51, 0xE3, 0x72, 0x65, 0xE3, 0x60, 0xAA, 0xA0, 0xA3, 0x27, 0x72, 0x65, 0x9A, 0x60, 0x39, 0xC7, 0x4A, 0x49},
    {0x4A, 0x49, 0x4A, 0x49, 0x29, 0x65, 0x51, 0xE3, 0x9B, 0x07, 0x9B, 0x07, 0xFD, 0x2E, 0xFD, 0xD2, 0xFD, 0xD2, 0xFD, 0x2E, 0xFD, 0x2E, 0xDC, 0x4A, 0xDC, 0x4A, 0xCB, 0xE9, 0xA3, 0x27, 0x9B, 0x07, 0x9B, 0x07, 0xCB, 0x00, 0xFD, 0x90, 0xDC, 0x4A, 0x9B, 0x07, 0x72, 0x65, 0x39, 0xC7, 0x4A, 0x49},
    {0x4A, 0x49, 0x4A, 0x49, 0x29, 0x65, 0x51, 0xE3, 0x9B, 0x07, 0xDC, 0x4A, 0xFE, 0x34, 0xFE, 0x34, 0xFE, 0x34, 0xFE, 0x34, 0xFE, 0x34, 0xFE, 0x34, 0xFD, 0x90, 0xEC, 0x6B, 0xDC, 0x4A, 0xA3, 0x27, 0xFC, 0xEC, 0xAA, 0xA0, 0xFC, 0xEC, 0xFE, 0x34, 0xB3, 0x88, 0x51, 0xE3, 0x29, 0x65, 0x4A, 0x49},
    {0x4A, 0x49, 0x4A, 0x49, 0x29, 0x65, 0x51, 0xE3, 0x9B, 0x07, 0xFD, 0x90, 0xFC, 0xEC, 0xFD, 0x2E, 0xFD, 0x90, 0xFE, 0x34, 0xFE, 0x34, 0xFE, 0x34, 0xFD, 0x90, 0xFD, 0x2E, 0xEC, 0x6B, 0xCB, 0xE9, 0xFC, 0xEC, 0xFD, 0x90, 0xFE, 0xD8, 0xF4, 0xAB, 0xDC, 0x4A, 0x51, 0xE3, 0x29, 0x65, 0x4A, 0x49},
    {0x4A, 0x49, 0x4A, 0x49, 0x29, 0x65, 0x41, 0x83, 0xB3, 0x88, 0xDC, 0x4A, 0xFD, 0x90, 0xFE, 0x34, 0xFE, 0xD8, 0xFF, 0x5B, 0xFE, 0xD8, 0xFE, 0x34, 0xFE, 0x34, 0xFD, 0xD2, 0xDC, 0x4A, 0x21, 0x04, 0x29, 0x65, 0x29, 0x65, 0x4A, 0x49, 0xFE, 0xD8, 0xDC, 0x4A, 0x51, 0xE3, 0x29, 0x65, 0x4A, 0x49},
    {0x4A, 0x49, 0x4A, 0x49, 0x29, 0x65, 0x41, 0x83, 0xB3, 0x88, 0xFD, 0x90, 0x39, 0xC7, 0x39, 0xC7, 0x4A, 0x49, 0xAB, 0x48, 0xDC, 0x4A, 0xFD, 0xD2, 0xFD, 0x2E, 0xD4, 0x0A, 0x21, 0x04, 0x49, 0xC3, 0x5A, 0x04, 0x6A, 0x44, 0xBB, 0xC9, 0x63, 0x2C, 0xDC, 0x4A, 0x41, 0x83, 0x92, 0xE6, 0x4A, 0x49},
    {0x4A, 0x49, 0x29, 0x65, 0xCB, 0xE9, 0x29, 0x01, 0xDC, 0x4A, 0x4A, 0x49, 0x73, 0x8E, 0x52, 0xAA, 0x21, 0x04, 0x21, 0x04, 0x21, 0x04, 0xAB, 0x48, 0xAB, 0x48, 0xAB, 0x48, 0x72, 0x65, 0x39, 0xC7, 0x63, 0x2C, 0x7B, 0xEF, 0x00, 0x0C, 0xFD, 0x2E, 0xFD, 0x90, 0x29, 0x01, 0xFD, 0x90, 0x29, 0x65},
    {0x4A, 0x49, 0x29, 0x65, 0xEC, 0x6B, 0x29, 0x01, 0xDC, 0x4A, 0xDC, 0x4A, 0xB5, 0xB6, 0xD6, 0x9A, 0x00, 0x15, 0x00, 0x1F, 0xA8, 0x00, 0xBB, 0xC9, 0xF4, 0xAB, 0xAB, 0x48, 0xA8, 0x00, 0xFA, 0x08, 0xFC, 0xF3, 0x00, 0x19, 0x21, 0x3F, 0xFD, 0x2E, 0xDC, 0x4A, 0x72, 0x65, 0xEC, 0x6B, 0x29, 0x65},
    {0x4A, 0x49, 0x29, 0x65, 0xBB, 0xC9, 0x92, 0xE6, 0xDC, 0x4A, 0xFD, 0xD2, 0xFD, 0x2E, 0xFD, 0x2E, 0xFD, 0x2E, 0xFD, 0x2E, 0xFD, 0xD2, 0xFD, 0x90, 0xFE, 0xB7, 0xFD, 0x2E, 0xFE, 0x34, 0xFD, 0x2E, 0xFD, 0xD2, 0xFD, 0xD2, 0xFE, 0x34, 0xFE, 0x76, 0xFD, 0x90, 0xB3, 0x88, 0xCB, 0xE9, 0x29, 0x65},
    {0x4A, 0x49, 0x29, 0x65, 0xDC, 0x4A, 0xFC, 0xEC, 0xFD, 0x2E, 0xFE, 0xB7, 0xFE, 0xB7, 0xFF, 0x5B, 0xFF, 0x5B, 0xFE, 0xB7, 0xFD, 0xD2, 0xFD, 0x2E, 0xFE, 0xD8, 0xFE, 0x34, 0xFE, 0x34, 0xFE, 0x34, 0xFE, 0xD8, 0xFF, 0x5B, 0xFF, 0x5B, 0xFF, 0x5B, 0xFE, 0xD8, 0xFD, 0x90, 0xFC, 0xEC, 0x29, 0x65},
    {0x4A, 0x49, 0x29, 0x65, 0xFC, 0xEC, 0xBB, 0xC9, 0xFD, 0x2E, 0xFE, 0x34, 0xFE, 0xB7, 0xFE, 0xB7, 0xFE, 0x34, 0xFE, 0x34, 0xD4, 0x0A, 0xFD, 0x90, 0xFE, 0xB7, 0xFE, 0x34, 0xF4, 0xAB, 0xFE, 0x34, 0xFE, 0xD8, 0xFF, 0x5B, 0xFF, 0x5B, 0xFF, 0x5B, 0xFE, 0xD8, 0xF4, 0xAB, 0xFC, 0xEC, 0x29, 0x65},
    {0x4A, 0x49, 0x4A, 0x49, 0xB3, 0x88, 0x82, 0x85, 0xBB, 0xC9, 0xFD, 0x90, 0xFE, 0x34, 0xFE, 0x34, 0xFE, 0x34, 0xF4, 0xAB, 0xAB, 0x48, 0x8A, 0xC6, 0x8A, 0xC6, 0x8A, 0xC6, 0x9B, 0x07, 0xFD, 0xD2, 0xFE, 0x76, 0xFE, 0xD8, 0xFE, 0xD8, 0xFE, 0xD8, 0xFE, 0x76, 0xCB, 0xE9, 0x72, 0x65, 0x4A, 0x49},
    {0x4A, 0x49, 0x4A, 0x49, 0x72, 0x65, 0x82, 0x85, 0xEC, 0x6B, 0xDC, 0x4A, 0xFD, 0x2E, 0xFD, 0xD2, 0xFE, 0x34, 0xFD, 0x2E, 0xFC, 0xEC, 0xE0, 0x00, 0xDC, 0x4A, 0xE0, 0x00, 0xFD, 0xD2, 0xFD, 0x90, 0xFE, 0x34, 0xFE, 0x34, 0xFE, 0x34, 0xFE, 0x34, 0xFD, 0x90, 0xB3, 0x88, 0x29, 0x65, 0x4A, 0x49},
    {0x4A, 0x49, 0x4A, 0x49, 0x39, 0xC7, 0x82, 0x85, 0xFD, 0x2E, 0xFC, 0xEC, 0xFD, 0xD2, 0xFE, 0x34, 0xF4, 0xAB, 0xFD, 0x90, 0xFD, 0xD2, 0xFD, 0x2E, 0xFA, 0xEB, 0xFA, 0xEB, 0xFE, 0x34, 0xF4, 0xAB, 0xFD, 0x90, 0xFE, 0x34, 0xFD, 0xD2, 0xFD, 0x90, 0xF4, 0xAB, 0x9B, 0x07, 0x39, 0xC7, 0x4A, 0x49},
    {0x4A, 0x49, 0x4A, 0x49, 0x39, 0xC7, 0x82, 0x85, 0xFD, 0x90, 0xFD, 0x2E, 0xFD, 0xD2, 0xFE, 0x34, 0x9B, 0x07, 0xB3, 0x88, 0xBB, 0xC9, 0xD4, 0x0A, 0x88, 0x00, 0x88, 0x00, 0x9B, 0x07, 0xBB, 0xC9, 0xFD, 0x90, 0xFE, 0x34, 0xFD, 0xD2, 0xFD, 0x2E, 0xFD, 0x90, 0x8A, 0xC6, 0x4A, 0x49, 0x4A, 0x49},
    {0x4A, 0x49, 0x4A, 0x49, 0x39, 0xC7, 0x82, 0x85, 0xFD, 0x90, 0xFE, 0x34, 0xFD, 0x2E, 0xFD, 0x90, 0xFC, 0xEC, 0xFD, 0xD2, 0xFE, 0x34, 0xFC, 0xF3, 0xFB, 0xEF, 0xFA, 0x08, 0xE8, 0x00, 0xFB, 0xEF, 0xFD, 0x90, 0xFE, 0x34, 0xFD, 0xF3, 0xFD, 0xD2, 0xFD, 0xD2, 0x6A, 0x44, 0x4A, 0x49, 0x4A, 0x49},
    {0x4A, 0x49, 0x4A, 0x49, 0x4A, 0x49, 0x82, 0x85, 0xFD, 0x90, 0xFE, 0x34, 0xFE, 0x34, 0xFE, 0x34, 0xFD, 0x90, 0xFD, 0x2E, 0xF4, 0xAB, 0xEC, 0x6B, 0xF4, 0xAB, 0xFD, 0x2E, 0xB0, 0x00, 0xFE, 0x34, 0xFE, 0x34, 0xFE, 0x34, 0xFD, 0x90, 0xFD, 0x90, 0xFD, 0xD2, 0x21, 0x04, 0x4A, 0x49, 0x4A, 0x49},
    {0x4A, 0x49, 0x4A, 0x49, 0x4A, 0x49, 0x29, 0x65, 0xDC, 0x4A, 0xFD, 0xF3, 0xFE, 0x34, 0xFE, 0xB7, 0xFF, 0x5B, 0xFE, 0xB7, 0xFE, 0x34, 0xFE, 0x34, 0xFE, 0x34, 0xFE, 0x34, 0xFB, 0xEF, 0xFF, 0x5B, 0xFE, 0x34, 0xFD, 0x90, 0xFD, 0x2E, 0xFD, 0xD2, 0xFE, 0x34, 0x21, 0x04, 0x4A, 0x49, 0x4A, 0x49},
    {0x4A, 0x49, 0x4A, 0x49, 0x4A, 0x49, 0x29, 0x65, 0x9B, 0x07, 0xDC, 0x4A, 0xFD, 0x2E, 0xFE, 0x34, 0xFE, 0x34, 0xFE, 0x34, 0xFD, 0x90, 0xDC, 0x4A, 0xFD, 0x90, 0xFE, 0x34, 0xFE, 0x34, 0xFE, 0x34, 0xFD, 0x2E, 0xF4, 0xAB, 0xFC, 0xEC, 0xFE, 0x34, 0xFE, 0x34, 0x39, 0xC7, 0x4A, 0x49, 0x4A, 0x49},
    {0x4A, 0x49, 0x4A, 0x49, 0x4A, 0x49, 0x29, 0x65, 0x6A, 0x44, 0x9B, 0x07, 0xBB, 0xC9, 0xDC, 0x4A, 0xDC, 0x4A, 0xDC, 0x4A, 0xCB, 0xE9, 0xAB, 0x48, 0xCB, 0xE9, 0xDC, 0x4A, 0xDC, 0x4A, 0xDC, 0x4A, 0xBB, 0xC9, 0x9B, 0x07, 0xFD, 0xD2, 0xFE, 0x34, 0xFE, 0x34, 0x39, 0xC7, 0x4A, 0x49, 0x4A, 0x49},
    {0x4A, 0x49, 0x4A, 0x49, 0x4A, 0x49, 0x39, 0xC7, 0x92, 0xE6, 0x5A, 0x04, 0x49, 0xC3, 0x49, 0xC3, 0x49, 0xC3, 0x49, 0xC3, 0x49, 0xC3, 0x5A, 0x04, 0x6A, 0x44, 0x72, 0x65, 0x72, 0x65, 0x92, 0xE6, 0x92, 0xE6, 0xCB, 0xE9, 0xEC, 0x6B, 0xFE, 0x34, 0xFE, 0x34, 0x39, 0xC7, 0x4A, 0x49, 0x4A, 0x49},
    {0x4A, 0x49, 0x4A, 0x49, 0x4A, 0x49, 0x39, 0xC7, 0x92, 0xE6, 0x5A, 0x04, 0x82, 0x85, 0x72, 0x65, 0x72, 0x65, 0x82, 0x85, 0x9B, 0x07, 0x9B, 0x07, 0x9B, 0x07, 0x9B, 0x07, 0x9B, 0x07, 0xAB, 0x48, 0xCB, 0xE9, 0xFE, 0x34, 0xFD, 0x2E, 0xDC, 0x4A, 0xFD, 0x2E, 0x4A, 0x49, 0x4A, 0x49, 0x4A, 0x49},
    {0x4A, 0x49, 0x4A, 0x49, 0x4A, 0x49, 0x4A, 0x49, 0x72, 0x65, 0x5A, 0x04, 0x72, 0x65, 0x82, 0x85, 0x9B, 0x07, 0x9B, 0x07, 0xDC, 0x4A, 0xB3, 0x88, 0xCB, 0xE9, 0xCB, 0xE9, 0xCB, 0xE9, 0xBB, 0xC9, 0xFD, 0x90, 0xFD, 0xF3, 0xFE, 0x34, 0xFC, 0xEC, 0xCB, 0xE9, 0x4A, 0x49, 0x4A, 0x49, 0x4A, 0x49},
    {0x4A, 0x49, 0x4A, 0x49, 0x4A, 0x49, 0x4A, 0x49, 0x72, 0x65, 0x72, 0x65, 0x82, 0x85, 0x9B, 0x07, 0xD4, 0x0A, 0xDC, 0x4A, 0xFD, 0x90, 0xDC, 0x4A, 0xFE, 0x34, 0xFD, 0xD2, 0xF4, 0xAB, 0xCB, 0xE9, 0xFD, 0x2E, 0xFE, 0xB7, 0xFD, 0x2E, 0xFD, 0x2E, 0xA3, 0x27, 0x4A, 0x49, 0x4A, 0x49, 0x4A, 0x49},
    {0x4A, 0x49, 0x4A, 0x49, 0x4A, 0x49, 0x4A, 0x49, 0x72, 0x65, 0x72, 0x65, 0x9B, 0x07, 0x9B, 0x07, 0xA3, 0x27, 0xFC, 0xEC, 0xFD, 0x90, 0xF4, 0xAB, 0xFD, 0x2E, 0xFE, 0x34, 0xFD, 0x90, 0xF4, 0xAB, 0xCB, 0xE9, 0xFD, 0xD2, 0xFD, 0x2E, 0xA3, 0x27, 0xA3, 0x27, 0x4A, 0x49, 0x4A, 0x49, 0x4A, 0x49},
  },
  { /* [12] FACE5A (VGAGRAPH chunk 133) */
    {0x5B, 0x1F, 0x5B, 0x1F, 0x5B, 0x1F, 0x5B, 0x1F, 0x5B, 0x1F, 0x5B, 0x1F, 0x5B, 0x1F, 0x5B, 0x1F, 0x5B, 0x1F, 0x5B, 0x1F, 0x5B, 0x1F, 0x5B, 0x1F, 0x5B, 0x1F, 0x5B, 0x1F, 0x5B, 0x1F, 0x5B, 0x1F, 0x5B, 0x1F, 0x5B, 0x1F, 0x5B, 0x1F, 0x5B, 0x1F, 0x5B, 0x1F, 0x5B, 0x1F, 0x5B, 0x1F, 0x7C, 0x1F},
    {0x4A, 0x49, 0x4A, 0x49, 0x4A, 0x49, 0x4A, 0x49, 0x4A, 0x49, 0x39, 0xC7, 0x39, 0xC7, 0x39, 0xC7, 0x39, 0xC7, 0x39, 0xC7, 0x39, 0xC7, 0x39, 0xC7, 0x39, 0xC7, 0x39, 0xC7, 0x39, 0xC7, 0x39, 0xC7, 0x39, 0xC7, 0x39, 0xC7, 0x4A, 0x49, 0x4A, 0x49, 0x4A, 0x49, 0x4A, 0x49, 0x4A, 0x49, 0x4A, 0x49},
    {0x4A, 0x49, 0x4A, 0x49, 0x4A, 0x49, 0x4A, 0x49, 0x29, 0x65, 0x9A, 0x60, 0xCB, 0x00, 0xB2, 0xA0, 0xCB, 0x00, 0xCB, 0x00, 0xE3, 0x60, 0xCB, 0x00, 0xE3, 0x60, 0xE3, 0x60, 0xE3, 0x60, 0xE3, 0x60, 0xE3, 0x60, 0xE3, 0x60, 0xCB, 0x00, 0x9A, 0x60, 0x39, 0xC7, 0x4A, 0x49, 0x4A, 0x49, 0x4A, 0x49},
    {0x4A, 0x49, 0x4A, 0x49, 0x4A, 0x49, 0x29, 0x65, 0x9A, 0x60, 0xAA, 0xA0, 0xB2, 0xA0, 0xCB, 0x00, 0xB2, 0xA0, 0xCB, 0x00, 0xCB, 0x00, 0xCB, 0x00, 0xCB, 0x00, 0xCB, 0x00, 0xCB, 0x00, 0xE3, 0x60, 0xFB, 0xC0, 0xE3, 0x60, 0xE3, 0x60, 0xCB, 0x00, 0x9A, 0x60, 0x39, 0xC7, 0x4A, 0x49, 0x4A, 0x49},
    {0x4A, 0x49, 0x4A, 0x49, 0x4A, 0x49, 0x51, 0xE3, 0xAA, 0xA0, 0xAA, 0xA0, 0xAA, 0xA0, 0xAA, 0xA0, 0xAA, 0xA0, 0xAA, 0xA0, 0xAA, 0xA0, 0xAA, 0xA0, 0xAA, 0xA0, 0xB2, 0xA0, 0xB2, 0xA0, 0xCB, 0x00, 0xE3, 0x60, 0xFB, 0xC0, 0xFC, 0x44, 0xFB, 0xC0, 0xCB, 0x00, 0x6A, 0x44, 0x4A, 0x49, 0x4A, 0x49},
    {0x4A, 0x49, 0x4A, 0x49, 0x29, 0x65, 0x9A, 0x60, 0xAA, 0xA0, 0xAA, 0xA0, 0x9A, 0x60, 0x51, 0xE3, 0x72, 0x65, 0x6A, 0x44, 0x6A, 0x44, 0xAA, 0xA0, 0x72, 0x65, 0x72, 0x65, 0x82, 0x85, 0x82, 0x85, 0xCB, 0x00, 0xFB, 0xC0, 0xFC, 0x44, 0xE3, 0x60, 0xE3, 0x60, 0x8A, 0xC6, 0x39, 0xC7, 0x4A, 0x49},
    {0x4A, 0x49, 0x4A, 0x49, 0x29, 0x65, 0x9A, 0x60, 0xAA, 0xA0, 0x9A, 0x60, 0x51, 0xE3, 0x72, 0x65, 0x49, 0xC3, 0x49, 0xC3, 0x72, 0x65, 0x72, 0x65, 0xAA, 0xA0, 0x5A, 0x04, 0x51, 0xE3, 0x72, 0x65, 0x9A, 0x60, 0xE3, 0x60, 0xFB, 0xC0, 0xAA, 0xA0, 0x72, 0x65, 0xCB, 0x00, 0x39, 0xC7, 0x4A, 0x49},
    {0x4A, 0x49, 0x4A, 0x49, 0x29, 0x65, 0x9A, 0x60, 0x9A, 0x60, 0x72, 0x65, 0xA3, 0x27, 0xDC, 0x4A, 0xDC, 0x4A, 0xDC, 0x4A, 0xB3, 0x88, 0x9B, 0x07, 0x72, 0x65, 0x5A, 0x04, 0x39, 0x62, 0x51, 0xE3, 0x72, 0x65, 0xE3, 0x60, 0xAA, 0xA0, 0xA3, 0x27, 0x72, 0x65, 0x9A, 0x60, 0x39, 0xC7, 0x4A, 0x49},
    {0x4A, 0x49, 0x4A, 0x49, 0x29, 0x65, 0x51, 0xE3, 0x9B, 0x07, 0x9B, 0x07, 0xFD, 0x2E, 0xFD, 0xD2, 0xFD, 0xD2, 0xFD, 0x2E, 0xFD, 0x2E, 0xDC, 0x4A, 0xDC, 0x4A, 0xCB, 0xE9, 0xA3, 0x27, 0x9B, 0x07, 0x9B, 0x07, 0xCB, 0x00, 0xFD, 0x90, 0xDC, 0x4A, 0x9B, 0x07, 0x72, 0x65, 0x39, 0xC7, 0x4A, 0x49},
    {0x4A, 0x49, 0x4A, 0x49, 0x29, 0x65, 0x51, 0xE3, 0x9B, 0x07, 0xDC, 0x4A, 0xFE, 0x34, 0xFE, 0x34, 0xFE, 0x34, 0xFE, 0x34, 0xFE, 0x34, 0xFE, 0x34, 0xFD, 0x90, 0xEC, 0x6B, 0xDC, 0x4A, 0xA3, 0x27, 0xFC, 0xEC, 0xAA, 0xA0, 0xFD, 0x90, 0xFE, 0x34, 0xB3, 0x88, 0x51, 0xE3, 0x29, 0x65, 0x4A, 0x49},
    {0x4A, 0x49, 0x4A, 0x49, 0x29, 0x65, 0x51, 0xE3, 0x9B, 0x07, 0xFD, 0x90, 0xFC, 0xEC, 0xFD, 0x2E, 0xFD, 0x90, 0xFE, 0x34, 0xFE, 0x34, 0xFE, 0x34, 0xFE, 0x34, 0xFD, 0x90, 0xEC, 0x6B, 0xCB, 0xE9, 0xFC, 0xEC, 0xFD, 0x90, 0xFE, 0x34, 0xFE, 0x34, 0xDC, 0x4A, 0x51, 0xE3, 0x29, 0x65, 0x4A, 0x49},
    {0x4A, 0x49, 0x4A, 0x49, 0x29, 0x65, 0x41, 0x83, 0xB3, 0x88, 0xDC, 0x4A, 0xFD, 0x90, 0xFE, 0x34, 0xFE, 0xD8, 0xFF, 0x5B, 0xFE, 0xD8, 0xFE, 0x34, 0xFE, 0x34, 0xFE, 0x34, 0xDC, 0x4A, 0xCB, 0xE9, 0xFD, 0x90, 0xFE, 0x34, 0xFF, 0x5B, 0xFD, 0x90, 0xDC, 0x4A, 0x51, 0xE3, 0x29, 0x65, 0x4A, 0x49},
    {0x4A, 0x49, 0x4A, 0x49, 0x29, 0x65, 0x41, 0x83, 0xB3, 0x88, 0xFD, 0x90, 0x39, 0xC7, 0x29, 0x65, 0xAB, 0x48, 0xDC, 0x4A, 0xFD, 0x90, 0xFD, 0xD2, 0xFD, 0xD2, 0xFD, 0x90, 0xFC, 0xEC, 0xDC, 0x4A, 0x4A, 0x49, 0x39, 0xC7, 0x4A, 0x49, 0xFE, 0xD8, 0xDC, 0x4A, 0x41, 0x83, 0x29, 0x65, 0x4A, 0x49},
    {0x4A, 0x49, 0x29, 0x65, 0xFD, 0x2E, 0x29, 0x01, 0xDC, 0x4A, 0x52, 0xAA, 0x73, 0x8E, 0x00, 0x0F, 0x00, 0x00, 0x00, 0x00, 0x00, 0x00, 0xAB, 0x48, 0xAB, 0x48, 0xAB, 0x48, 0x21, 0x04, 0x21, 0x04, 0x21, 0x04, 0xA0, 0x00, 0xFD, 0x90, 0x52, 0xAA, 0xFD, 0x90, 0x29, 0x01, 0xFD, 0x2E, 0x29, 0x65},
    {0x4A, 0x49, 0x29, 0x65, 0xDC, 0x4A, 0x29, 0x01, 0xDC, 0x4A, 0xDC, 0x4A, 0xD6, 0x9A, 0x00, 0x15, 0x00, 0x1F, 0xB5, 0xB6, 0xA8, 0x00, 0xBB, 0xC9, 0xF4, 0xAB, 0xAB, 0x48, 0xA8, 0x00, 0xFB, 0xEF, 0x00, 0x15, 0xFB, 0xEF, 0xFA, 0x08, 0xFD, 0x90, 0xF4, 0xAB, 0x29, 0x01, 0xFC, 0xEC, 0x29, 0x65},
    {0x4A, 0x49, 0x29, 0x65, 0xB3, 0x88, 0x92, 0xE6, 0xFD, 0x2E, 0xFD, 0xD2, 0xFD, 0x2E, 0xFD, 0xD2, 0xFD, 0xD2, 0xFD, 0x2E, 0xFD, 0xD2, 0xFD, 0x90, 0xFE, 0xB7, 0xFD, 0x2E, 0xFE, 0x34, 0xFD, 0xD2, 0xFE, 0x76, 0xFF, 0x1A, 0xFF, 0x1A, 0xFE, 0xB7, 0xFD, 0x90, 0x92, 0xE6, 0xB3, 0x88, 0x29, 0x65},
    {0x4A, 0x49, 0x29, 0x65, 0xDC, 0x4A, 0xFC, 0xEC, 0xFD, 0xF3, 0xFE, 0xB7, 0xFF, 0x1A, 0xFF, 0x5B, 0xFF, 0x5B, 0xFE, 0xB7, 0xFD, 0xD2, 0xFD, 0x2E, 0xFE, 0xD8, 0xFE, 0x34, 0xFE, 0xB7, 0xFE, 0xD8, 0xFF, 0x5B, 0xFF, 0xFF, 0xFF, 0xFF, 0xFF, 0xFF, 0xFE, 0xD8, 0xFD, 0xD2, 0xDC, 0x4A, 0x29, 0x65},
    {0x4A, 0x49, 0x29, 0x65, 0xFC, 0xEC, 0xBB, 0xC9, 0xFD, 0xF3, 0xFE, 0x76, 0xFE, 0xB7, 0xFE, 0xB7, 0xFE, 0xD8, 0xFE, 0x34, 0xD4, 0x0A, 0xFD, 0x90, 0xFE, 0xB7, 0xFE, 0x34, 0xF4, 0xAB, 0xFE, 0xD8, 0xFF, 0x5B, 0xFF, 0x5B, 0xFF, 0x5B, 0xFF, 0x5B, 0xFE, 0xD8, 0xFD, 0x90, 0xFD, 0x2E, 0x29, 0x65},
    {0x4A, 0x49, 0x4A, 0x49, 0xAB, 0x48, 0x82, 0x85, 0xDC, 0x4A, 0xFD, 0x90, 0xFE, 0x34, 0xFE, 0x34, 0xFE, 0x34, 0xF4, 0xAB, 0xAB, 0x48, 0x8A, 0xC6, 0x8A, 0xC6, 0x8A, 0xC6, 0x9B, 0x07, 0xFE, 0x34, 0xFE, 0xB7, 0xFE, 0xD8, 0xFE, 0xD8, 0xFE, 0xD8, 0xFE, 0x76, 0xFC, 0xEC, 0xAB, 0x48, 0x4A, 0x49},
    {0x4A, 0x49, 0x4A, 0x49, 0x29, 0x65, 0x82, 0x85, 0xFD, 0x2E, 0xF4, 0xAB, 0xFD, 0x90, 0xFD, 0xD2, 0xFD, 0xD2, 0xFD, 0x2E, 0xFC, 0xEC, 0xE0, 0x00, 0xD4, 0x0A, 0xE0, 0x00, 0xFD, 0xD2, 0xFD, 0x90, 0xFE, 0x34, 0xFE, 0x76, 0xFE, 0x76, 0xFE, 0x76, 0xFE, 0x34, 0xDC, 0x4A, 0x29, 0x65, 0x4A, 0x49},
    {0x4A, 0x49, 0x4A, 0x49, 0x39, 0xC7, 0x82, 0x85, 0xFD, 0x90, 0xFC, 0xEC, 0xFD, 0xD2, 0xFD, 0xD2, 0xF4, 0xAB, 0xFD, 0x90, 0xFD, 0xD2, 0xFA, 0xEB, 0xFD, 0x2E, 0xFA, 0xEB, 0xFE, 0x34, 0xFD, 0x90, 0xF4, 0xAB, 0xFE, 0x34, 0xFE, 0x34, 0xFD, 0x90, 0xFD, 0x2E, 0xD4, 0x0A, 0x39, 0xC7, 0x4A, 0x49},
    {0x4A, 0x49, 0x4A, 0x49, 0x4A, 0x49, 0x29, 0x65, 0xFD, 0x90, 0xFD, 0x2E, 0xFD, 0xD2, 0xFE, 0x34, 0xBB, 0xC9, 0x9B, 0x07, 0xC8, 0x00, 0x98, 0x00, 0xD4, 0x0A, 0x98, 0x00, 0x98, 0x00, 0x9B, 0x07, 0xBB, 0xC9, 0xFE, 0x34, 0xFE, 0x34, 0xFD, 0x2E, 0xFD, 0x90, 0xAB, 0x48, 0x4A, 0x49, 0x4A, 0x49},
    {0x4A, 0x49, 0x4A, 0x49, 0x4A, 0x49, 0x29, 0x65, 0xFD, 0x90, 0xFD, 0x90, 0xFE, 0x34, 0xFD, 0x2E, 0xFD, 0x90, 0xE8, 0x00, 0xFD, 0xD2, 0xFE, 0x34, 0xFA, 0xEB, 0xFA, 0x08, 0xFA, 0x08, 0xF8, 0x00, 0xFA, 0xEB, 0xFD, 0x2E, 0xFE, 0x34, 0xFD, 0xF3, 0xFD, 0xD2, 0x51, 0xE3, 0x4A, 0x49, 0x4A, 0x49},
    {0x4A, 0x49, 0x4A, 0x49, 0x4A, 0x49, 0x29, 0x65, 0xDC, 0x4A, 0xFD, 0x90, 0xFE, 0x34, 0xFE, 0x34, 0xFE, 0x34, 0xA0, 0x00, 0xFD, 0x2E, 0xF4, 0xAB, 0xEC, 0x6B, 0xF4, 0xAB, 0xFD, 0x2E, 0xE0, 0x00, 0xFE, 0x34, 0xFE, 0x34, 0xFE, 0x34, 0xFD, 0x90, 0xFD, 0xD2, 0x21, 0x04, 0x4A, 0x49, 0x4A, 0x49},
    {0x4A, 0x49, 0x4A, 0x49, 0x4A, 0x49, 0x29, 0x65, 0x9B, 0x07, 0xDC, 0x4A, 0xFD, 0xF3, 0xFE, 0x34, 0xFE, 0xB7, 0xFF, 0x5B, 0xFE, 0xB7, 0xFE, 0x34, 0xFE, 0x34, 0xFE, 0x34, 0xFE, 0x34, 0xFB, 0xEF, 0xFF, 0x5B, 0xFE, 0x34, 0xFD, 0x90, 0xFD, 0x2E, 0xFE, 0x34, 0x21, 0x04, 0x4A, 0x49, 0x4A, 0x49},
    {0x4A, 0x49, 0x4A, 0x49, 0x4A, 0x49, 0x29, 0x65, 0x92, 0xE6, 0x9B, 0x07, 0xDC, 0x4A, 0xFD, 0x2E, 0xFE, 0x34, 0xFE, 0x34, 0xFE, 0x34, 0xFD, 0x90, 0xDC, 0x4A, 0xFD, 0x90, 0xFE, 0x34, 0xFA, 0x08, 0xFE, 0x34, 0xFD, 0x2E, 0xF4, 0xAB, 0xFC, 0xEC, 0xFE, 0x34, 0x39, 0xC7, 0x4A, 0x49, 0x4A, 0x49},
    {0x4A, 0x49, 0x4A, 0x49, 0x4A, 0x49, 0x29, 0x65, 0x92, 0xE6, 0x6A, 0x44, 0x9B, 0x07, 0xBB, 0xC9, 0xDC, 0x4A, 0xDC, 0x4A, 0xDC, 0x4A, 0xCB, 0xE9, 0xAB, 0x48, 0xCB, 0xE9, 0xDC, 0x4A, 0xDC, 0x4A, 0xDC, 0x4A, 0xBB, 0xC9, 0x9B, 0x07, 0xFE, 0x34, 0xFE, 0x34, 0x39, 0xC7, 0x4A, 0x49, 0x4A, 0x49},
    {0x4A, 0x49, 0x4A, 0x49, 0x4A, 0x49, 0x39, 0xC7, 0x92, 0xE6, 0x5A, 0x04, 0x6A, 0x44, 0x49, 0xC3, 0x49, 0xC3, 0x49, 0xC3, 0x49, 0xC3, 0x49, 0xC3, 0x5A, 0x04, 0x6A, 0x44, 0x72, 0x65, 0x72, 0x65, 0x92, 0xE6, 0x92, 0xE6, 0xCB, 0xE9, 0xFE, 0x34, 0xFE, 0x34, 0x39, 0xC7, 0x4A, 0x49, 0x4A, 0x49},
    {0x4A, 0x49, 0x4A, 0x49, 0x4A, 0x49, 0x39, 0xC7, 0x92, 0xE6, 0x5A, 0x04, 0x82, 0x85, 0x72, 0x65, 0x72, 0x65, 0x82, 0x85, 0x9B, 0x07, 0x9B, 0x07, 0x9B, 0x07, 0x9B, 0x07, 0x9B, 0x07, 0xAB, 0x48, 0xCB, 0xE9, 0xFE, 0x34, 0xFE, 0x34, 0xCB, 0xE9, 0xFD, 0x2E, 0x4A, 0x49, 0x4A, 0x49, 0x4A, 0x49},
    {0x4A, 0x49, 0x4A, 0x49, 0x4A, 0x49, 0x4A, 0x49, 0x72, 0x65, 0x5A, 0x04, 0x72, 0x65, 0x82, 0x85, 0x9B, 0x07, 0x9B, 0x07, 0xDC, 0x4A, 0xB3, 0x88, 0xCB, 0xE9, 0xCB, 0xE9, 0xCB, 0xE9, 0xAB, 0x48, 0xFD, 0x90, 0xFD, 0xF3, 0xFE, 0x34, 0xFE, 0x34, 0xCB, 0xE9, 0x4A, 0x49, 0x4A, 0x49, 0x4A, 0x49},
    {0x4A, 0x49, 0x4A, 0x49, 0x4A, 0x49, 0x4A, 0x49, 0x72, 0x65, 0x72, 0x65, 0x82, 0x85, 0x9B, 0x07, 0xD4, 0x0A, 0xDC, 0x4A, 0xFD, 0x90, 0xDC, 0x4A, 0xFE, 0x34, 0xFE, 0x34, 0xFD, 0x2E, 0xCB, 0xE9, 0xDC, 0x4A, 0xFE, 0xB7, 0xFD, 0x2E, 0xFD, 0x2E, 0xA3, 0x27, 0x4A, 0x49, 0x4A, 0x49, 0x4A, 0x49},
    {0x4A, 0x49, 0x4A, 0x49, 0x4A, 0x49, 0x4A, 0x49, 0x72, 0x65, 0x72, 0x65, 0x9B, 0x07, 0x9B, 0x07, 0xA3, 0x27, 0xFC, 0xEC, 0xFD, 0x90, 0xDC, 0x4A, 0xFD, 0x2E, 0xFE, 0x34, 0xFD, 0xD2, 0xFD, 0x2E, 0xCB, 0xE9, 0xFD, 0xD2, 0xFD, 0x2E, 0xA3, 0x27, 0xA3, 0x27, 0x4A, 0x49, 0x4A, 0x49, 0x4A, 0x49},
  },
  { /* [13] FACE5B (VGAGRAPH chunk 134) */
    {0x5B, 0x1F, 0x5B, 0x1F, 0x5B, 0x1F, 0x5B, 0x1F, 0x5B, 0x1F, 0x5B, 0x1F, 0x5B, 0x1F, 0x5B, 0x1F, 0x5B, 0x1F, 0x5B, 0x1F, 0x5B, 0x1F, 0x5B, 0x1F, 0x5B, 0x1F, 0x5B, 0x1F, 0x5B, 0x1F, 0x5B, 0x1F, 0x5B, 0x1F, 0x5B, 0x1F, 0x5B, 0x1F, 0x5B, 0x1F, 0x5B, 0x1F, 0x5B, 0x1F, 0x5B, 0x1F, 0x7C, 0x1F},
    {0x4A, 0x49, 0x4A, 0x49, 0x4A, 0x49, 0x4A, 0x49, 0x4A, 0x49, 0x39, 0xC7, 0x39, 0xC7, 0x39, 0xC7, 0x39, 0xC7, 0x39, 0xC7, 0x39, 0xC7, 0x39, 0xC7, 0x39, 0xC7, 0x39, 0xC7, 0x39, 0xC7, 0x39, 0xC7, 0x39, 0xC7, 0x39, 0xC7, 0x4A, 0x49, 0x4A, 0x49, 0x4A, 0x49, 0x4A, 0x49, 0x4A, 0x49, 0x4A, 0x49},
    {0x4A, 0x49, 0x4A, 0x49, 0x4A, 0x49, 0x4A, 0x49, 0x29, 0x65, 0x9A, 0x60, 0xCB, 0x00, 0xB2, 0xA0, 0xCB, 0x00, 0xCB, 0x00, 0xE3, 0x60, 0xCB, 0x00, 0xE3, 0x60, 0xE3, 0x60, 0xE3, 0x60, 0xE3, 0x60, 0xE3, 0x60, 0xE3, 0x60, 0xCB, 0x00, 0x9A, 0x60, 0x39, 0xC7, 0x4A, 0x49, 0x4A, 0x49, 0x4A, 0x49},
    {0x4A, 0x49, 0x4A, 0x49, 0x4A, 0x49, 0x29, 0x65, 0x9A, 0x60, 0xAA, 0xA0, 0xB2, 0xA0, 0xCB, 0x00, 0xB2, 0xA0, 0xCB, 0x00, 0xCB, 0x00, 0xCB, 0x00, 0xCB, 0x00, 0xCB, 0x00, 0xCB, 0x00, 0xE3, 0x60, 0xFB, 0xC0, 0xE3, 0x60, 0xE3, 0x60, 0xCB, 0x00, 0x9A, 0x60, 0x39, 0xC7, 0x4A, 0x49, 0x4A, 0x49},
    {0x4A, 0x49, 0x4A, 0x49, 0x4A, 0x49, 0x51, 0xE3, 0xAA, 0xA0, 0xAA, 0xA0, 0xAA, 0xA0, 0xAA, 0xA0, 0xAA, 0xA0, 0xAA, 0xA0, 0xAA, 0xA0, 0xAA, 0xA0, 0xAA, 0xA0, 0xB2, 0xA0, 0xB2, 0xA0, 0xCB, 0x00, 0xE3, 0x60, 0xFB, 0xC0, 0xFC, 0x44, 0xFB, 0xC0, 0xCB, 0x00, 0x6A, 0x44, 0x4A, 0x49, 0x4A, 0x49},
    {0x4A, 0x49, 0x4A, 0x49, 0x29, 0x65, 0x9A, 0x60, 0xAA, 0xA0, 0xAA, 0xA0, 0x9A, 0x60, 0x51, 0xE3, 0x72, 0x65, 0x6A, 0x44, 0x6A, 0x44, 0xAA, 0xA0, 0x72, 0x65, 0x72, 0x65, 0x82, 0x85, 0x82, 0x85, 0xCB, 0x00, 0xFB, 0xC0, 0xFC, 0x44, 0xE3, 0x60, 0xE3, 0x60, 0x8A, 0xC6, 0x39, 0xC7, 0x4A, 0x49},
    {0x4A, 0x49, 0x4A, 0x49, 0x29, 0x65, 0x9A, 0x60, 0xAA, 0xA0, 0x9A, 0x60, 0x51, 0xE3, 0x72, 0x65, 0x49, 0xC3, 0x49, 0xC3, 0x72, 0x65, 0x72, 0x65, 0xAA, 0xA0, 0x5A, 0x04, 0x51, 0xE3, 0x72, 0x65, 0x9A, 0x60, 0xE3, 0x60, 0xFB, 0xC0, 0xAA, 0xA0, 0x72, 0x65, 0xCB, 0x00, 0x39, 0xC7, 0x4A, 0x49},
    {0x4A, 0x49, 0x4A, 0x49, 0x29, 0x65, 0x9A, 0x60, 0x9A, 0x60, 0x72, 0x65, 0xA3, 0x27, 0xDC, 0x4A, 0xDC, 0x4A, 0xDC, 0x4A, 0xB3, 0x88, 0x9B, 0x07, 0x72, 0x65, 0x5A, 0x04, 0x39, 0x62, 0x51, 0xE3, 0x72, 0x65, 0xE3, 0x60, 0xAA, 0xA0, 0xA3, 0x27, 0x72, 0x65, 0x9A, 0x60, 0x39, 0xC7, 0x4A, 0x49},
    {0x4A, 0x49, 0x4A, 0x49, 0x29, 0x65, 0x51, 0xE3, 0x9B, 0x07, 0x9B, 0x07, 0xFD, 0x2E, 0xFD, 0xD2, 0xFD, 0xD2, 0xFD, 0x2E, 0xFD, 0x2E, 0xDC, 0x4A, 0xDC, 0x4A, 0xCB, 0xE9, 0xA3, 0x27, 0x9B, 0x07, 0x9B, 0x07, 0xCB, 0x00, 0xFD, 0x90, 0xDC, 0x4A, 0x9B, 0x07, 0x72, 0x65, 0x39, 0xC7, 0x4A, 0x49},
    {0x4A, 0x49, 0x4A, 0x49, 0x29, 0x65, 0x51, 0xE3, 0x9B, 0x07, 0xCB, 0xE9, 0xDC, 0x4A, 0xFC, 0xEC, 0xFD, 0x2E, 0xFD, 0x90, 0xFE, 0x34, 0xFE, 0x34, 0xFD, 0x90, 0xEC, 0x6B, 0xDC, 0x4A, 0xA3, 0x27, 0xFC, 0xEC, 0xAA, 0xA0, 0xFD, 0x90, 0xFE, 0x34, 0xB3, 0x88, 0x51, 0xE3, 0x29, 0x65, 0x4A, 0x49},
    {0x4A, 0x49, 0x4A, 0x49, 0x29, 0x65, 0x51, 0xE3, 0x9B, 0x07, 0xFD, 0x90, 0xFD, 0x2E, 0xFD, 0x90, 0xFD, 0xD2, 0xFE, 0x34, 0xFE, 0x34, 0xFE, 0x34, 0xFE, 0x34, 0xFD, 0x90, 0xEC, 0x6B, 0xCB, 0xE9, 0xFC, 0xEC, 0xFD, 0x90, 0xFE, 0x34, 0xFE, 0x34, 0xDC, 0x4A, 0x51, 0xE3, 0x29, 0x65, 0x4A, 0x49},
    {0x4A, 0x49, 0x4A, 0x49, 0x29, 0x65, 0x41, 0x83, 0xB3, 0x88, 0xDC, 0x4A, 0x39, 0xC7, 0x29, 0x65, 0x52, 0xAA, 0x73, 0x8E, 0xFE, 0xD8, 0xFE, 0x34, 0xFE, 0x34, 0xFE, 0x34, 0xDC, 0x4A, 0xCB, 0xE9, 0xFD, 0x90, 0xFE, 0x34, 0xFF, 0x5B, 0xFD, 0x90, 0xDC, 0x4A, 0x51, 0xE3, 0x29, 0x65, 0x4A, 0x49},
    {0x4A, 0x49, 0x29, 0x65, 0xAB, 0x48, 0x41, 0x83, 0xB3, 0x88, 0x52, 0xAA, 0x92, 0xE6, 0x72, 0x65, 0x51, 0xE3, 0x51, 0xE3, 0x73, 0x8E, 0xFD, 0xD2, 0xFD, 0xD2, 0xFD, 0x90, 0xFC, 0xEC, 0xDC, 0x4A, 0x4A, 0x49, 0x39, 0xC7, 0x4A, 0x49, 0xFE, 0xD8, 0xDC, 0x4A, 0x41, 0x83, 0x29, 0x65, 0x4A, 0x49},
    {0x4A, 0x49, 0x29, 0x65, 0xDC, 0x4A, 0x29, 0x01, 0xDC, 0x4A, 0xBB, 0xC9, 0x00, 0x0C, 0x00, 0x0C, 0x7B, 0xEF, 0x4A, 0x49, 0x51, 0xE3, 0xAB, 0x48, 0xAB, 0x48, 0xAB, 0x48, 0x21, 0x04, 0x21, 0x04, 0x21, 0x04, 0xA0, 0x00, 0xFD, 0x90, 0x52, 0xAA, 0xFD, 0x90, 0x29, 0x01, 0xCB, 0xE9, 0x29, 0x65},
    {0x4A, 0x49, 0x29, 0x65, 0xB3, 0x88, 0x92, 0xE6, 0xDC, 0x4A, 0xDC, 0x4A, 0x00, 0x15, 0x00, 0x14, 0xEF, 0x7D, 0xC6, 0x18, 0xA8, 0x00, 0xBB, 0xC9, 0xF4, 0xAB, 0xAB, 0x48, 0xA8, 0x00, 0x00, 0x15, 0x00, 0x1F, 0xFB, 0xEF, 0xF9, 0x04, 0xDC, 0x4A, 0xFC, 0xEC, 0x29, 0x01, 0xFC, 0xEC, 0x29, 0x65},
    {0x4A, 0x49, 0x29, 0x65, 0xDC, 0x4A, 0xFC, 0xEC, 0xFD, 0x2E, 0xFD, 0xD2, 0xFD, 0x2E, 0xFD, 0xD2, 0xFD, 0xD2, 0xFD, 0x2E, 0xFD, 0xD2, 0xFD, 0x90, 0xFE, 0xB7, 0xFD, 0x2E, 0xFE, 0x34, 0xFD, 0xD2, 0xFE, 0x76, 0xFF, 0x1A, 0xFF, 0x1A, 0xFE, 0xB7, 0xFD, 0xD2, 0x92, 0xE6, 0xBB, 0xC9, 0x29, 0x65},
    {0x4A, 0x49, 0x29, 0x65, 0xFC, 0xEC, 0xBB, 0xC9, 0xFD, 0xF3, 0xFE, 0xB7, 0xFF, 0x1A, 0xFF, 0x5B, 0xFF, 0x5B, 0xFE, 0xB7, 0xFD, 0xD2, 0xFD, 0x2E, 0xFE, 0xD8, 0xFE, 0x34, 0xFE, 0x34, 0xFE, 0xD8, 0xFF, 0x5B, 0xFF, 0xFF, 0xFF, 0xFF, 0xFF, 0xFF, 0xFE, 0xD8, 0xFD, 0xD2, 0xDC, 0x4A, 0x29, 0x65},
    {0x4A, 0x49, 0x4A, 0x49, 0xBB, 0xC9, 0x82, 0x85, 0xFD, 0xF3, 0xFE, 0x76, 0xFE, 0xB7, 0xFE, 0xB7, 0xFE, 0xD8, 0xFE, 0x34, 0xD4, 0x0A, 0xFD, 0x90, 0xFE, 0xB7, 0xFE, 0x34, 0xF4, 0xAB, 0xFE, 0xD8, 0xFF, 0x5B, 0xFF, 0x5B, 0xFF, 0x5B, 0xFF, 0x5B, 0xFE, 0xD8, 0xFD, 0xD2, 0xFC, 0xEC, 0x29, 0x65},
    {0x4A, 0x49, 0x4A, 0x49, 0x29, 0x65, 0x82, 0x85, 0xDC, 0x4A, 0xFD, 0x90, 0xFE, 0x34, 0xFE, 0x34, 0xFE, 0x34, 0xF4, 0xAB, 0xAB, 0x48, 0x8A, 0xC6, 0x8A, 0xC6, 0x8A, 0xC6, 0x9B, 0x07, 0xFE, 0x34, 0xFE, 0xB7, 0xFE, 0xD8, 0xFE, 0xD8, 0xFE, 0xD8, 0xFE, 0x76, 0xFD, 0x2E, 0xCB, 0xE9, 0x4A, 0x49},
    {0x4A, 0x49, 0x4A, 0x49, 0x39, 0xC7, 0x82, 0x85, 0xFD, 0x2E, 0xDC, 0x4A, 0xFD, 0x90, 0xFD, 0xD2, 0xFD, 0xD2, 0xFD, 0x2E, 0xFC, 0xEC, 0xE0, 0x00, 0xD4, 0x0A, 0xE0, 0x00, 0xFD, 0xD2, 0xFD, 0x2E, 0xFD, 0xD2, 0xFE, 0x34, 0xFE, 0x76, 0xFE, 0x76, 0xFE, 0x34, 0xD4, 0x0A, 0x29, 0x65, 0x4A, 0x49},
    {0x4A, 0x49, 0x4A, 0x49, 0x4A, 0x49, 0x82, 0x85, 0xFC, 0xEC, 0xFC, 0xEC, 0xFD, 0x2E, 0xFD, 0xD2, 0xFD, 0x90, 0xF4, 0xAB, 0xFD, 0xD2, 0xFA, 0xEB, 0xFD, 0x90, 0xFA, 0xEB, 0xFB, 0xEF, 0xFD, 0x90, 0xF4, 0xAB, 0xFD, 0xD2, 0xFE, 0x34, 0xFD, 0xF3, 0xFD, 0x2E, 0xAB, 0x48, 0x39, 0xC7, 0x4A, 0x49},
    {0x4A, 0x49, 0x4A, 0x49, 0x4A, 0x49, 0x29, 0x65, 0xFC, 0xEC, 0xFD, 0x2E, 0xFD, 0x2E, 0xFE, 0x34, 0xFD, 0x2E, 0xBB, 0xC9, 0x60, 0x00, 0x98, 0x00, 0xD4, 0x0A, 0xB0, 0x00, 0x98, 0x00, 0x88, 0x00, 0x9B, 0x07, 0xFD, 0x2E, 0xFE, 0x34, 0xFD, 0x90, 0xFD, 0x90, 0x8A, 0xC6, 0x4A, 0x49, 0x4A, 0x49},
    {0x4A, 0x49, 0x4A, 0x49, 0x4A, 0x49, 0x29, 0x65, 0xCB, 0xE9, 0xFD, 0x90, 0xFD, 0x90, 0xFE, 0x34, 0xFD, 0x90, 0xFD, 0x2E, 0xE8, 0x00, 0xFD, 0xD2, 0xFE, 0x34, 0xFB, 0xEF, 0xFA, 0xEB, 0xFA, 0xEB, 0xF9, 0x04, 0xFB, 0xEF, 0xFE, 0x34, 0xFD, 0xF3, 0xFD, 0xD2, 0x5A, 0x04, 0x4A, 0x49, 0x4A, 0x49},
    {0x4A, 0x49, 0x4A, 0x49, 0x4A, 0x49, 0x29, 0x65, 0x9B, 0x07, 0xDC, 0x4A, 0xFD, 0x90, 0xFE, 0x34, 0xFE, 0x34, 0xFE, 0x34, 0xA0, 0x00, 0xFD, 0x2E, 0xF4, 0xAB, 0xEC, 0x6B, 0xF4, 0xAB, 0xFD, 0x2E, 0xD0, 0x00, 0xFE, 0x34, 0xFE, 0x34, 0xFD, 0x90, 0xFD, 0xD2, 0x21, 0x04, 0x4A, 0x49, 0x4A, 0x49},
    {0x4A, 0x49, 0x4A, 0x49, 0x4A, 0x49, 0x29, 0x65, 0x9B, 0x07, 0x9B, 0x07, 0xDC, 0x4A, 0xFD, 0xF3, 0xFE, 0x34, 0xFE, 0xB7, 0xFF, 0x5B, 0xFE, 0xB7, 0xFE, 0x34, 0xFE, 0x34, 0xFE, 0x34, 0xFE, 0x34, 0xFB, 0xEF, 0xFF, 0x5B, 0xFE, 0x34, 0xFD, 0x90, 0xFD, 0x2E, 0x21, 0x04, 0x4A, 0x49, 0x4A, 0x49},
    {0x4A, 0x49, 0x4A, 0x49, 0x4A, 0x49, 0x29, 0x65, 0x92, 0xE6, 0x9B, 0x07, 0x92, 0xE6, 0xDC, 0x4A, 0xFD, 0x2E, 0xFE, 0x34, 0xFE, 0x34, 0xFE, 0x34, 0xFD, 0x90, 0xDC, 0x4A, 0xFD, 0x90, 0xFE, 0x34, 0xFA, 0x08, 0xFE, 0x34, 0xFD, 0x2E, 0xF4, 0xAB, 0xFD, 0xD2, 0x39, 0xC7, 0x4A, 0x49, 0x4A, 0x49},
    {0x4A, 0x49, 0x4A, 0x49, 0x4A, 0x49, 0x29, 0x65, 0x92, 0xE6, 0x6A, 0x44, 0x92, 0xE6, 0x9B, 0x07, 0xBB, 0xC9, 0xDC, 0x4A, 0xDC, 0x4A, 0xDC, 0x4A, 0xCB, 0xE9, 0xAB, 0x48, 0xCB, 0xE9, 0xDC, 0x4A, 0xDC, 0x4A, 0xDC, 0x4A, 0xBB, 0xC9, 0xB3, 0x88, 0xFE, 0x34, 0x39, 0xC7, 0x4A, 0x49, 0x4A, 0x49},
    {0x4A, 0x49, 0x4A, 0x49, 0x4A, 0x49, 0x39, 0xC7, 0x92, 0xE6, 0x5A, 0x04, 0x92, 0xE6, 0x6A, 0x44, 0x49, 0xC3, 0x49, 0xC3, 0x49, 0xC3, 0x49, 0xC3, 0x49, 0xC3, 0x5A, 0x04, 0x6A, 0x44, 0x72, 0x65, 0x8A, 0xC6, 0x92, 0xE6, 0xAB, 0x48, 0xCB, 0xE9, 0xFE, 0x34, 0x39, 0xC7, 0x4A, 0x49, 0x4A, 0x49},
    {0x4A, 0x49, 0x4A, 0x49, 0x4A, 0x49, 0x39, 0xC7, 0x92, 0xE6, 0x5A, 0x04, 0x82, 0x85, 0x72, 0x65, 0x72, 0x65, 0x82, 0x85, 0x9B, 0x07, 0x9B, 0x07, 0x9B, 0x07, 0x9B, 0x07, 0x9B, 0x07, 0xAB, 0x48, 0xCB, 0xE9, 0xFE, 0x34, 0xFE, 0x34, 0xEC, 0x6B, 0xFD, 0x2E, 0x4A, 0x49, 0x4A, 0x49, 0x4A, 0x49},
    {0x4A, 0x49, 0x4A, 0x49, 0x4A, 0x49, 0x4A, 0x49, 0x72, 0x65, 0x5A, 0x04, 0x72, 0x65, 0x82, 0x85, 0x9B, 0x07, 0x9B, 0x07, 0xDC, 0x4A, 0xB3, 0x88, 0xCB, 0xE9, 0xCB, 0xE9, 0xCB, 0xE9, 0xAB, 0x48, 0xFD, 0x90, 0xFD, 0xF3, 0xFE, 0x34, 0xFE, 0x34, 0xDC, 0x4A, 0x4A, 0x49, 0x4A, 0x49, 0x4A, 0x49},
    {0x4A, 0x49, 0x4A, 0x49, 0x4A, 0x49, 0x4A, 0x49, 0x72, 0x65, 0x72, 0x65, 0x82, 0x85, 0x9B, 0x07, 0xD4, 0x0A, 0xDC, 0x4A, 0xFD, 0x90, 0xDC, 0x4A, 0xFE, 0x34, 0xFE, 0x34, 0xFD, 0x2E, 0xCB, 0xE9, 0xDC, 0x4A, 0xFE, 0xB7, 0xFD, 0xD2, 0xFD, 0x90, 0xBB, 0xC9, 0x4A, 0x49, 0x4A, 0x49, 0x4A, 0x49},
    {0x4A, 0x49, 0x4A, 0x49, 0x4A, 0x49, 0x4A, 0x49, 0x72, 0x65, 0x72, 0x65, 0x9B, 0x07, 0x9B, 0x07, 0xA3, 0x27, 0xFC, 0xEC, 0xFD, 0x90, 0xDC, 0x4A, 0xFD, 0x2E, 0xFE, 0x34, 0xFD, 0xD2, 0xFD, 0x2E, 0xCB, 0xE9, 0xFD, 0xD2, 0xFD, 0x2E, 0xBB, 0xC9, 0xA3, 0x27, 0x4A, 0x49, 0x4A, 0x49, 0x4A, 0x49},
  },
  { /* [14] FACE5C (VGAGRAPH chunk 135) */
    {0x5B, 0x1F, 0x5B, 0x1F, 0x5B, 0x1F, 0x5B, 0x1F, 0x5B, 0x1F, 0x5B, 0x1F, 0x5B, 0x1F, 0x5B, 0x1F, 0x5B, 0x1F, 0x5B, 0x1F, 0x5B, 0x1F, 0x5B, 0x1F, 0x5B, 0x1F, 0x5B, 0x1F, 0x5B, 0x1F, 0x5B, 0x1F, 0x5B, 0x1F, 0x5B, 0x1F, 0x5B, 0x1F, 0x5B, 0x1F, 0x5B, 0x1F, 0x5B, 0x1F, 0x5B, 0x1F, 0x7C, 0x1F},
    {0x4A, 0x49, 0x4A, 0x49, 0x4A, 0x49, 0x4A, 0x49, 0x4A, 0x49, 0x39, 0xC7, 0x39, 0xC7, 0x39, 0xC7, 0x39, 0xC7, 0x39, 0xC7, 0x39, 0xC7, 0x39, 0xC7, 0x39, 0xC7, 0x39, 0xC7, 0x39, 0xC7, 0x39, 0xC7, 0x39, 0xC7, 0x39, 0xC7, 0x4A, 0x49, 0x4A, 0x49, 0x4A, 0x49, 0x4A, 0x49, 0x4A, 0x49, 0x4A, 0x49},
    {0x4A, 0x49, 0x4A, 0x49, 0x4A, 0x49, 0x4A, 0x49, 0x29, 0x65, 0x9A, 0x60, 0xCB, 0x00, 0xB2, 0xA0, 0xCB, 0x00, 0xCB, 0x00, 0xE3, 0x60, 0xCB, 0x00, 0xE3, 0x60, 0xE3, 0x60, 0xE3, 0x60, 0xE3, 0x60, 0xE3, 0x60, 0xE3, 0x60, 0xCB, 0x00, 0x9A, 0x60, 0x39, 0xC7, 0x4A, 0x49, 0x4A, 0x49, 0x4A, 0x49},
    {0x4A, 0x49, 0x4A, 0x49, 0x4A, 0x49, 0x29, 0x65, 0x9A, 0x60, 0xAA, 0xA0, 0xB2, 0xA0, 0xCB, 0x00, 0xB2, 0xA0, 0xCB, 0x00, 0xCB, 0x00, 0xCB, 0x00, 0xCB, 0x00, 0xCB, 0x00, 0xCB, 0x00, 0xE3, 0x60, 0xFB, 0xC0, 0xE3, 0x60, 0xE3, 0x60, 0xCB, 0x00, 0x9A, 0x60, 0x39, 0xC7, 0x4A, 0x49, 0x4A, 0x49},
    {0x4A, 0x49, 0x4A, 0x49, 0x4A, 0x49, 0x51, 0xE3, 0xAA, 0xA0, 0xAA, 0xA0, 0xAA, 0xA0, 0xAA, 0xA0, 0xAA, 0xA0, 0xAA, 0xA0, 0xAA, 0xA0, 0xAA, 0xA0, 0xAA, 0xA0, 0xB2, 0xA0, 0xB2, 0xA0, 0xCB, 0x00, 0xE3, 0x60, 0xFB, 0xC0, 0xFC, 0x44, 0xFB, 0xC0, 0xCB, 0x00, 0x6A, 0x44, 0x4A, 0x49, 0x4A, 0x49},
    {0x4A, 0x49, 0x4A, 0x49, 0x29, 0x65, 0x9A, 0x60, 0xAA, 0xA0, 0xAA, 0xA0, 0x9A, 0x60, 0x51, 0xE3, 0x72, 0x65, 0x6A, 0x44, 0x6A, 0x44, 0xAA, 0xA0, 0x72, 0x65, 0x72, 0x65, 0x82, 0x85, 0x82, 0x85, 0xCB, 0x00, 0xFB, 0xC0, 0xFC, 0x44, 0xE3, 0x60, 0xE3, 0x60, 0x8A, 0xC6, 0x39, 0xC7, 0x4A, 0x49},
    {0x4A, 0x49, 0x4A, 0x49, 0x29, 0x65, 0x9A, 0x60, 0xAA, 0xA0, 0x9A, 0x60, 0x51, 0xE3, 0x72, 0x65, 0x49, 0xC3, 0x49, 0xC3, 0x72, 0x65, 0x72, 0x65, 0xAA, 0xA0, 0x5A, 0x04, 0x51, 0xE3, 0x72, 0x65, 0x9A, 0x60, 0xE3, 0x60, 0xFB, 0xC0, 0xAA, 0xA0, 0x72, 0x65, 0xCB, 0x00, 0x39, 0xC7, 0x4A, 0x49},
    {0x4A, 0x49, 0x4A, 0x49, 0x29, 0x65, 0x9A, 0x60, 0x9A, 0x60, 0x72, 0x65, 0xA3, 0x27, 0xDC, 0x4A, 0xDC, 0x4A, 0xDC, 0x4A, 0xB3, 0x88, 0x9B, 0x07, 0x72, 0x65, 0x5A, 0x04, 0x39, 0x62, 0x51, 0xE3, 0x72, 0x65, 0xE3, 0x60, 0xAA, 0xA0, 0xA3, 0x27, 0x72, 0x65, 0x9A, 0x60, 0x39, 0xC7, 0x4A, 0x49},
    {0x4A, 0x49, 0x4A, 0x49, 0x29, 0x65, 0x51, 0xE3, 0x9B, 0x07, 0x9B, 0x07, 0xFD, 0x2E, 0xFD, 0xD2, 0xFD, 0xD2, 0xFD, 0x2E, 0xFD, 0x2E, 0xDC, 0x4A, 0xDC, 0x4A, 0xCB, 0xE9, 0xA3, 0x27, 0x9B, 0x07, 0x9B, 0x07, 0xCB, 0x00, 0xFD, 0x90, 0xDC, 0x4A, 0x9B, 0x07, 0x72, 0x65, 0x39, 0xC7, 0x4A, 0x49},
    {0x4A, 0x49, 0x4A, 0x49, 0x29, 0x65, 0x51, 0xE3, 0x9B, 0x07, 0xDC, 0x4A, 0xFE, 0x34, 0xFE, 0x34, 0xFE, 0x34, 0xFE, 0x34, 0xFE, 0x34, 0xFE, 0x34, 0xFD, 0x90, 0xEC, 0x6B, 0xDC, 0x4A, 0xA3, 0x27, 0xFC, 0xEC, 0xAA, 0xA0, 0xFC, 0xEC, 0xFE, 0x34, 0xB3, 0x88, 0x51, 0xE3, 0x29, 0x65, 0x4A, 0x49},
    {0x4A, 0x49, 0x4A, 0x49, 0x29, 0x65, 0x51, 0xE3, 0x9B, 0x07, 0xFD, 0x90, 0xFC, 0xEC, 0xFD, 0x2E, 0xFD, 0x90, 0xFE, 0x34, 0xFE, 0x34, 0xFE, 0x34, 0xFD, 0x90, 0xFD, 0x2E, 0xEC, 0x6B, 0xCB, 0xE9, 0xFC, 0xEC, 0xFD, 0x90, 0xFE, 0xD8, 0xF4, 0xAB, 0xDC, 0x4A, 0x51, 0xE3, 0x29, 0x65, 0x4A, 0x49},
    {0x4A, 0x49, 0x4A, 0x49, 0x29, 0x65, 0x41, 0x83, 0xB3, 0x88, 0xDC, 0x4A, 0xFD, 0x90, 0xFE, 0x34, 0xFE, 0xD8, 0xFF, 0x5B, 0xFE, 0xD8, 0xFE, 0x34, 0xFE, 0x34, 0xFD, 0xD2, 0xDC, 0x4A, 0x21, 0x04, 0x29, 0x65, 0x39, 0xC7, 0x4A, 0x49, 0xFE, 0xD8, 0xDC, 0x4A, 0x51, 0xE3, 0x29, 0x65, 0x4A, 0x49},
    {0x4A, 0x49, 0x4A, 0x49, 0x29, 0x65, 0x41, 0x83, 0xB3, 0x88, 0xFD, 0x90, 0x4A, 0x49, 0x39, 0xC7, 0x4A, 0x49, 0xAB, 0x48, 0xDC, 0x4A, 0xFD, 0xD2, 0xFD, 0x2E, 0xD4, 0x0A, 0x21, 0x04, 0x49, 0xC3, 0xA0, 0x00, 0xE8, 0x00, 0xFD, 0xF3, 0x63, 0x2C, 0xDC, 0x4A, 0x41, 0x83, 0x92, 0xE6, 0x4A, 0x49},
    {0x4A, 0x49, 0x29, 0x65, 0xCB, 0xE9, 0x29, 0x01, 0xDC, 0x4A, 0x52, 0xAA, 0x73, 0x8E, 0x52, 0xAA, 0x21, 0x04, 0x21, 0x04, 0x21, 0x04, 0xAB, 0x48, 0xAB, 0x48, 0xAB, 0x48, 0x72, 0x65, 0x39, 0xC7, 0x63, 0x2C, 0x7B, 0xEF, 0x00, 0x0C, 0xFD, 0x2E, 0xFD, 0x90, 0x29, 0x01, 0xFD, 0x90, 0x29, 0x65},
    {0x4A, 0x49, 0x29, 0x65, 0xEC, 0x6B, 0x29, 0x01, 0xDC, 0x4A, 0xDC, 0x4A, 0xB5, 0xB6, 0xD6, 0x9A, 0x00, 0x15, 0x00, 0x1F, 0xA8, 0x00, 0xBB, 0xC9, 0xF4, 0xAB, 0xAB, 0x48, 0xA8, 0x00, 0xF8, 0x00, 0xFB, 0xEF, 0x00, 0x19, 0x21, 0x3F, 0xFD, 0x2E, 0xDC, 0x4A, 0x72, 0x65, 0xEC, 0x6B, 0x29, 0x65},
    {0x4A, 0x49, 0x29, 0x65, 0xBB, 0xC9, 0x92, 0xE6, 0xFD, 0x2E, 0xFD, 0xD2, 0xFD, 0x2E, 0xFD, 0xD2, 0xFD, 0xD2, 0xFD, 0x2E, 0xFD, 0xD2, 0xFD, 0x90, 0xFE, 0xB7, 0xFD, 0x2E, 0xFE, 0x34, 0xFD, 0xD2, 0xFE, 0x76, 0xFF, 0x1A, 0xFF, 0x1A, 0xFE, 0xB7, 0xFE, 0x34, 0xB3, 0x88, 0xCB, 0xE9, 0x29, 0x65},
    {0x4A, 0x49, 0x29, 0x65, 0xDC, 0x4A, 0xFC, 0xEC, 0xFD, 0xF3, 0xFE, 0xB7, 0xFF, 0x1A, 0xFF, 0x5B, 0xFF, 0x5B, 0xFE, 0xB7, 0xFD, 0xD2, 0xFD, 0x2E, 0xFE, 0xD8, 0xFE, 0x34, 0xFE, 0x34, 0xFE, 0xD8, 0xFF, 0x5B, 0xFF, 0xFF, 0xFF, 0xFF, 0xFF, 0xFF, 0xFE, 0xD8, 0xFD, 0xD2, 0xFC, 0xEC, 0x29, 0x65},
    {0x4A, 0x49, 0x29, 0x65, 0xFC, 0xEC, 0xBB, 0xC9, 0xFD, 0xF3, 0xFE, 0x76, 0xFE, 0xB7, 0xFE, 0xB7, 0xFE, 0xD8, 0xFE, 0x34, 0xD4, 0x0A, 0xFD, 0x90, 0xFE, 0xB7, 0xFE, 0x34, 0xF4, 0xAB, 0xFE, 0xD8, 0xFF, 0x5B, 0xFF, 0x5B, 0xFF, 0x5B, 0xFF, 0x5B, 0xFE, 0xD8, 0xFD, 0x90, 0xFC, 0xEC, 0x29, 0x65},
    {0x4A, 0x49, 0x4A, 0x49, 0xB3, 0x88, 0x82, 0x85, 0xDC, 0x4A, 0xFD, 0x90, 0xFE, 0x34, 0xFE, 0x34, 0xFE, 0x34, 0xF4, 0xAB, 0xAB, 0x48, 0x8A, 0xC6, 0x8A, 0xC6, 0x8A, 0xC6, 0x9B, 0x07, 0xFE, 0x34, 0xFE, 0xB7, 0xFE, 0xD8, 0xFE, 0xD8, 0xFE, 0xD8, 0xFE, 0x76, 0xFC, 0xEC, 0x72, 0x65, 0x4A, 0x49},
    {0x4A, 0x49, 0x4A, 0x49, 0x72, 0x65, 0x82, 0x85, 0xEC, 0x6B, 0xDC, 0x4A, 0xFD, 0x2E, 0xFD, 0xD2, 0xFE, 0x34, 0xFD, 0x2E, 0xFC, 0xEC, 0xE0, 0x00, 0xDC, 0x4A, 0xE0, 0x00, 0xFD, 0xD2, 0xFD, 0x2E, 0xFD, 0xD2, 0xFE, 0x34, 0xFE, 0x76, 0xFE, 0x76, 0xFE, 0x34, 0xD4, 0x0A, 0x29, 0x65, 0x4A, 0x49},
    {0x4A, 0x49, 0x4A, 0x49, 0x39, 0xC7, 0x82, 0x85, 0xFD, 0x2E, 0xFC, 0xEC, 0xFD, 0xD2, 0xFE, 0x34, 0xF4, 0xAB, 0xFD, 0x90, 0xFA, 0xEB, 0xFD, 0x2E, 0xFA, 0xEB, 0xFA, 0xEB, 0xFE, 0x34, 0xF4, 0xAB, 0xFD, 0x90, 0xFE, 0x34, 0xFE, 0x34, 0xFD, 0xF3, 0xFD, 0x2E, 0xA3, 0x27, 0x39, 0xC7, 0x4A, 0x49},
    {0x4A, 0x49, 0x4A, 0x49, 0x39, 0xC7, 0x82, 0x85, 0xFD, 0x90, 0xFD, 0x2E, 0xFD, 0xD2, 0xFE, 0x34, 0x9B, 0x07, 0x88, 0x00, 0x88, 0x00, 0xD4, 0x0A, 0x88, 0x00, 0x88, 0x00, 0x9B, 0x07, 0xBB, 0xC9, 0xFD, 0x90, 0xFE, 0x34, 0xFE, 0x34, 0xFD, 0x90, 0xFD, 0x90, 0x82, 0x85, 0x4A, 0x49, 0x4A, 0x49},
    {0x4A, 0x49, 0x4A, 0x49, 0x39, 0xC7, 0x82, 0x85, 0xFD, 0x90, 0xFE, 0x34, 0xFD, 0x2E, 0xFD, 0x90, 0xD0, 0x00, 0xFA, 0xEB, 0xFE, 0x34, 0xFC, 0xF3, 0xFB, 0xEF, 0xFA, 0x08, 0xE8, 0x00, 0xFB, 0xEF, 0xFD, 0x90, 0xFE, 0x34, 0xFE, 0x34, 0xFD, 0xF3, 0xFD, 0xD2, 0x5A, 0x04, 0x4A, 0x49, 0x4A, 0x49},
    {0x4A, 0x49, 0x4A, 0x49, 0x4A, 0x49, 0x82, 0x85, 0xFD, 0x90, 0xFE, 0x34, 0xFE, 0x34, 0xFE, 0x34, 0xC8, 0x00, 0xDC, 0x4A, 0xF4, 0xAB, 0xEC, 0x6B, 0xF4, 0xAB, 0xFD, 0x2E, 0xB0, 0x00, 0xFE, 0x34, 0xFE, 0x34, 0xFE, 0x34, 0xFE, 0x34, 0xFD, 0x90, 0xFD, 0xD2, 0x21, 0x04, 0x4A, 0x49, 0x4A, 0x49},
    {0x4A, 0x49, 0x4A, 0x49, 0x4A, 0x49, 0x29, 0x65, 0xDC, 0x4A, 0xFD, 0xF3, 0xFE, 0x34, 0xFE, 0xB7, 0xFF, 0x5B, 0xFE, 0xB7, 0xFE, 0x34, 0xFE, 0x34, 0xFE, 0x34, 0xFE, 0x34, 0xFB, 0xEF, 0xFF, 0x5B, 0xFE, 0x34, 0xFD, 0x90, 0xFD, 0x2E, 0xFD, 0xD2, 0xFE, 0x34, 0x21, 0x04, 0x4A, 0x49, 0x4A, 0x49},
    {0x4A, 0x49, 0x4A, 0x49, 0x4A, 0x49, 0x29, 0x65, 0x9B, 0x07, 0xDC, 0x4A, 0xFD, 0x2E, 0xFE, 0x34, 0xFE, 0x34, 0xFE, 0x34, 0xFD, 0x90, 0xDC, 0x4A, 0xFD, 0x90, 0xFE, 0x34, 0xFA, 0x08, 0xFE, 0x34, 0xFD, 0x2E, 0xF4, 0xAB, 0xFC, 0xEC, 0xFE, 0x34, 0xFE, 0x34, 0x39, 0xC7, 0x4A, 0x49, 0x4A, 0x49},
    {0x4A, 0x49, 0x4A, 0x49, 0x4A, 0x49, 0x29, 0x65, 0x6A, 0x44, 0x9B, 0x07, 0xBB, 0xC9, 0xDC, 0x4A, 0xDC, 0x4A, 0xDC, 0x4A, 0xCB, 0xE9, 0xAB, 0x48, 0xCB, 0xE9, 0xDC, 0x4A, 0xDC, 0x4A, 0xDC, 0x4A, 0xBB, 0xC9, 0x9B, 0x07, 0xFD, 0xD2, 0xFE, 0x34, 0xFE, 0x34, 0x39, 0xC7, 0x4A, 0x49, 0x4A, 0x49},
    {0x4A, 0x49, 0x4A, 0x49, 0x4A, 0x49, 0x39, 0xC7, 0x92, 0xE6, 0x5A, 0x04, 0x49, 0xC3, 0x49, 0xC3, 0x49, 0xC3, 0x49, 0xC3, 0x49, 0xC3, 0x5A, 0x04, 0x6A, 0x44, 0x72, 0x65, 0x72, 0x65, 0x92, 0xE6, 0x92, 0xE6, 0xCB, 0xE9, 0xEC, 0x6B, 0xFE, 0x34, 0xFE, 0x34, 0x39, 0xC7, 0x4A, 0x49, 0x4A, 0x49},
    {0x4A, 0x49, 0x4A, 0x49, 0x4A, 0x49, 0x39, 0xC7, 0x92, 0xE6, 0x5A, 0x04, 0x82, 0x85, 0x72, 0x65, 0x72, 0x65, 0x82, 0x85, 0x9B, 0x07, 0x9B, 0x07, 0x9B, 0x07, 0x9B, 0x07, 0x9B, 0x07, 0xAB, 0x48, 0xCB, 0xE9, 0xFE, 0x34, 0xFD, 0x2E, 0xDC, 0x4A, 0xFD, 0x2E, 0x4A, 0x49, 0x4A, 0x49, 0x4A, 0x49},
    {0x4A, 0x49, 0x4A, 0x49, 0x4A, 0x49, 0x4A, 0x49, 0x72, 0x65, 0x5A, 0x04, 0x72, 0x65, 0x82, 0x85, 0x9B, 0x07, 0x9B, 0x07, 0xDC, 0x4A, 0xB3, 0x88, 0xCB, 0xE9, 0xCB, 0xE9, 0xCB, 0xE9, 0xBB, 0xC9, 0xFD, 0x90, 0xFD, 0xF3, 0xFE, 0x34, 0xFC, 0xEC, 0xCB, 0xE9, 0x4A, 0x49, 0x4A, 0x49, 0x4A, 0x49},
    {0x4A, 0x49, 0x4A, 0x49, 0x4A, 0x49, 0x4A, 0x49, 0x72, 0x65, 0x72, 0x65, 0x82, 0x85, 0x9B, 0x07, 0xD4, 0x0A, 0xDC, 0x4A, 0xFD, 0x90, 0xDC, 0x4A, 0xFE, 0x34, 0xFD, 0xD2, 0xF4, 0xAB, 0xCB, 0xE9, 0xFD, 0x2E, 0xFE, 0xB7, 0xFD, 0x2E, 0xFD, 0x2E, 0xA3, 0x27, 0x4A, 0x49, 0x4A, 0x49, 0x4A, 0x49},
    {0x4A, 0x49, 0x4A, 0x49, 0x4A, 0x49, 0x4A, 0x49, 0x72, 0x65, 0x72, 0x65, 0x9B, 0x07, 0x9B, 0x07, 0xA3, 0x27, 0xFC, 0xEC, 0xFD, 0x90, 0xF4, 0xAB, 0xFD, 0x2E, 0xFE, 0x34, 0xFD, 0x90, 0xF4, 0xAB, 0xCB, 0xE9, 0xFD, 0xD2, 0xFD, 0x2E, 0xA3, 0x27, 0xA3, 0x27, 0x4A, 0x49, 0x4A, 0x49, 0x4A, 0x49},
  },
  { /* [15] FACE_OUCH (VGAGRAPH chunk 136) */
    {0x5B, 0x1F, 0x5B, 0x1F, 0x5B, 0x1F, 0x5B, 0x1F, 0x5B, 0x1F, 0x5B, 0x1F, 0x5B, 0x1F, 0x5B, 0x1F, 0x5B, 0x1F, 0x5B, 0x1F, 0x5B, 0x1F, 0x5B, 0x1F, 0x5B, 0x1F, 0x5B, 0x1F, 0x5B, 0x1F, 0x5B, 0x1F, 0x5B, 0x1F, 0x5B, 0x1F, 0x5B, 0x1F, 0x5B, 0x1F, 0x5B, 0x1F, 0x5B, 0x1F, 0x5B, 0x1F, 0x7C, 0x1F},
    {0x4A, 0x49, 0x4A, 0x49, 0x4A, 0x49, 0x4A, 0x49, 0x4A, 0x49, 0x39, 0xC7, 0x39, 0xC7, 0x39, 0xC7, 0x39, 0xC7, 0x39, 0xC7, 0x39, 0xC7, 0x39, 0xC7, 0x39, 0xC7, 0x39, 0xC7, 0x39, 0xC7, 0x39, 0xC7, 0x39, 0xC7, 0x39, 0xC7, 0x4A, 0x49, 0x4A, 0x49, 0x4A, 0x49, 0x4A, 0x49, 0x4A, 0x49, 0x4A, 0x49},
    {0x4A, 0x49, 0x4A, 0x49, 0x4A, 0x49, 0x4A, 0x49, 0x29, 0x65, 0xCB, 0x00, 0xE3, 0x60, 0xE3, 0x60, 0xE3, 0x60, 0xE3, 0x60, 0xE3, 0x60, 0xE3, 0x60, 0xE3, 0x60, 0xE3, 0x60, 0xE3, 0x60, 0xE3, 0x60, 0xE3, 0x60, 0xE3, 0x60, 0xE3, 0x60, 0xAA, 0xA0, 0x39, 0xC7, 0x4A, 0x49, 0x4A, 0x49, 0x4A, 0x49},
    {0x4A, 0x49, 0x4A, 0x49, 0x4A, 0x49, 0x29, 0x65, 0xCB, 0x00, 0xCB, 0x00, 0xE3, 0x60, 0xE3, 0x60, 0xE3, 0x60, 0xE3, 0x60, 0xE3, 0x60, 0xFB, 0xC0, 0xFB, 0xC0, 0xFB, 0xC0, 0xFB, 0xC0, 0xFC, 0x44, 0xFC, 0x44, 0xFC, 0x44, 0xFB, 0xC0, 0xE3, 0x60, 0xAA, 0xA0, 0x39, 0xC7, 0x4A, 0x49, 0x4A, 0x49},
    {0x4A, 0x49, 0x4A, 0x49, 0x4A, 0x49, 0xB2, 0xA0, 0xCB, 0x00, 0xCB, 0x00, 0xE3, 0x60, 0xE3, 0x60, 0xE3, 0x60, 0xFB, 0xC0, 0xFB, 0xC0, 0xFB, 0xC0, 0xFB, 0xC0, 0xFB, 0xC0, 0xFB, 0xC0, 0xFB, 0xC0, 0xFC, 0x44, 0xFC, 0x44, 0xFC, 0x44, 0xFB, 0xC0, 0xFB, 0xC0, 0xAA, 0xA0, 0x4A, 0x49, 0x4A, 0x49},
    {0x4A, 0x49, 0x4A, 0x49, 0x29, 0x65, 0xAA, 0xA0, 0xB2, 0xA0, 0xCB, 0x00, 0xCB, 0x00, 0xCB, 0x00, 0xE3, 0x60, 0xE3, 0x60, 0xE3, 0x60, 0xFB, 0xC0, 0xE3, 0x60, 0xE3, 0x60, 0xE3, 0x60, 0xE3, 0x60, 0xFB, 0xC0, 0xFC, 0x44, 0xFC, 0xC8, 0xFB, 0xC0, 0xFB, 0xC0, 0xCB, 0x00, 0x39, 0xC7, 0x4A, 0x49},
    {0x4A, 0x49, 0x4A, 0x49, 0x29, 0x65, 0x9A, 0x60, 0xB2, 0xA0, 0xB2, 0xA0, 0xB2, 0xA0, 0xB2, 0xA0, 0xCB, 0x00, 0xCB, 0x00, 0xCB, 0x00, 0xFC, 0x44, 0xCB, 0x00, 0xCB, 0x00, 0xCB, 0x00, 0xFB, 0xC0, 0xFB, 0xC0, 0xFC, 0x44, 0xFC, 0xC8, 0xFB, 0xC0, 0xFB, 0xC0, 0xCB, 0x00, 0x39, 0xC7, 0x4A, 0x49},
    {0x4A, 0x49, 0x4A, 0x49, 0x29, 0x65, 0x82, 0x85, 0xAA, 0xA0, 0xB2, 0xA0, 0x82, 0x85, 0x82, 0x85, 0x82, 0x85, 0xB2, 0xA0, 0xB2, 0xA0, 0xE3, 0x60, 0x82, 0x85, 0x82, 0x85, 0x92, 0xE6, 0xB2, 0xA0, 0xCB, 0x00, 0xFB, 0xC0, 0xFC, 0x44, 0xFB, 0xC0, 0xCB, 0x00, 0x82, 0x85, 0x39, 0xC7, 0x4A, 0x49},
    {0x4A, 0x49, 0x4A, 0x49, 0x29, 0x65, 0x82, 0x85, 0xAA, 0xA0, 0x82, 0x85, 0x5A, 0x04, 0x5A, 0x04, 0x5A, 0x04, 0x82, 0x85, 0xB2, 0xA0, 0xB2, 0xA0, 0x5A, 0x04, 0x5A, 0x04, 0x82, 0x85, 0x92, 0xE6, 0xFB, 0xC0, 0xCB, 0x00, 0xFB, 0xC0, 0xB2, 0xA0, 0x9A, 0x60, 0x82, 0x85, 0x39, 0xC7, 0x4A, 0x49},
    {0x4A, 0x49, 0x4A, 0x49, 0x29, 0x65, 0x6A, 0x44, 0xAA, 0xA0, 0x5A, 0x04, 0x5A, 0x04, 0xB3, 0x88, 0xB3, 0x88, 0x9B, 0x07, 0xAB, 0x48, 0xB2, 0xA0, 0x5A, 0x04, 0x5A, 0x04, 0x5A, 0x04, 0x5A, 0x04, 0xB2, 0xA0, 0xCB, 0x00, 0xE3, 0x60, 0x5A, 0x04, 0x5A, 0x04, 0x6A, 0x44, 0x39, 0xC7, 0x4A, 0x49},
    {0x4A, 0x49, 0x4A, 0x49, 0x29, 0x65, 0x6A, 0x44, 0x5A, 0x04, 0x5A, 0x04, 0xB3, 0x88, 0xDC, 0x4A, 0xFC, 0xEC, 0xEC, 0x6B, 0x9B, 0x07, 0xAA, 0xA0, 0xCB, 0xE9, 0x9B, 0x07, 0x5A, 0x04, 0xAB, 0x48, 0xB2, 0xA0, 0xCB, 0x00, 0xE3, 0x60, 0xFC, 0xEC, 0x5A, 0x04, 0x6A, 0x44, 0x39, 0xC7, 0x4A, 0x49},
    {0x4A, 0x49, 0x4A, 0x49, 0x29, 0x65, 0x51, 0xE3, 0x5A, 0x04, 0xB3, 0x88, 0xDC, 0x4A, 0xFD, 0x90, 0xFE, 0x34, 0xFD, 0x90, 0xD4, 0x0A, 0xFD, 0x90, 0xDC, 0x4A, 0xCB, 0xE9, 0xB3, 0x88, 0xAB, 0x48, 0xAA, 0xA0, 0xCB, 0x00, 0xB2, 0xA0, 0xFD, 0x90, 0xCB, 0xE9, 0x51, 0xE3, 0x39, 0xC7, 0x4A, 0x49},
    {0x4A, 0x49, 0x4A, 0x49, 0x29, 0x65, 0x51, 0xE3, 0x5A, 0x04, 0xD4, 0x0A, 0xF4, 0xAB, 0xFD, 0xD2, 0xFD, 0xD2, 0xFE, 0x34, 0xFE, 0x76, 0xFE, 0x34, 0xFD, 0x90, 0xDC, 0x4A, 0xD4, 0x0A, 0xEC, 0x6B, 0xAA, 0xA0, 0xEC, 0x6B, 0xFD, 0x90, 0xFE, 0x34, 0xFC, 0xEC, 0x51, 0xE3, 0x39, 0xC7, 0x4A, 0x49},
    {0x4A, 0x49, 0x29, 0x65, 0xD4, 0x0A, 0x51, 0xE3, 0xB3, 0x88, 0xF4, 0xAB, 0x39, 0xC7, 0x39, 0xC7, 0x4A, 0x49, 0xD4, 0x0A, 0xFD, 0xD2, 0xFE, 0x76, 0xFE, 0x34, 0xFD, 0x90, 0xF4, 0xAB, 0xAA, 0xA0, 0x4A, 0x49, 0x39, 0xC7, 0x39, 0xC7, 0xFE, 0xD8, 0xFD, 0x90, 0x51, 0xE3, 0xD4, 0x0A, 0x39, 0xC7},
    {0x4A, 0x49, 0x29, 0x65, 0xFC, 0xEC, 0x5A, 0x04, 0xB3, 0x88, 0x4A, 0x49, 0xD4, 0x0A, 0x00, 0x0C, 0x21, 0x04, 0x21, 0x04, 0x21, 0x04, 0xDC, 0x4A, 0xF4, 0xAB, 0xDC, 0x4A, 0x21, 0x04, 0x21, 0x04, 0x21, 0x04, 0x21, 0x04, 0x4A, 0x49, 0x4A, 0x49, 0xFE, 0xD8, 0x5A, 0x04, 0xFD, 0x90, 0x39, 0xC7},
    {0x4A, 0x49, 0x29, 0x65, 0x92, 0xE6, 0x5A, 0x04, 0xD4, 0x0A, 0xFD, 0x90, 0xDE, 0xFB, 0x00, 0x15, 0x4A, 0x49, 0xFA, 0xAA, 0xA8, 0x00, 0x9B, 0x07, 0xAB, 0x48, 0xBB, 0xC9, 0xA8, 0x00, 0xD0, 0x00, 0xF8, 0x00, 0xFA, 0xAA, 0xA8, 0x00, 0xFA, 0xAA, 0xFD, 0xF3, 0x5A, 0x04, 0x92, 0xE6, 0x39, 0xC7},
    {0x4A, 0x49, 0x29, 0x65, 0xD4, 0x0A, 0xDC, 0x4A, 0xFD, 0x90, 0xFE, 0x34, 0xFE, 0x34, 0xFD, 0x90, 0xFD, 0x90, 0xFD, 0x2E, 0xFD, 0x2E, 0xEC, 0x6B, 0xFD, 0x2E, 0xFD, 0x2E, 0xFD, 0x90, 0xF9, 0x1F, 0xC8, 0x19, 0xFA, 0xBF, 0xFB, 0xFF, 0xFE, 0x34, 0xFE, 0xD8, 0xFD, 0x90, 0xD4, 0x0A, 0x39, 0xC7},
    {0x4A, 0x49, 0x29, 0x65, 0xEC, 0x6B, 0xDC, 0x4A, 0xFD, 0xD2, 0xFE, 0x34, 0xFE, 0xD8, 0xFE, 0xD8, 0xFE, 0xD8, 0xFE, 0x34, 0xFE, 0x34, 0xFD, 0x2E, 0xFE, 0x34, 0xFE, 0x34, 0xFE, 0x34, 0xFE, 0x76, 0xFE, 0xD8, 0xFE, 0xD8, 0xFF, 0x5B, 0xFF, 0x5B, 0xFE, 0xD8, 0xFE, 0x76, 0xEC, 0x6B, 0x39, 0xC7},
    {0x4A, 0x49, 0x4A, 0x49, 0x39, 0xC7, 0xDC, 0x4A, 0xFD, 0xD2, 0xFE, 0x34, 0xFE, 0xB7, 0xFE, 0xD8, 0xFE, 0xB7, 0xFE, 0x34, 0xCB, 0xE9, 0xFD, 0x90, 0xFE, 0xB7, 0xFE, 0xD8, 0xF4, 0xAB, 0xFE, 0x76, 0xFE, 0xB7, 0xFE, 0xB7, 0xFF, 0x1A, 0xFF, 0x1A, 0xFF, 0x5B, 0xFE, 0x76, 0x49, 0xC3, 0x4A, 0x49},
    {0x4A, 0x49, 0x4A, 0x49, 0x39, 0xC7, 0xD4, 0x0A, 0xFD, 0x2E, 0xFD, 0x90, 0xFD, 0xF3, 0xFE, 0x34, 0xFE, 0x34, 0xFD, 0xF3, 0xEC, 0x6B, 0xD4, 0x0A, 0xFC, 0xEC, 0xFD, 0x2E, 0xFD, 0x2E, 0xFD, 0xD2, 0xFE, 0x76, 0xFE, 0x76, 0xFE, 0xD8, 0xFE, 0xD8, 0xFE, 0xD8, 0xFE, 0x76, 0x5A, 0x04, 0x4A, 0x49},
    {0x4A, 0x49, 0x4A, 0x49, 0x39, 0xC7, 0xB3, 0x88, 0xFD, 0x2E, 0xFD, 0x2E, 0xFD, 0xD2, 0xFD, 0xF3, 0xFD, 0xD2, 0xFD, 0x90, 0xFD, 0x90, 0x78, 0x00, 0x9B, 0x07, 0x78, 0x00, 0xFD, 0x90, 0xFD, 0xD2, 0xFD, 0xD2, 0xFE, 0x76, 0xFE, 0x76, 0xFE, 0x76, 0xFE, 0x34, 0xFD, 0x90, 0x72, 0x65, 0x4A, 0x49},
    {0x4A, 0x49, 0x4A, 0x49, 0x4A, 0x49, 0x82, 0x85, 0xCB, 0xE9, 0xF4, 0xAB, 0xFD, 0x90, 0xFD, 0x90, 0xFD, 0x2E, 0xFD, 0x2E, 0xF4, 0xAB, 0xFA, 0xAA, 0xCB, 0xE9, 0xFA, 0xAA, 0xFD, 0x90, 0xFD, 0x90, 0xFD, 0x90, 0xFD, 0xD2, 0xFD, 0xD2, 0xFD, 0xD2, 0xFD, 0xD2, 0xD4, 0x0A, 0x4A, 0x49, 0x4A, 0x49},
    {0x4A, 0x49, 0x4A, 0x49, 0x4A, 0x49, 0x82, 0x85, 0xCB, 0xE9, 0xF4, 0xAB, 0xF4, 0xAB, 0xFD, 0x2E, 0xD4, 0x0A, 0x41, 0x83, 0x72, 0x65, 0x60, 0x00, 0x60, 0x00, 0x60, 0x00, 0x72, 0x65, 0x41, 0x83, 0xF4, 0xAB, 0xFD, 0x90, 0xFD, 0xD2, 0xFD, 0xD2, 0xFD, 0xD2, 0xB3, 0x88, 0x4A, 0x49, 0x4A, 0x49},
    {0x4A, 0x49, 0x4A, 0x49, 0x4A, 0x49, 0x21, 0x04, 0xB3, 0x88, 0xCB, 0xE9, 0xFD, 0x2E, 0xD4, 0x0A, 0xA8, 0x00, 0xFA, 0xAA, 0xFD, 0x90, 0xFD, 0xF3, 0xFA, 0xAA, 0xA8, 0x00, 0xA8, 0x00, 0xC8, 0x00, 0xFA, 0xAA, 0xF4, 0xAB, 0xFD, 0xD2, 0xFD, 0xD2, 0xFD, 0x90, 0x92, 0xE6, 0x4A, 0x49, 0x4A, 0x49},
    {0x4A, 0x49, 0x4A, 0x49, 0x4A, 0x49, 0x21, 0x04, 0x8A, 0xC6, 0xB3, 0x88, 0xEC, 0x6B, 0xFD, 0xD2, 0xC8, 0x00, 0xA8, 0x00, 0xF4, 0xAB, 0xDC, 0x4A, 0xCB, 0xE9, 0xDC, 0x4A, 0xF4, 0xAB, 0xF8, 0x00, 0xFD, 0x2E, 0xFE, 0x34, 0xFE, 0x34, 0xFD, 0x90, 0xDC, 0x4A, 0x72, 0x65, 0x4A, 0x49, 0x4A, 0x49},
    {0x4A, 0x49, 0x4A, 0x49, 0x4A, 0x49, 0x29, 0x65, 0x8A, 0xC6, 0x49, 0xC3, 0xB3, 0x88, 0xFD, 0x2E, 0xFE, 0x34, 0xFA, 0xAA, 0xFE, 0x34, 0xFD, 0xD2, 0xFD, 0x2E, 0xFD, 0xD2, 0xFE, 0x34, 0xFA, 0xAA, 0xFE, 0x34, 0xFE, 0x34, 0xFC, 0xEC, 0xFC, 0xEC, 0xFD, 0x90, 0x41, 0x83, 0x4A, 0x49, 0x4A, 0x49},
    {0x4A, 0x49, 0x4A, 0x49, 0x4A, 0x49, 0x29, 0x65, 0x8A, 0xC6, 0x49, 0xC3, 0x49, 0xC3, 0xB3, 0x88, 0xCB, 0xE9, 0xF4, 0xAB, 0xF4, 0xAB, 0xF4, 0xAB, 0xCB, 0xE9, 0xF4, 0xAB, 0xA8, 0x00, 0xF4, 0xAB, 0xF4, 0xAB, 0xF4, 0xAB, 0x92, 0xE6, 0xFD, 0x90, 0xFE, 0x34, 0x39, 0xC7, 0x4A, 0x49, 0x4A, 0x49},
    {0x4A, 0x49, 0x4A, 0x49, 0x4A, 0x49, 0x39, 0xC7, 0x8A, 0xC6, 0x49, 0xC3, 0x8A, 0xC6, 0x49, 0xC3, 0x49, 0xC3, 0x49, 0xC3, 0x49, 0xC3, 0x49, 0xC3, 0x5A, 0x04, 0x72, 0x65, 0x72, 0x65, 0x72, 0x65, 0x72, 0x65, 0x92, 0xE6, 0xD4, 0x0A, 0xFE, 0x34, 0xFE, 0x34, 0x39, 0xC7, 0x4A, 0x49, 0x4A, 0x49},
    {0x4A, 0x49, 0x4A, 0x49, 0x4A, 0x49, 0x39, 0xC7, 0x92, 0xE6, 0x5A, 0x04, 0x82, 0x85, 0x72, 0x65, 0x72, 0x65, 0x82, 0x85, 0x9B, 0x07, 0x9B, 0x07, 0x9B, 0x07, 0x9B, 0x07, 0x9B, 0x07, 0xAB, 0x48, 0xCB, 0xE9, 0xFE, 0x34, 0xFD, 0x2E, 0xDC, 0x4A, 0xFD, 0x2E, 0x4A, 0x49, 0x4A, 0x49, 0x4A, 0x49},
    {0x4A, 0x49, 0x4A, 0x49, 0x4A, 0x49, 0x4A, 0x49, 0x72, 0x65, 0x5A, 0x04, 0x72, 0x65, 0x82, 0x85, 0x9B, 0x07, 0x9B, 0x07, 0xDC, 0x4A, 0xB3, 0x88, 0xCB, 0xE9, 0xCB, 0xE9, 0xCB, 0xE9, 0xBB, 0xC9, 0xFD, 0x90, 0xFD, 0xF3, 0xFE, 0x34, 0xFC, 0xEC, 0xCB, 0xE9, 0x4A, 0x49, 0x4A, 0x49, 0x4A, 0x49},
    {0x4A, 0x49, 0x4A, 0x49, 0x4A, 0x49, 0x4A, 0x49, 0x72, 0x65, 0x72, 0x65, 0x82, 0x85, 0x9B, 0x07, 0xD4, 0x0A, 0xDC, 0x4A, 0xFD, 0x90, 0xDC, 0x4A, 0xFE, 0x34, 0xFD, 0xD2, 0xF4, 0xAB, 0xCB, 0xE9, 0xFD, 0x2E, 0xFE, 0xB7, 0xFD, 0x2E, 0xFD, 0x2E, 0xA3, 0x27, 0x4A, 0x49, 0x4A, 0x49, 0x4A, 0x49},
    {0x4A, 0x49, 0x4A, 0x49, 0x4A, 0x49, 0x4A, 0x49, 0x72, 0x65, 0x72, 0x65, 0x9B, 0x07, 0x9B, 0x07, 0xA3, 0x27, 0xFC, 0xEC, 0xFD, 0x90, 0xF4, 0xAB, 0xFD, 0x2E, 0xFE, 0x34, 0xFD, 0x90, 0xF4, 0xAB, 0xCB, 0xE9, 0xFD, 0xD2, 0xFD, 0x2E, 0xA3, 0x27, 0xA3, 0x27, 0x4A, 0x49, 0x4A, 0x49, 0x4A, 0x49},
  },
  { /* [16] FACE_GOTGATLING (VGAGRAPH chunk 137) */
    {0x5B, 0x1F, 0x5B, 0x1F, 0x5B, 0x1F, 0x5B, 0x1F, 0x5B, 0x1F, 0x5B, 0x1F, 0x5B, 0x1F, 0x5B, 0x1F, 0x5B, 0x1F, 0x5B, 0x1F, 0x5B, 0x1F, 0x5B, 0x1F, 0x5B, 0x1F, 0x5B, 0x1F, 0x5B, 0x1F, 0x5B, 0x1F, 0x5B, 0x1F, 0x5B, 0x1F, 0x5B, 0x1F, 0x5B, 0x1F, 0x5B, 0x1F, 0x5B, 0x1F, 0x5B, 0x1F, 0x7C, 0x1F},
    {0x4A, 0x49, 0x4A, 0x49, 0x4A, 0x49, 0x4A, 0x49, 0x4A, 0x49, 0x39, 0xC7, 0x39, 0xC7, 0x39, 0xC7, 0x39, 0xC7, 0x39, 0xC7, 0x39, 0xC7, 0x39, 0xC7, 0x39, 0xC7, 0x39, 0xC7, 0x39, 0xC7, 0x39, 0xC7, 0x39, 0xC7, 0x39, 0xC7, 0x4A, 0x49, 0x4A, 0x49, 0x4A, 0x49, 0x4A, 0x49, 0x4A, 0x49, 0x4A, 0x49},
    {0x4A, 0x49, 0x4A, 0x49, 0x4A, 0x49, 0x4A, 0x49, 0x29, 0x65, 0xCB, 0x00, 0xE3, 0x60, 0xE3, 0x60, 0xE3, 0x60, 0xE3, 0x60, 0xE3, 0x60, 0xE3, 0x60, 0xE3, 0x60, 0xE3, 0x60, 0xE3, 0x60, 0xE3, 0x60, 0xE3, 0x60, 0xE3, 0x60, 0xE3, 0x60, 0xAA, 0xA0, 0x39, 0xC7, 0x4A, 0x49, 0x4A, 0x49, 0x4A, 0x49},
    {0x4A, 0x49, 0x4A, 0x49, 0x4A, 0x49, 0x29, 0x65, 0xCB, 0x00, 0xCB, 0x00, 0xE3, 0x60, 0xE3, 0x60, 0xE3, 0x60, 0xE3, 0x60, 0xFB, 0xC0, 0xFB, 0xC0, 0xFB, 0xC0, 0xFB, 0xC0, 0xFB, 0xC0, 0xFC, 0x44, 0xFC, 0x44, 0xFC, 0x44, 0xFB, 0xC0, 0xE3, 0x60, 0xAA, 0xA0, 0x39, 0xC7, 0x4A, 0x49, 0x4A, 0x49},
    {0x4A, 0x49, 0x4A, 0x49, 0x4A, 0x49, 0xB2, 0xA0, 0xCB, 0x00, 0xCB, 0x00, 0xE3, 0x60, 0xE3, 0x60, 0xE3, 0x60, 0xFB, 0xC0, 0xFB, 0xC0, 0xFB, 0xC0, 0xFB, 0xC0, 0xFB, 0xC0, 0xFB, 0xC0, 0xFB, 0xC0, 0xFC, 0x44, 0xFC, 0x44, 0xFC, 0x44, 0xFB, 0xC0, 0xFB, 0xC0, 0xAA, 0xA0, 0x4A, 0x49, 0x4A, 0x49},
    {0x4A, 0x49, 0x4A, 0x49, 0x29, 0x65, 0xAA, 0xA0, 0xB2, 0xA0, 0xCB, 0x00, 0xCB, 0x00, 0xCB, 0x00, 0xE3, 0x60, 0xE3, 0x60, 0xFB, 0xC0, 0xFC, 0x44, 0xFB, 0xC0, 0xE3, 0x60, 0xE3, 0x60, 0xE3, 0x60, 0xFB, 0xC0, 0xFC, 0x44, 0xFC, 0xC8, 0xFB, 0xC0, 0xFB, 0xC0, 0xCB, 0x00, 0x39, 0xC7, 0x4A, 0x49},
    {0x4A, 0x49, 0x4A, 0x49, 0x29, 0x65, 0x9A, 0x60, 0xB2, 0xA0, 0xB2, 0xA0, 0x92, 0xE6, 0x92, 0xE6, 0xCB, 0x00, 0xCB, 0x00, 0xCB, 0x00, 0xFB, 0xC0, 0xCB, 0x00, 0xCB, 0x00, 0xCB, 0x00, 0xFB, 0xC0, 0xFB, 0xC0, 0xFC, 0x44, 0xFC, 0xC8, 0xFB, 0xC0, 0xFB, 0xC0, 0xCB, 0x00, 0x39, 0xC7, 0x4A, 0x49},
    {0x4A, 0x49, 0x4A, 0x49, 0x29, 0x65, 0x82, 0x85, 0xAA, 0xA0, 0x82, 0x85, 0x72, 0x65, 0x72, 0x65, 0x72, 0x65, 0x9A, 0x60, 0xB2, 0xA0, 0xE3, 0x60, 0x82, 0x85, 0x82, 0x85, 0x92, 0xE6, 0xB2, 0xA0, 0xCB, 0x00, 0xFB, 0xC0, 0xFC, 0x44, 0xFB, 0xC0, 0xCB, 0x00, 0x82, 0x85, 0x39, 0xC7, 0x4A, 0x49},
    {0x4A, 0x49, 0x4A, 0x49, 0x29, 0x65, 0x82, 0x85, 0xAA, 0xA0, 0x6A, 0x44, 0x6A, 0x44, 0x6A, 0x44, 0x6A, 0x44, 0x82, 0x85, 0x9A, 0x60, 0xB2, 0xA0, 0x5A, 0x04, 0x5A, 0x04, 0x82, 0x85, 0x92, 0xE6, 0xFB, 0xC0, 0xCB, 0x00, 0xFB, 0xC0, 0xB2, 0xA0, 0x9A, 0x60, 0x82, 0x85, 0x39, 0xC7, 0x4A, 0x49},
    {0x4A, 0x49, 0x4A, 0x49, 0x29, 0x65, 0x6A, 0x44, 0xAA, 0xA0, 0x6A, 0x44, 0x92, 0xE6, 0x92, 0xE6, 0x9B, 0x07, 0x9B, 0x07, 0xAB, 0x48, 0xB2, 0xA0, 0x5A, 0x04, 0x5A, 0x04, 0x5A, 0x04, 0x5A, 0x04, 0xB2, 0xA0, 0xCB, 0x00, 0xE3, 0x60, 0x5A, 0x04, 0x5A, 0x04, 0x6A, 0x44, 0x39, 0xC7, 0x4A, 0x49},
    {0x4A, 0x49, 0x4A, 0x49, 0x29, 0x65, 0x6A, 0x44, 0x5A, 0x04, 0x92, 0xE6, 0xD4, 0x0A, 0xDC, 0x4A, 0xFC, 0xEC, 0xEC, 0x6B, 0xB3, 0x88, 0xB3, 0x88, 0xAB, 0x48, 0x82, 0x85, 0x5A, 0x04, 0x92, 0xE6, 0xB2, 0xA0, 0xCB, 0x00, 0xCB, 0x00, 0xFC, 0xEC, 0x5A, 0x04, 0x6A, 0x44, 0x39, 0xC7, 0x4A, 0x49},
    {0x4A, 0x49, 0x4A, 0x49, 0x29, 0x65, 0x51, 0xE3, 0x5A, 0x04, 0xB3, 0x88, 0xDC, 0x4A, 0xFD, 0x90, 0xFE, 0x34, 0xFD, 0x90, 0xEC, 0x6B, 0xFD, 0x90, 0xDC, 0x4A, 0xBB, 0xC9, 0x92, 0xE6, 0xAB, 0x48, 0xAA, 0xA0, 0xCB, 0x00, 0xB2, 0xA0, 0xFD, 0x90, 0xCB, 0xE9, 0x51, 0xE3, 0x39, 0xC7, 0x4A, 0x49},
    {0x4A, 0x49, 0x4A, 0x49, 0x72, 0x65, 0x51, 0xE3, 0x5A, 0x04, 0xD4, 0x0A, 0x39, 0xC7, 0x39, 0xC7, 0x4A, 0x49, 0x4A, 0x49, 0xFE, 0x76, 0xFE, 0x34, 0xFD, 0x90, 0xDC, 0x4A, 0xBB, 0xC9, 0xEC, 0x6B, 0xAA, 0xA0, 0xEC, 0x6B, 0xFD, 0x90, 0xFE, 0x34, 0xFC, 0xEC, 0x51, 0xE3, 0x39, 0xC7, 0x4A, 0x49},
    {0x4A, 0x49, 0x29, 0x65, 0xEC, 0x6B, 0x51, 0xE3, 0xB3, 0x88, 0x52, 0xAA, 0x8A, 0xC6, 0x72, 0x65, 0x72, 0x65, 0x72, 0x65, 0x4A, 0x49, 0xFE, 0x76, 0xFE, 0x34, 0xFD, 0x90, 0xCB, 0xE9, 0xAA, 0xA0, 0x4A, 0x49, 0x39, 0xC7, 0x7B, 0xEF, 0xFE, 0xD8, 0xFD, 0x90, 0x51, 0xE3, 0xCB, 0xE9, 0x39, 0xC7},
    {0x4A, 0x49, 0x29, 0x65, 0xBB, 0xC9, 0x5A, 0x04, 0xB3, 0x88, 0xBB, 0xC9, 0x00, 0x0C, 0x00, 0x0B, 0xB8, 0x00, 0x52, 0xAA, 0x8A, 0xC6, 0xDC, 0x4A, 0xF4, 0xAB, 0xBB, 0xC9, 0x00, 0x00, 0x00, 0x00, 0x21, 0x04, 0x29, 0x65, 0x4A, 0x49, 0x4A, 0x49, 0xFE, 0xD8, 0x5A, 0x04, 0xFD, 0x2E, 0x39, 0xC7},
    {0x4A, 0x49, 0x29, 0x65, 0xA3, 0x27, 0x5A, 0x04, 0xD4, 0x0A, 0xFD, 0x90, 0x00, 0x15, 0x4A, 0x49, 0xFA, 0xAA, 0xE8, 0x00, 0xA8, 0x00, 0x9B, 0x07, 0xAB, 0x48, 0xBB, 0xC9, 0x98, 0x00, 0xF8, 0x00, 0xFA, 0xAA, 0xF8, 0x00, 0xA8, 0x00, 0xFA, 0xAA, 0xFD, 0xF3, 0x5A, 0x04, 0xAB, 0x48, 0x39, 0xC7},
    {0x4A, 0x49, 0x29, 0x65, 0xF4, 0xAB, 0xDC, 0x4A, 0xFD, 0x90, 0xFE, 0x34, 0xFD, 0x90, 0xFD, 0x90, 0xFD, 0x90, 0xFD, 0x2E, 0xFD, 0x2E, 0xEC, 0x6B, 0xFD, 0x2E, 0xFD, 0x2E, 0xFD, 0x90, 0xF9, 0x1F, 0xC8, 0x19, 0xFA, 0xBF, 0xFB, 0xFF, 0xFE, 0x34, 0xFE, 0xD8, 0xFD, 0x90, 0xD4, 0x0A, 0x39, 0xC7},
    {0x4A, 0x49, 0x29, 0x65, 0xBB, 0xC9, 0xDC, 0x4A, 0xFD, 0xD2, 0xFE, 0x34, 0xFE, 0xD8, 0xFE, 0xD8, 0xFE, 0xD8, 0xFE, 0x34, 0xFE, 0x34, 0xFD, 0x2E, 0xFE, 0x34, 0xFE, 0x34, 0xFE, 0x34, 0xFE, 0x76, 0xFE, 0xD8, 0xFE, 0xD8, 0xFF, 0x5B, 0xFF, 0x5B, 0xFF, 0x1A, 0xFE, 0x76, 0xFC, 0xEC, 0x39, 0xC7},
    {0x4A, 0x49, 0x4A, 0x49, 0x39, 0xC7, 0xDC, 0x4A, 0xFD, 0xD2, 0xFE, 0x34, 0xFE, 0xB7, 0xFE, 0xD8, 0xFE, 0xB7, 0xFE, 0x34, 0xCB, 0xE9, 0xFD, 0x90, 0xFE, 0xB7, 0xFE, 0xD8, 0xF4, 0xAB, 0xFE, 0x76, 0xFE, 0xB7, 0xFE, 0xB7, 0xFF, 0x1A, 0xFF, 0x1A, 0xFF, 0x5B, 0xFE, 0x76, 0xAB, 0x48, 0x4A, 0x49},
    {0x4A, 0x49, 0x4A, 0x49, 0x39, 0xC7, 0xD4, 0x0A, 0xFD, 0x2E, 0xFD, 0x90, 0xFD, 0xF3, 0xFE, 0x34, 0xFE, 0x34, 0xFD, 0xF3, 0xEC, 0x6B, 0xD4, 0x0A, 0xFC, 0xEC, 0xFD, 0x2E, 0xFD, 0x2E, 0xFD, 0xD2, 0xFE, 0x76, 0xFE, 0x76, 0xFE, 0xD8, 0xFE, 0xD8, 0xFF, 0x1A, 0xFE, 0x76, 0x5A, 0x04, 0x4A, 0x49},
    {0x4A, 0x49, 0x4A, 0x49, 0x39, 0xC7, 0xB3, 0x88, 0xEC, 0x6B, 0xFD, 0x2E, 0xFD, 0xD2, 0xFD, 0xF3, 0xFD, 0xD2, 0xFD, 0x90, 0xFD, 0x90, 0x78, 0x00, 0x9B, 0x07, 0x78, 0x00, 0xFD, 0x90, 0xFD, 0x90, 0xFD, 0xD2, 0xFE, 0x76, 0xFE, 0x76, 0xFE, 0x76, 0xFE, 0x34, 0xFD, 0x90, 0x72, 0x65, 0x4A, 0x49},
    {0x4A, 0x49, 0x4A, 0x49, 0x4A, 0x49, 0x82, 0x85, 0xCB, 0xE9, 0xF4, 0xAB, 0xFD, 0x90, 0xFD, 0x90, 0xFD, 0x2E, 0xFD, 0x2E, 0xF4, 0xAB, 0xFA, 0xAA, 0xCB, 0xE9, 0xFA, 0xAA, 0xFC, 0xEC, 0xEC, 0x6B, 0xFD, 0x90, 0xFD, 0xD2, 0xFD, 0xD2, 0xFD, 0xD2, 0xFD, 0xD2, 0xEC, 0x6B, 0x4A, 0x49, 0x4A, 0x49},
    {0x4A, 0x49, 0x4A, 0x49, 0x4A, 0x49, 0x82, 0x85, 0xCB, 0xE9, 0xD4, 0x0A, 0xF4, 0xAB, 0xFD, 0x2E, 0xEC, 0x6B, 0xB3, 0x88, 0x72, 0x65, 0x60, 0x00, 0x60, 0x00, 0x60, 0x00, 0x72, 0x65, 0x41, 0x83, 0xB3, 0x88, 0xFD, 0x2E, 0xFD, 0xD2, 0xFD, 0x90, 0xFD, 0x90, 0xD4, 0x0A, 0x4A, 0x49, 0x4A, 0x49},
    {0x4A, 0x49, 0x4A, 0x49, 0x4A, 0x49, 0x21, 0x04, 0x8A, 0xC6, 0xB3, 0x88, 0xCB, 0xE9, 0xF4, 0xAB, 0xD4, 0x0A, 0xA8, 0x00, 0xFA, 0xAA, 0xFD, 0x90, 0xFD, 0xF3, 0xFA, 0xAA, 0xA8, 0x00, 0xA8, 0x00, 0xC8, 0x00, 0xFA, 0xAA, 0xF4, 0xAB, 0xFD, 0x90, 0xFC, 0xEC, 0xB3, 0x88, 0x4A, 0x49, 0x4A, 0x49},
    {0x4A, 0x49, 0x4A, 0x49, 0x4A, 0x49, 0x21, 0x04, 0x8A, 0xC6, 0x72, 0x65, 0xB3, 0x88, 0xEC, 0x6B, 0xFD, 0xD2, 0xC8, 0x00, 0xA8, 0x00, 0xF4, 0xAB, 0xDC, 0x4A, 0xCB, 0xE9, 0xDC, 0x4A, 0xF4, 0xAB, 0xF8, 0x00, 0xFD, 0x2E, 0xFE, 0x34, 0xFE, 0x34, 0xDC, 0x4A, 0x72, 0x65, 0x4A, 0x49, 0x4A, 0x49},
    {0x4A, 0x49, 0x4A, 0x49, 0x4A, 0x49, 0x29, 0x65, 0x8A, 0xC6, 0x72, 0x65, 0x49, 0xC3, 0xB3, 0x88, 0xFD, 0x2E, 0xFE, 0x34, 0xFA, 0xAA, 0xFE, 0x34, 0xFD, 0xD2, 0xFD, 0x2E, 0xFD, 0xD2, 0xFE, 0x34, 0xFA, 0xAA, 0xFE, 0x34, 0xFE, 0x34, 0xFC, 0xEC, 0xFD, 0x90, 0x41, 0x83, 0x4A, 0x49, 0x4A, 0x49},
    {0x4A, 0x49, 0x4A, 0x49, 0x4A, 0x49, 0x29, 0x65, 0x8A, 0xC6, 0x72, 0x65, 0x49, 0xC3, 0x49, 0xC3, 0xB3, 0x88, 0xCB, 0xE9, 0xF4, 0xAB, 0xF4, 0xAB, 0xF4, 0xAB, 0xCB, 0xE9, 0xF4, 0xAB, 0xA8, 0x00, 0xF4, 0xAB, 0xF4, 0xAB, 0xF4, 0xAB, 0xBB, 0xC9, 0xFE, 0x34, 0x39, 0xC7, 0x4A, 0x49, 0x4A, 0x49},
    {0x4A, 0x49, 0x4A, 0x49, 0x4A, 0x49, 0x39, 0xC7, 0x82, 0x85, 0x5A, 0x04, 0x6A, 0x44, 0x8A, 0xC6, 0x49, 0xC3, 0x49, 0xC3, 0x49, 0xC3, 0x49, 0xC3, 0x49, 0xC3, 0x5A, 0x04, 0x72, 0x65, 0x72, 0x65, 0x9B, 0x07, 0xAB, 0x48, 0xCB, 0xE9, 0xF4, 0xAB, 0xFD, 0x90, 0x39, 0xC7, 0x4A, 0x49, 0x4A, 0x49},
    {0x4A, 0x49, 0x4A, 0x49, 0x4A, 0x49, 0x39, 0xC7, 0x82, 0x85, 0x5A, 0x04, 0x82, 0x85, 0x72, 0x65, 0x72, 0x65, 0x82, 0x85, 0x9B, 0x07, 0x9B, 0x07, 0x9B, 0x07, 0x9B, 0x07, 0x9B, 0x07, 0xAB, 0x48, 0xCB, 0xE9, 0xFE, 0x34, 0xFE, 0x34, 0xFC, 0xEC, 0xFD, 0x2E, 0x4A, 0x49, 0x4A, 0x49, 0x4A, 0x49},
    {0x4A, 0x49, 0x4A, 0x49, 0x4A, 0x49, 0x4A, 0x49, 0x72, 0x65, 0x5A, 0x04, 0x72, 0x65, 0x82, 0x85, 0x9B, 0x07, 0x9B, 0x07, 0xDC, 0x4A, 0xB3, 0x88, 0xCB, 0xE9, 0xCB, 0xE9, 0xCB, 0xE9, 0xBB, 0xC9, 0xFD, 0x90, 0xFD, 0xF3, 0xFE, 0x34, 0xFD, 0x90, 0xCB, 0xE9, 0x4A, 0x49, 0x4A, 0x49, 0x4A, 0x49},
    {0x4A, 0x49, 0x4A, 0x49, 0x4A, 0x49, 0x4A, 0x49, 0x72, 0x65, 0x72, 0x65, 0x82, 0x85, 0x9B, 0x07, 0xD4, 0x0A, 0xDC, 0x4A, 0xFD, 0x90, 0xDC, 0x4A, 0xFE, 0x34, 0xFD, 0xD2, 0xF4, 0xAB, 0xCB, 0xE9, 0xFD, 0x2E, 0xFE, 0xB7, 0xFD, 0x2E, 0xFD, 0x2E, 0xA3, 0x27, 0x4A, 0x49, 0x4A, 0x49, 0x4A, 0x49},
    {0x4A, 0x49, 0x4A, 0x49, 0x4A, 0x49, 0x4A, 0x49, 0x72, 0x65, 0x72, 0x65, 0x9B, 0x07, 0x9B, 0x07, 0xA3, 0x27, 0xFC, 0xEC, 0xFD, 0x90, 0xF4, 0xAB, 0xFD, 0x2E, 0xFE, 0x34, 0xFD, 0x90, 0xF4, 0xAB, 0xCB, 0xE9, 0xFD, 0xD2, 0xFD, 0x2E, 0xA3, 0x27, 0xA3, 0x27, 0x4A, 0x49, 0x4A, 0x49, 0x4A, 0x49},
  },
  { /* [17] FACE_DEAD0 (VGAGRAPH chunk 138) */
    {0x5B, 0x1F, 0x5B, 0x1F, 0x5B, 0x1F, 0x5B, 0x1F, 0x5B, 0x1F, 0x5B, 0x1F, 0x5B, 0x1F, 0x5B, 0x1F, 0x5B, 0x1F, 0x5B, 0x1F, 0x5B, 0x1F, 0x5B, 0x1F, 0x5B, 0x1F, 0x5B, 0x1F, 0x5B, 0x1F, 0x5B, 0x1F, 0x5B, 0x1F, 0x5B, 0x1F, 0x5B, 0x1F, 0x5B, 0x1F, 0x5B, 0x1F, 0x5B, 0x1F, 0x5B, 0x1F, 0x7C, 0x1F},
    {0x4A, 0x49, 0x4A, 0x49, 0x4A, 0x49, 0x4A, 0x49, 0x4A, 0x49, 0x39, 0xC7, 0x39, 0xC7, 0x39, 0xC7, 0x39, 0xC7, 0x39, 0xC7, 0x39, 0xC7, 0x39, 0xC7, 0x39, 0xC7, 0x39, 0xC7, 0x39, 0xC7, 0x39, 0xC7, 0x39, 0xC7, 0x39, 0xC7, 0x4A, 0x49, 0x4A, 0x49, 0x4A, 0x49, 0x4A, 0x49, 0x4A, 0x49, 0x4A, 0x49},
    {0x4A, 0x49, 0x4A, 0x49, 0x4A, 0x49, 0x4A, 0x49, 0x29, 0x65, 0xCB, 0x00, 0xE3, 0x60, 0xE3, 0x60, 0xE3, 0x60, 0xE3, 0x60, 0xE3, 0x60, 0xE3, 0x60, 0xE3, 0x60, 0xE3, 0x60, 0xE3, 0x60, 0xE3, 0x60, 0xE3, 0x60, 0xE3, 0x60, 0xE3, 0x60, 0xAA, 0xA0, 0x39, 0xC7, 0x4A, 0x49, 0x4A, 0x49, 0x4A, 0x49},
    {0x4A, 0x49, 0x4A, 0x49, 0x4A, 0x49, 0x29, 0x65, 0xCB, 0x00, 0xCB, 0x00, 0xE3, 0x60, 0xE3, 0x60, 0xE3, 0x60, 0xE3, 0x60, 0xE3, 0x60, 0xFB, 0xC0, 0xFB, 0xC0, 0xFB, 0xC0, 0xFB, 0xC0, 0xFC, 0x44, 0xFC, 0x44, 0xFC, 0x44, 0xFB, 0xC0, 0xE3, 0x60, 0xAA, 0xA0, 0x39, 0xC7, 0x4A, 0x49, 0x4A, 0x49},
    {0x4A, 0x49, 0x4A, 0x49, 0x4A, 0x49, 0xB2, 0xA0, 0xCB, 0x00, 0xCB, 0x00, 0xE3, 0x60, 0xE3, 0x60, 0xE3, 0x60, 0xFB, 0xC0, 0xFB, 0xC0, 0xFB, 0xC0, 0xFB, 0xC0, 0xFB, 0xC0, 0xFB, 0xC0, 0xFB, 0xC0, 0xFC, 0x44, 0xFC, 0x44, 0xFC, 0xC8, 0xFB, 0xC0, 0xFB, 0xC0, 0xAA, 0xA0, 0x4A, 0x49, 0x4A, 0x49},
    {0x4A, 0x49, 0x4A, 0x49, 0x29, 0x65, 0xAA, 0xA0, 0xB2, 0xA0, 0xCB, 0x00, 0xCB, 0x00, 0xCB, 0x00, 0xE3, 0x60, 0xE3, 0x60, 0xE3, 0x60, 0xFB, 0xC0, 0xE3, 0x60, 0xE3, 0x60, 0xE3, 0x60, 0xE3, 0x60, 0xFB, 0xC0, 0xFC, 0x44, 0xFC, 0xC8, 0xFC, 0x44, 0xFB, 0xC0, 0xCB, 0x00, 0x39, 0xC7, 0x4A, 0x49},
    {0x4A, 0x49, 0x4A, 0x49, 0x29, 0x65, 0x9A, 0x60, 0xB2, 0xA0, 0xB2, 0xA0, 0xB2, 0xA0, 0xB2, 0xA0, 0xCB, 0x00, 0xCB, 0x00, 0xCB, 0x00, 0xFC, 0x44, 0xCB, 0x00, 0xCB, 0x00, 0xCB, 0x00, 0xFB, 0xC0, 0xFB, 0xC0, 0xFC, 0x44, 0xFC, 0x44, 0xFC, 0x44, 0xFB, 0xC0, 0xCB, 0x00, 0x39, 0xC7, 0x4A, 0x49},
    {0x4A, 0x49, 0x4A, 0x49, 0x29, 0x65, 0x82, 0x85, 0xAA, 0xA0, 0xB2, 0xA0, 0x82, 0x85, 0x82, 0x85, 0x82, 0x85, 0xB2, 0xA0, 0xB2, 0xA0, 0xE3, 0x60, 0x82, 0x85, 0x82, 0x85, 0x92, 0xE6, 0xB2, 0xA0, 0xCB, 0x00, 0xFB, 0xC0, 0xFC, 0x44, 0xFB, 0xC0, 0xE3, 0x60, 0x82, 0x85, 0x39, 0xC7, 0x4A, 0x49},
    {0x4A, 0x49, 0x4A, 0x49, 0x29, 0x65, 0x82, 0x85, 0xAA, 0xA0, 0x82, 0x85, 0x5A, 0x04, 0x5A, 0x04, 0x5A, 0x04, 0x82, 0x85, 0xB2, 0xA0, 0xB2, 0xA0, 0x5A, 0x04, 0x5A, 0x04, 0x82, 0x85, 0x92, 0xE6, 0xB2, 0xA0, 0xE3, 0x60, 0xFB, 0xC0, 0xE3, 0x60, 0x9A, 0x60, 0x82, 0x85, 0x39, 0xC7, 0x4A, 0x49},
    {0x4A, 0x49, 0x4A, 0x49, 0x29, 0x65, 0x6A, 0x44, 0xAA, 0xA0, 0x5A, 0x04, 0x5A, 0x04, 0x92, 0xE6, 0xA3, 0x27, 0x9B, 0x07, 0xAB, 0x48, 0xB2, 0xA0, 0x82, 0x85, 0x82, 0x85, 0x5A, 0x04, 0x5A, 0x04, 0xB2, 0xA0, 0xCB, 0x00, 0xE3, 0x60, 0xA3, 0x27, 0x5A, 0x04, 0x6A, 0x44, 0x39, 0xC7, 0x4A, 0x49},
    {0x4A, 0x49, 0x4A, 0x49, 0x29, 0x65, 0x6A, 0x44, 0x5A, 0x04, 0x5A, 0x04, 0xA3, 0x27, 0xCB, 0xE9, 0xEC, 0x6B, 0xEC, 0x6B, 0x9B, 0x07, 0xAA, 0xA0, 0xCB, 0xE9, 0x9B, 0x07, 0x82, 0x85, 0xAB, 0x48, 0xB2, 0xA0, 0xE3, 0x60, 0xE3, 0x60, 0xFC, 0xEC, 0xA3, 0x27, 0x6A, 0x44, 0x39, 0xC7, 0x4A, 0x49},
    {0x4A, 0x49, 0x4A, 0x49, 0x29, 0x65, 0x51, 0xE3, 0x5A, 0x04, 0xB3, 0x88, 0xDC, 0x4A, 0xFD, 0x2E, 0xFE, 0x34, 0xFD, 0x90, 0xD4, 0x0A, 0xFD, 0x90, 0xF4, 0xAB, 0xDC, 0x4A, 0xB3, 0x88, 0xAB, 0x48, 0xAA, 0xA0, 0xE3, 0x60, 0xFC, 0xEC, 0xFD, 0x90, 0xCB, 0xE9, 0x51, 0xE3, 0x39, 0xC7, 0x4A, 0x49},
    {0x4A, 0x49, 0x4A, 0x49, 0x29, 0x65, 0x51, 0xE3, 0x5A, 0x04, 0xD4, 0x0A, 0xF4, 0xAB, 0xFD, 0xD2, 0xFD, 0xD2, 0xFE, 0x34, 0xFE, 0x76, 0xFE, 0x34, 0xFD, 0x90, 0xFC, 0xEC, 0xDC, 0x4A, 0x29, 0x65, 0xE3, 0x60, 0x4A, 0x49, 0x4A, 0x49, 0xFE, 0x34, 0xFC, 0xEC, 0x51, 0xE3, 0x39, 0xC7, 0x4A, 0x49},
    {0x4A, 0x49, 0x29, 0x65, 0xB3, 0x88, 0x51, 0xE3, 0xB3, 0x88, 0xF4, 0xAB, 0x39, 0xC7, 0x29, 0x65, 0x4A, 0x49, 0xD4, 0x0A, 0xFD, 0xD2, 0xFE, 0x76, 0xFE, 0x34, 0xFD, 0x90, 0x29, 0x65, 0x9A, 0x60, 0x5A, 0x04, 0xAB, 0x48, 0xCB, 0xE9, 0x52, 0xAA, 0xFD, 0x90, 0x51, 0xE3, 0xF4, 0xAB, 0x39, 0xC7},
    {0x4A, 0x49, 0x29, 0x65, 0xDC, 0x4A, 0x5A, 0x04, 0xB3, 0x88, 0x4A, 0x49, 0xD4, 0x0A, 0x63, 0x2C, 0x21, 0x04, 0x21, 0x04, 0x21, 0x04, 0xDC, 0x4A, 0xF4, 0xAB, 0xDC, 0x4A, 0x92, 0xE6, 0x60, 0x00, 0x60, 0x00, 0x60, 0x00, 0x4A, 0x49, 0xEC, 0x6B, 0xFE, 0xD8, 0x82, 0x85, 0xDC, 0x4A, 0x39, 0xC7},
    {0x4A, 0x49, 0x29, 0x65, 0xAB, 0x48, 0x5A, 0x04, 0xD4, 0x0A, 0xFD, 0x90, 0xC6, 0x18, 0xDE, 0xFB, 0x00, 0x15, 0x4A, 0x49, 0xA8, 0x00, 0x9B, 0x07, 0xAB, 0x48, 0xBB, 0xC9, 0xA8, 0x00, 0xD0, 0x00, 0xFA, 0x08, 0xFB, 0xEF, 0xD0, 0x00, 0xFA, 0xAA, 0xFD, 0xF3, 0x92, 0xE6, 0xAB, 0x48, 0x39, 0xC7},
    {0x4A, 0x49, 0x29, 0x65, 0xAB, 0x48, 0xDC, 0x4A, 0xFD, 0x90, 0xFE, 0x34, 0xFE, 0x34, 0xFD, 0x90, 0xFD, 0x90, 0xFD, 0x2E, 0xFD, 0x2E, 0xEC, 0x6B, 0xFD, 0x2E, 0xFD, 0x2E, 0xFD, 0x90, 0xF9, 0x1F, 0xC8, 0x19, 0xFA, 0xBF, 0xFB, 0xFF, 0xFE, 0x34, 0xFE, 0xD8, 0xFD, 0x90, 0xFC, 0xEC, 0x39, 0xC7},
    {0x4A, 0x49, 0x29, 0x65, 0xF4, 0xAB, 0xDC, 0x4A, 0xFD, 0xD2, 0xFE, 0x34, 0xFE, 0xD8, 0xFE, 0xD8, 0xFE, 0xD8, 0xFE, 0x34, 0xFE, 0x34, 0xFD, 0x2E, 0xFE, 0x34, 0xFE, 0x34, 0xFE, 0x34, 0xFE, 0x76, 0xFE, 0xD8, 0xFE, 0xD8, 0xFF, 0x5B, 0xFF, 0x5B, 0xFF, 0x1A, 0xFD, 0xD2, 0xD4, 0x0A, 0x39, 0xC7},
    {0x4A, 0x49, 0x4A, 0x49, 0x82, 0x85, 0xDC, 0x4A, 0xFD, 0xD2, 0xFE, 0x34, 0xFE, 0xB7, 0xFE, 0xD8, 0xFE, 0xB7, 0xFE, 0x34, 0xCB, 0xE9, 0xFD, 0x90, 0xFE, 0xB7, 0xFE, 0xD8, 0xF4, 0xAB, 0xFE, 0x76, 0xFE, 0xB7, 0xFE, 0xB7, 0xFF, 0x1A, 0xFF, 0x1A, 0xFF, 0x5B, 0xFD, 0x90, 0x49, 0xC3, 0x4A, 0x49},
    {0x4A, 0x49, 0x4A, 0x49, 0x39, 0xC7, 0xD4, 0x0A, 0xFD, 0x2E, 0xFD, 0x90, 0xFD, 0xD2, 0xFE, 0x34, 0xFE, 0x34, 0xFD, 0xF3, 0xEC, 0x6B, 0xD4, 0x0A, 0xFC, 0xEC, 0xFD, 0x2E, 0xFD, 0x2E, 0xFD, 0xD2, 0xFE, 0x76, 0xFE, 0xD8, 0xFE, 0xD8, 0xFE, 0xD8, 0xFE, 0xD8, 0xFD, 0x2E, 0x5A, 0x04, 0x4A, 0x49},
    {0x4A, 0x49, 0x4A, 0x49, 0x39, 0xC7, 0xB3, 0x88, 0xF4, 0xAB, 0xFD, 0x2E, 0xFD, 0x90, 0xFD, 0x90, 0xFD, 0xD2, 0xFD, 0x90, 0xFC, 0xEC, 0x78, 0x00, 0x9B, 0x07, 0x78, 0x00, 0xFD, 0x90, 0xFD, 0xD2, 0xFD, 0xD2, 0xFE, 0x76, 0xFE, 0xD8, 0xFE, 0xD8, 0xFE, 0x76, 0xEC, 0x6B, 0x72, 0x65, 0x4A, 0x49},
    {0x4A, 0x49, 0x4A, 0x49, 0x4A, 0x49, 0xA3, 0x27, 0xDC, 0x4A, 0xF4, 0xAB, 0xFD, 0x90, 0xFD, 0x90, 0xFD, 0x2E, 0xDC, 0x4A, 0xF4, 0xAB, 0xFA, 0xAA, 0xCB, 0xE9, 0xFA, 0xAA, 0xFD, 0x90, 0xFD, 0x90, 0xFD, 0x90, 0xFD, 0xF3, 0xFD, 0xF3, 0xFE, 0x76, 0xFE, 0x76, 0xD4, 0x0A, 0x4A, 0x49, 0x4A, 0x49},
    {0x4A, 0x49, 0x4A, 0x49, 0x4A, 0x49, 0xA3, 0x27, 0xDC, 0x4A, 0xF4, 0xAB, 0xF4, 0xAB, 0xF4, 0xAB, 0xA3, 0x27, 0x41, 0x83, 0x72, 0x65, 0x60, 0x00, 0x60, 0x00, 0x60, 0x00, 0x51, 0xE3, 0xBB, 0xC9, 0xFD, 0x2E, 0xFD, 0x90, 0xFD, 0xF3, 0xFE, 0x34, 0xFD, 0xF3, 0xB3, 0x88, 0x4A, 0x49, 0x4A, 0x49},
    {0x4A, 0x49, 0x4A, 0x49, 0x4A, 0x49, 0x21, 0x04, 0xB3, 0x88, 0xFD, 0x2E, 0xD4, 0x0A, 0xA8, 0x00, 0xFA, 0xAA, 0xFD, 0x90, 0xFD, 0xF3, 0xFA, 0xAA, 0xA8, 0x00, 0xA8, 0x00, 0xC8, 0x00, 0xFA, 0xAA, 0xFD, 0x2E, 0xFD, 0xD2, 0xFE, 0x34, 0xFD, 0x90, 0xFD, 0xF3, 0x92, 0xE6, 0x4A, 0x49, 0x4A, 0x49},
    {0x4A, 0x49, 0x4A, 0x49, 0x4A, 0x49, 0x21, 0x04, 0xA3, 0x27, 0xEC, 0x6B, 0xFD, 0xD2, 0xC8, 0x00, 0xA8, 0x00, 0xF4, 0xAB, 0xDC, 0x4A, 0xCB, 0xE9, 0xDC, 0x4A, 0xF4, 0xAB, 0xF8, 0x00, 0xFD, 0x2E, 0xFE, 0x34, 0xFE, 0x34, 0xFD, 0x90, 0xFD, 0x2E, 0xFD, 0xF3, 0x72, 0x65, 0x4A, 0x49, 0x4A, 0x49},
    {0x4A, 0x49, 0x4A, 0x49, 0x4A, 0x49, 0x29, 0x65, 0x8A, 0xC6, 0xB3, 0x88, 0xFD, 0x2E, 0xFE, 0x34, 0xFA, 0xAA, 0xFE, 0x34, 0xFD, 0xD2, 0xFD, 0x2E, 0xFD, 0xD2, 0xFE, 0x34, 0xFA, 0xAA, 0xFE, 0x34, 0xFE, 0x34, 0xFC, 0xEC, 0xFC, 0xEC, 0xFD, 0x90, 0xFD, 0xF3, 0x41, 0x83, 0x4A, 0x49, 0x4A, 0x49},
    {0x4A, 0x49, 0x4A, 0x49, 0x4A, 0x49, 0x29, 0x65, 0x8A, 0xC6, 0x49, 0xC3, 0xB3, 0x88, 0xCB, 0xE9, 0xF4, 0xAB, 0xF4, 0xAB, 0xF4, 0xAB, 0xCB, 0xE9, 0xF4, 0xAB, 0xA8, 0x00, 0xF4, 0xAB, 0xF4, 0xAB, 0xF4, 0xAB, 0xCB, 0xE9, 0xFD, 0x90, 0xFE, 0x34, 0xFD, 0xF3, 0x39, 0xC7, 0x4A, 0x49, 0x4A, 0x49},
    {0x4A, 0x49, 0x4A, 0x49, 0x4A, 0x49, 0x39, 0xC7, 0x8A, 0xC6, 0x51, 0xE3, 0x49, 0xC3, 0x49, 0xC3, 0x49, 0xC3, 0x49, 0xC3, 0x49, 0xC3, 0x5A, 0x04, 0x72, 0x65, 0x72, 0x65, 0x72, 0x65, 0x72, 0x65, 0x92, 0xE6, 0xBB, 0xC9, 0xFD, 0x90, 0xFE, 0x34, 0xFD, 0xF3, 0x39, 0xC7, 0x4A, 0x49, 0x4A, 0x49},
    {0x4A, 0x49, 0x4A, 0x49, 0x4A, 0x49, 0x39, 0xC7, 0x92, 0xE6, 0x5A, 0x04, 0x82, 0x85, 0x72, 0x65, 0x72, 0x65, 0x82, 0x85, 0x9B, 0x07, 0x9B, 0x07, 0x9B, 0x07, 0x9B, 0x07, 0x9B, 0x07, 0xAB, 0x48, 0xCB, 0xE9, 0xFE, 0x34, 0xBB, 0xC9, 0xFD, 0x2E, 0xFD, 0x2E, 0x4A, 0x49, 0x4A, 0x49, 0x4A, 0x49},
    {0x4A, 0x49, 0x4A, 0x49, 0x4A, 0x49, 0x4A, 0x49, 0x72, 0x65, 0x5A, 0x04, 0x72, 0x65, 0x82, 0x85, 0x9B, 0x07, 0x9B, 0x07, 0xCB, 0xE9, 0xB3, 0x88, 0xCB, 0xE9, 0xCB, 0xE9, 0xCB, 0xE9, 0xBB, 0xC9, 0xFD, 0x90, 0xFD, 0xF3, 0xFE, 0x34, 0xBB, 0xC9, 0xF4, 0xAB, 0x4A, 0x49, 0x4A, 0x49, 0x4A, 0x49},
    {0x4A, 0x49, 0x4A, 0x49, 0x4A, 0x49, 0x4A, 0x49, 0x72, 0x65, 0x72, 0x65, 0x82, 0x85, 0x9B, 0x07, 0xD4, 0x0A, 0xDC, 0x4A, 0xFD, 0x90, 0xDC, 0x4A, 0xFE, 0x34, 0xFD, 0xD2, 0xF4, 0xAB, 0xCB, 0xE9, 0xFD, 0x2E, 0xFE, 0xB7, 0xFD, 0x2E, 0xFD, 0x2E, 0xA3, 0x27, 0x4A, 0x49, 0x4A, 0x49, 0x4A, 0x49},
    {0x4A, 0x49, 0x4A, 0x49, 0x4A, 0x49, 0x4A, 0x49, 0x72, 0x65, 0x72, 0x65, 0x9B, 0x07, 0x9B, 0x07, 0xA3, 0x27, 0xFC, 0xEC, 0xFD, 0x90, 0xF4, 0xAB, 0xFD, 0x2E, 0xFE, 0x34, 0xFD, 0x90, 0xF4, 0xAB, 0xCB, 0xE9, 0xFD, 0xD2, 0xFD, 0x2E, 0xA3, 0x27, 0xA3, 0x27, 0x4A, 0x49, 0x4A, 0x49, 0x4A, 0x49},
  },
  { /* [18] FACE_DEAD1 (VGAGRAPH chunk 139) */
    {0x5B, 0x1F, 0x5B, 0x1F, 0x5B, 0x1F, 0x5B, 0x1F, 0x5B, 0x1F, 0x5B, 0x1F, 0x5B, 0x1F, 0x5B, 0x1F, 0x5B, 0x1F, 0x5B, 0x1F, 0x5B, 0x1F, 0x5B, 0x1F, 0x5B, 0x1F, 0x5B, 0x1F, 0x5B, 0x1F, 0x5B, 0x1F, 0x5B, 0x1F, 0x5B, 0x1F, 0x5B, 0x1F, 0x5B, 0x1F, 0x5B, 0x1F, 0x5B, 0x1F, 0x5B, 0x1F, 0x7C, 0x1F},
    {0x4A, 0x49, 0x4A, 0x49, 0x4A, 0x49, 0x4A, 0x49, 0x4A, 0x49, 0x39, 0xC7, 0x39, 0xC7, 0x39, 0xC7, 0x39, 0xC7, 0x39, 0xC7, 0x39, 0xC7, 0x39, 0xC7, 0x39, 0xC7, 0x39, 0xC7, 0x39, 0xC7, 0x39, 0xC7, 0x39, 0xC7, 0x39, 0xC7, 0x4A, 0x49, 0x4A, 0x49, 0x4A, 0x49, 0x4A, 0x49, 0x4A, 0x49, 0x4A, 0x49},
    {0x4A, 0x49, 0x4A, 0x49, 0x4A, 0x49, 0x4A, 0x49, 0x29, 0x65, 0xCB, 0x00, 0xE3, 0x60, 0xE3, 0x60, 0xE3, 0x60, 0xE3, 0x60, 0xE3, 0x60, 0xE3, 0x60, 0xE3, 0x60, 0xE3, 0x60, 0xE3, 0x60, 0xE3, 0x60, 0xE3, 0x60, 0xE3, 0x60, 0xE3, 0x60, 0xE3, 0x60, 0x39, 0xC7, 0x4A, 0x49, 0x4A, 0x49, 0x4A, 0x49},
    {0x4A, 0x49, 0x4A, 0x49, 0x4A, 0x49, 0x29, 0x65, 0xCB, 0x00, 0xCB, 0x00, 0xE3, 0x60, 0xFB, 0xC0, 0xFB, 0xC0, 0xFB, 0xC0, 0xFB, 0xC0, 0xFB, 0xC0, 0xFB, 0xC0, 0xFB, 0xC0, 0xFB, 0xC0, 0xFB, 0xC0, 0xFC, 0x44, 0xFC, 0x44, 0xFB, 0xC0, 0xCB, 0x00, 0xCB, 0x00, 0x39, 0xC7, 0x4A, 0x49, 0x4A, 0x49},
    {0x4A, 0x49, 0x4A, 0x49, 0x4A, 0x49, 0xAA, 0xA0, 0xCB, 0x00, 0xCB, 0x00, 0xE3, 0x60, 0xFB, 0xC0, 0xFB, 0xC0, 0xFB, 0xC0, 0xFB, 0xC0, 0xFB, 0xC0, 0xFB, 0xC0, 0xFB, 0xC0, 0xFB, 0xC0, 0xFB, 0xC0, 0xFC, 0x44, 0xFC, 0x44, 0xFC, 0x44, 0xFC, 0x44, 0xFB, 0xC0, 0xAA, 0xA0, 0x4A, 0x49, 0x4A, 0x49},
    {0x4A, 0x49, 0x4A, 0x49, 0x29, 0x65, 0x92, 0xE6, 0xB2, 0xA0, 0xCB, 0x00, 0xE3, 0x60, 0xFB, 0xC0, 0xFB, 0xC0, 0xFB, 0xC0, 0xFB, 0xC0, 0xFB, 0xC0, 0xFB, 0xC0, 0xFB, 0xC0, 0xFB, 0xC0, 0xFB, 0xC0, 0xFC, 0x44, 0xFC, 0x44, 0xFC, 0x44, 0xFC, 0x44, 0xFB, 0xC0, 0xCB, 0x00, 0x39, 0xC7, 0x4A, 0x49},
    {0x4A, 0x49, 0x4A, 0x49, 0x29, 0x65, 0x82, 0x85, 0xB2, 0xA0, 0xB2, 0xA0, 0xCB, 0x00, 0xE3, 0x60, 0xE3, 0x60, 0xE3, 0x60, 0xE3, 0x60, 0xE3, 0x60, 0xE3, 0x60, 0xE3, 0x60, 0xE3, 0x60, 0xE3, 0x60, 0xE3, 0x60, 0xFB, 0xC0, 0xFC, 0x44, 0xFC, 0x44, 0xFB, 0xC0, 0xCB, 0x00, 0x39, 0xC7, 0x4A, 0x49},
    {0x4A, 0x49, 0x4A, 0x49, 0x29, 0x65, 0x6A, 0x44, 0x9A, 0x60, 0xAA, 0xA0, 0xAA, 0xA0, 0xB2, 0xA0, 0xCB, 0x00, 0xCB, 0x00, 0xCB, 0x00, 0xCB, 0x00, 0xCB, 0x00, 0xCB, 0x00, 0xCB, 0x00, 0xCB, 0x00, 0xE3, 0x60, 0xE3, 0x60, 0xFC, 0x44, 0xE3, 0x60, 0xE3, 0x60, 0x9A, 0x60, 0x39, 0xC7, 0x4A, 0x49},
    {0x4A, 0x49, 0x4A, 0x49, 0x29, 0x65, 0x6A, 0x44, 0x9A, 0x60, 0x9A, 0x60, 0x72, 0x65, 0x5A, 0x04, 0x9A, 0x60, 0x9A, 0x60, 0x9A, 0x60, 0x9A, 0x60, 0x72, 0x65, 0x8A, 0xC6, 0xB2, 0xA0, 0xB2, 0xA0, 0xB2, 0xA0, 0xCB, 0x00, 0xE3, 0x60, 0xCB, 0x00, 0xCB, 0x00, 0x9A, 0x60, 0x39, 0xC7, 0x4A, 0x49},
    {0x4A, 0x49, 0x4A, 0x49, 0x29, 0x65, 0x5A, 0x04, 0x9A, 0x60, 0x72, 0x65, 0x49, 0xC3, 0x49, 0xC3, 0x49, 0xC3, 0x9A, 0x60, 0x9A, 0x60, 0x9A, 0x60, 0x49, 0xC3, 0x72, 0x65, 0x9A, 0x60, 0x9A, 0x60, 0x9A, 0x60, 0xAA, 0xA0, 0xE3, 0x60, 0xCB, 0x00, 0x9A, 0x60, 0x5A, 0x04, 0x39, 0xC7, 0x4A, 0x49},
    {0x4A, 0x49, 0x4A, 0x49, 0x29, 0x65, 0x5A, 0x04, 0x9A, 0x60, 0x5A, 0x04, 0x5A, 0x04, 0x92, 0xE6, 0x72, 0x65, 0x9A, 0x60, 0x5A, 0x04, 0x9A, 0x60, 0x49, 0xC3, 0x49, 0xC3, 0x9A, 0x60, 0x49, 0xC3, 0x9A, 0x60, 0xAA, 0xA0, 0xCB, 0x00, 0x9A, 0x60, 0x9A, 0x60, 0x5A, 0x04, 0x39, 0xC7, 0x4A, 0x49},
    {0x4A, 0x49, 0x4A, 0x49, 0x29, 0x65, 0x5A, 0x04, 0x5A, 0x04, 0x5A, 0x04, 0x92, 0xE6, 0xB3, 0x88, 0x9A, 0x60, 0x9A, 0x60, 0x92, 0xE6, 0xAA, 0xA0, 0x92, 0xE6, 0x92, 0xE6, 0x5A, 0x04, 0x5A, 0x04, 0x9A, 0x60, 0xAA, 0xA0, 0xCB, 0x00, 0xD4, 0x0A, 0x5A, 0x04, 0x5A, 0x04, 0x39, 0xC7, 0x4A, 0x49},
    {0x4A, 0x49, 0x4A, 0x49, 0x29, 0x65, 0x5A, 0x04, 0x5A, 0x04, 0x92, 0xE6, 0xDC, 0x4A, 0x9A, 0x60, 0xCB, 0xE9, 0xCB, 0xE9, 0xBB, 0xC9, 0xCB, 0xE9, 0xCB, 0xE9, 0xB3, 0x88, 0x9B, 0x07, 0x5A, 0x04, 0x9A, 0x60, 0x9A, 0x60, 0xCB, 0x00, 0xFD, 0x90, 0xD4, 0x0A, 0x5A, 0x04, 0x39, 0xC7, 0x4A, 0x49},
    {0x4A, 0x49, 0x29, 0x65, 0xF4, 0xAB, 0x5A, 0x04, 0x92, 0xE6, 0xDC, 0x4A, 0xFD, 0x2E, 0xCB, 0xE9, 0xFC, 0xEC, 0xFD, 0xD2, 0xFD, 0xD2, 0xFD, 0x2E, 0xFD, 0x2E, 0xD4, 0x0A, 0x9B, 0x07, 0x5A, 0x04, 0x9A, 0x60, 0xCB, 0x00, 0xFE, 0x76, 0xFD, 0xD2, 0xFD, 0x90, 0x5A, 0x04, 0xF4, 0xAB, 0x39, 0xC7},
    {0x4A, 0x49, 0x29, 0x65, 0xB3, 0x88, 0x5A, 0x04, 0xB3, 0x88, 0xFD, 0x2E, 0x4A, 0x49, 0x39, 0xC7, 0x4A, 0x49, 0xB3, 0x88, 0xFD, 0x90, 0xFD, 0x90, 0xFD, 0x90, 0xD4, 0x0A, 0x9B, 0x07, 0x9A, 0x60, 0x5A, 0x04, 0x29, 0x65, 0x39, 0xC7, 0xFE, 0x76, 0xFD, 0x90, 0x5A, 0x04, 0xB3, 0x88, 0x39, 0xC7},
    {0x4A, 0x49, 0x29, 0x65, 0xA3, 0x27, 0x5A, 0x04, 0xEC, 0x6B, 0x4A, 0x49, 0xB3, 0x88, 0x78, 0x00, 0x21, 0x04, 0x21, 0x04, 0x21, 0x04, 0xDC, 0x4A, 0xF4, 0xAB, 0x9B, 0x07, 0x21, 0x04, 0x21, 0x04, 0x21, 0x04, 0x21, 0x04, 0x4A, 0x49, 0x4A, 0x49, 0xFD, 0x90, 0xB3, 0x88, 0xA3, 0x27, 0x39, 0xC7},
    {0x4A, 0x49, 0x29, 0x65, 0x6A, 0x44, 0xD4, 0x0A, 0xFD, 0x90, 0xFC, 0xEC, 0xFB, 0xEF, 0x00, 0x15, 0x00, 0x15, 0xFB, 0xEF, 0xA8, 0x00, 0x8A, 0xC6, 0xAB, 0x48, 0x8A, 0xC6, 0x78, 0x00, 0xD0, 0x00, 0xFA, 0x08, 0xFA, 0xEB, 0xD0, 0x00, 0xAD, 0x55, 0xFE, 0xD8, 0xFD, 0xD2, 0x6A, 0x44, 0x39, 0xC7},
    {0x4A, 0x49, 0x29, 0x65, 0xB3, 0x88, 0xEC, 0x6B, 0xFE, 0x34, 0xFE, 0x34, 0xFD, 0xD2, 0xFA, 0xFF, 0xF9, 0x1F, 0xFA, 0xFF, 0xF4, 0xAB, 0xCB, 0xE9, 0xA3, 0x27, 0xB3, 0x88, 0xF9, 0x1F, 0xE0, 0x1C, 0xB0, 0x16, 0xE0, 0x1C, 0xFA, 0xAA, 0xFB, 0xEF, 0xFE, 0xD8, 0xFD, 0xF3, 0xB3, 0x88, 0x39, 0xC7},
    {0x4A, 0x49, 0x4A, 0x49, 0x39, 0xC7, 0xEC, 0x6B, 0xFE, 0x76, 0xFE, 0x76, 0xFE, 0xD8, 0xFE, 0x34, 0xFE, 0x34, 0xFE, 0x34, 0xFD, 0xD2, 0xFD, 0x2E, 0xFD, 0xD2, 0xFE, 0x34, 0xFE, 0x34, 0xFE, 0x34, 0xAD, 0x55, 0xAD, 0x55, 0xFE, 0xD8, 0xFE, 0xD8, 0xFF, 0x5B, 0xFB, 0xEF, 0x39, 0xC7, 0x4A, 0x49},
    {0x4A, 0x49, 0x4A, 0x49, 0x39, 0xC7, 0xD4, 0x0A, 0xFD, 0xD2, 0xFE, 0x76, 0xFE, 0xD8, 0xFE, 0xD8, 0xFE, 0xD8, 0xFE, 0xD8, 0xF4, 0xAB, 0xFD, 0x90, 0xFE, 0xD8, 0xFE, 0xD8, 0xFD, 0x2E, 0xFE, 0x76, 0xFE, 0xD8, 0xFF, 0x1A, 0xFF, 0x5B, 0xFF, 0x5B, 0xFF, 0x1A, 0xF8, 0x00, 0x39, 0xC7, 0x4A, 0x49},
    {0x4A, 0x49, 0x4A, 0x49, 0x4A, 0x49, 0xB3, 0x88, 0xFD, 0x90, 0xFD, 0xD2, 0xFE, 0x34, 0xFE, 0x34, 0xFE, 0x34, 0xFE, 0x34, 0xD4, 0x0A, 0xFD, 0x90, 0xFD, 0x90, 0xFD, 0x90, 0xD4, 0x0A, 0xFD, 0xF3, 0xFE, 0x76, 0xFF, 0x1A, 0xFF, 0x1A, 0xFF, 0x1A, 0xFE, 0x76, 0xDC, 0x4A, 0x4A, 0x49, 0x4A, 0x49},
    {0x4A, 0x49, 0x4A, 0x49, 0x4A, 0x49, 0x8A, 0xC6, 0xD4, 0x0A, 0xFD, 0x90, 0xFD, 0x90, 0xFD, 0x90, 0xFD, 0x90, 0xF4, 0xAB, 0xF4, 0xAB, 0xBB, 0xC9, 0xBB, 0xC9, 0xBB, 0xC9, 0xFD, 0x2E, 0xFD, 0x2E, 0xFD, 0xF3, 0xFE, 0x76, 0xFE, 0x76, 0xFE, 0x76, 0xFE, 0x34, 0xDC, 0x4A, 0x4A, 0x49, 0x4A, 0x49},
    {0x4A, 0x49, 0x4A, 0x49, 0x4A, 0x49, 0x21, 0x04, 0xB3, 0x88, 0xD4, 0x0A, 0xF4, 0xAB, 0xF4, 0xAB, 0xF4, 0xAB, 0xF4, 0xAB, 0xF4, 0xAB, 0xF8, 0x00, 0xA3, 0x27, 0xF8, 0x00, 0xFC, 0xEC, 0xF4, 0xAB, 0xF4, 0xAB, 0xFD, 0x90, 0xFE, 0x34, 0xFE, 0x34, 0xFD, 0xD2, 0xBB, 0xC9, 0x4A, 0x49, 0x4A, 0x49},
    {0x4A, 0x49, 0x4A, 0x49, 0x4A, 0x49, 0x21, 0x04, 0x9B, 0x07, 0xB3, 0x88, 0xB3, 0x88, 0xB3, 0x88, 0xB3, 0x88, 0x49, 0xC3, 0xA3, 0x27, 0xA8, 0x00, 0x72, 0x65, 0xA8, 0x00, 0xA3, 0x27, 0x49, 0xC3, 0xF4, 0xAB, 0xD4, 0x0A, 0xFD, 0x2E, 0xFD, 0x90, 0xFD, 0x90, 0x92, 0xE6, 0x4A, 0x49, 0x4A, 0x49},
    {0x4A, 0x49, 0x4A, 0x49, 0x4A, 0x49, 0x29, 0x65, 0x72, 0x65, 0x9B, 0x07, 0xB3, 0x88, 0xDC, 0x4A, 0xA8, 0x00, 0xF8, 0x00, 0xFD, 0x90, 0xFD, 0xF3, 0xFA, 0xAA, 0x70, 0x00, 0xF8, 0x00, 0xF8, 0x00, 0xFA, 0xAA, 0xFC, 0xEC, 0xFD, 0x90, 0xFD, 0x90, 0xFD, 0xD2, 0x92, 0xE6, 0x4A, 0x49, 0x4A, 0x49},
    {0x4A, 0x49, 0x4A, 0x49, 0x4A, 0x49, 0x29, 0x65, 0x72, 0x65, 0x5A, 0x04, 0x9B, 0x07, 0xF4, 0xAB, 0x70, 0x00, 0x98, 0x00, 0xB3, 0x88, 0xB3, 0x88, 0x92, 0xE6, 0xB3, 0x88, 0xB3, 0x88, 0x88, 0x00, 0xF4, 0xAB, 0xFC, 0xEC, 0xDC, 0x4A, 0xD4, 0x0A, 0xFE, 0x34, 0x92, 0xE6, 0x4A, 0x49, 0x4A, 0x49},
    {0x4A, 0x49, 0x4A, 0x49, 0x4A, 0x49, 0x39, 0xC7, 0x72, 0x65, 0x41, 0x83, 0x5A, 0x04, 0x92, 0xE6, 0xB3, 0x88, 0xFA, 0xAA, 0xFD, 0x90, 0xFD, 0x90, 0xD4, 0x0A, 0xFD, 0x90, 0xFD, 0x90, 0xF8, 0x00, 0xDC, 0x4A, 0xB3, 0x88, 0x9B, 0x07, 0xFE, 0x34, 0xFE, 0xD8, 0x39, 0xC7, 0x4A, 0x49, 0x4A, 0x49},
    {0x4A, 0x49, 0x4A, 0x49, 0x4A, 0x49, 0x39, 0xC7, 0x72, 0x65, 0x41, 0x83, 0x41, 0x83, 0x5A, 0x04, 0x92, 0xE6, 0x92, 0xE6, 0x92, 0xE6, 0x92, 0xE6, 0x41, 0x83, 0x72, 0x65, 0x8A, 0xC6, 0x8A, 0xC6, 0x82, 0x85, 0x92, 0xE6, 0xB3, 0x88, 0xFD, 0xD2, 0xFE, 0xD8, 0x39, 0xC7, 0x4A, 0x49, 0x4A, 0x49},
    {0x4A, 0x49, 0x4A, 0x49, 0x4A, 0x49, 0x39, 0xC7, 0x72, 0x65, 0x5A, 0x04, 0x82, 0x85, 0x41, 0x83, 0x41, 0x83, 0x41, 0x83, 0x41, 0x83, 0x51, 0xE3, 0x9B, 0x07, 0x51, 0xE3, 0x41, 0x83, 0x5A, 0x04, 0x5A, 0x04, 0xFD, 0x2E, 0xBB, 0xC9, 0xFD, 0x2E, 0xFD, 0x2E, 0x4A, 0x49, 0x4A, 0x49, 0x4A, 0x49},
    {0x4A, 0x49, 0x4A, 0x49, 0x4A, 0x49, 0x4A, 0x49, 0x72, 0x65, 0x5A, 0x04, 0x72, 0x65, 0x82, 0x85, 0x9B, 0x07, 0x9B, 0x07, 0xCB, 0xE9, 0xB3, 0x88, 0xCB, 0xE9, 0xCB, 0xE9, 0xCB, 0xE9, 0xBB, 0xC9, 0xFD, 0x90, 0xFD, 0xF3, 0xFE, 0x34, 0xBB, 0xC9, 0xF4, 0xAB, 0x4A, 0x49, 0x4A, 0x49, 0x4A, 0x49},
    {0x4A, 0x49, 0x4A, 0x49, 0x4A, 0x49, 0x4A, 0x49, 0x72, 0x65, 0x72, 0x65, 0x82, 0x85, 0x9B, 0x07, 0xD4, 0x0A, 0xDC, 0x4A, 0xFD, 0x90, 0xDC, 0x4A, 0xFE, 0x34, 0xFE, 0xD8, 0xF4, 0xAB, 0xCB, 0xE9, 0xFD, 0x2E, 0xFE, 0xB7, 0xFD, 0x2E, 0xFD, 0x2E, 0xBB, 0xC9, 0x4A, 0x49, 0x4A, 0x49, 0x4A, 0x49},
    {0x4A, 0x49, 0x4A, 0x49, 0x4A, 0x49, 0x4A, 0x49, 0x72, 0x65, 0x72, 0x65, 0x9B, 0x07, 0x9B, 0x07, 0xA3, 0x27, 0xFC, 0xEC, 0xFD, 0x90, 0xF4, 0xAB, 0xFD, 0x2E, 0xFE, 0x34, 0xFD, 0x90, 0xF4, 0xAB, 0xCB, 0xE9, 0xAB, 0x48, 0xFD, 0x2E, 0xBB, 0xC9, 0xA3, 0x27, 0x4A, 0x49, 0x4A, 0x49, 0x4A, 0x49},
  },
  { /* [19] FACE_DEAD2 (VGAGRAPH chunk 140) */
    {0x5B, 0x1F, 0x5B, 0x1F, 0x5B, 0x1F, 0x5B, 0x1F, 0x5B, 0x1F, 0x5B, 0x1F, 0x5B, 0x1F, 0x5B, 0x1F, 0x5B, 0x1F, 0x5B, 0x1F, 0x5B, 0x1F, 0x5B, 0x1F, 0x5B, 0x1F, 0x5B, 0x1F, 0x5B, 0x1F, 0x5B, 0x1F, 0x5B, 0x1F, 0x5B, 0x1F, 0x5B, 0x1F, 0x5B, 0x1F, 0x5B, 0x1F, 0x5B, 0x1F, 0x5B, 0x1F, 0x7C, 0x1F},
    {0x4A, 0x49, 0x4A, 0x49, 0x4A, 0x49, 0x4A, 0x49, 0x4A, 0x49, 0x39, 0xC7, 0x39, 0xC7, 0x39, 0xC7, 0x39, 0xC7, 0x39, 0xC7, 0x39, 0xC7, 0x39, 0xC7, 0x39, 0xC7, 0x39, 0xC7, 0x39, 0xC7, 0x39, 0xC7, 0x39, 0xC7, 0x39, 0xC7, 0x4A, 0x49, 0x4A, 0x49, 0x4A, 0x49, 0x4A, 0x49, 0x4A, 0x49, 0x4A, 0x49},
    {0x4A, 0x49, 0x4A, 0x49, 0x4A, 0x49, 0x4A, 0x49, 0x29, 0x65, 0xCB, 0x00, 0xE3, 0x60, 0xE3, 0x60, 0xE3, 0x60, 0xE3, 0x60, 0xE3, 0x60, 0xE3, 0x60, 0xE3, 0x60, 0xE3, 0x60, 0xE3, 0x60, 0xE3, 0x60, 0xE3, 0x60, 0xE3, 0x60, 0xE3, 0x60, 0xE3, 0x60, 0x39, 0xC7, 0x4A, 0x49, 0x4A, 0x49, 0x4A, 0x49},
    {0x4A, 0x49, 0x4A, 0x49, 0x4A, 0x49, 0x29, 0x65, 0xCB, 0x00, 0xCB, 0x00, 0xE3, 0x60, 0xFB, 0xC0, 0xFB, 0xC0, 0xFB, 0xC0, 0xFB, 0xC0, 0xFB, 0xC0, 0xFB, 0xC0, 0xFB, 0xC0, 0xFB, 0xC0, 0xFB, 0xC0, 0xFC, 0x44, 0xFC, 0x44, 0xFB, 0xC0, 0xCB, 0x00, 0xCB, 0x00, 0x39, 0xC7, 0x4A, 0x49, 0x4A, 0x49},
    {0x4A, 0x49, 0x4A, 0x49, 0x4A, 0x49, 0xAA, 0xA0, 0xCB, 0x00, 0xCB, 0x00, 0xE3, 0x60, 0xFB, 0xC0, 0xFB, 0xC0, 0xFB, 0xC0, 0xFB, 0xC0, 0xFB, 0xC0, 0xFB, 0xC0, 0xFB, 0xC0, 0xFB, 0xC0, 0xFB, 0xC0, 0xFC, 0x44, 0xFC, 0x44, 0xFC, 0x44, 0xFC, 0x44, 0xFB, 0xC0, 0xAA, 0xA0, 0x4A, 0x49, 0x4A, 0x49},
    {0x4A, 0x49, 0x4A, 0x49, 0x29, 0x65, 0x92, 0xE6, 0xB2, 0xA0, 0xCB, 0x00, 0xE3, 0x60, 0xFB, 0xC0, 0xFB, 0xC0, 0xFB, 0xC0, 0xFB, 0xC0, 0xFB, 0xC0, 0xFB, 0xC0, 0xFB, 0xC0, 0xFB, 0xC0, 0xFB, 0xC0, 0xFC, 0x44, 0xFC, 0x44, 0xFC, 0x44, 0xFC, 0x44, 0xFB, 0xC0, 0xCB, 0x00, 0x39, 0xC7, 0x4A, 0x49},
    {0x4A, 0x49, 0x4A, 0x49, 0x29, 0x65, 0x82, 0x85, 0xB2, 0xA0, 0xB2, 0xA0, 0xCB, 0x00, 0xE3, 0x60, 0xE3, 0x60, 0xE3, 0x60, 0xE3, 0x60, 0xE3, 0x60, 0xE3, 0x60, 0xE3, 0x60, 0xE3, 0x60, 0xE3, 0x60, 0xE3, 0x60, 0xFB, 0xC0, 0xFC, 0x44, 0xFC, 0x44, 0xFB, 0xC0, 0xCB, 0x00, 0x39, 0xC7, 0x4A, 0x49},
    {0x4A, 0x49, 0x4A, 0x49, 0x29, 0x65, 0x6A, 0x44, 0x9A, 0x60, 0x9A, 0x60, 0x9A, 0x60, 0xB2, 0xA0, 0xCB, 0x00, 0xCB, 0x00, 0xCB, 0x00, 0xCB, 0x00, 0xCB, 0x00, 0xCB, 0x00, 0xCB, 0x00, 0xCB, 0x00, 0xE3, 0x60, 0xE3, 0x60, 0xFC, 0x44, 0xE3, 0x60, 0xE3, 0x60, 0x9A, 0x60, 0x39, 0xC7, 0x4A, 0x49},
    {0x4A, 0x49, 0x4A, 0x49, 0x29, 0x65, 0x6A, 0x44, 0x9A, 0x60, 0x72, 0x65, 0x5A, 0x04, 0x5A, 0x04, 0x9A, 0x60, 0x9A, 0x60, 0x9A, 0x60, 0x9A, 0x60, 0x72, 0x65, 0x8A, 0xC6, 0xB2, 0xA0, 0xB2, 0xA0, 0xB2, 0xA0, 0xCB, 0x00, 0xE3, 0x60, 0xCB, 0x00, 0xCB, 0x00, 0x9A, 0x60, 0x39, 0xC7, 0x4A, 0x49},
    {0x4A, 0x49, 0x4A, 0x49, 0x29, 0x65, 0x5A, 0x04, 0x9A, 0x60, 0x5A, 0x04, 0x49, 0xC3, 0x49, 0xC3, 0x49, 0xC3, 0x9A, 0x60, 0x72, 0x65, 0x9A, 0x60, 0x49, 0xC3, 0x72, 0x65, 0x9A, 0x60, 0x9A, 0x60, 0x9A, 0x60, 0xAA, 0xA0, 0xE3, 0x60, 0xCB, 0x00, 0x9A, 0x60, 0x5A, 0x04, 0x39, 0xC7, 0x4A, 0x49},
    {0x4A, 0x49, 0x4A, 0x49, 0x29, 0x65, 0x5A, 0x04, 0x72, 0x65, 0x5A, 0x04, 0x82, 0x85, 0x92, 0xE6, 0x72, 0x65, 0x9A, 0x60, 0x5A, 0x04, 0x9A, 0x60, 0x49, 0xC3, 0x49, 0xC3, 0x9A, 0x60, 0x9A, 0x60, 0x9A, 0x60, 0xAA, 0xA0, 0xCB, 0x00, 0x9A, 0x60, 0x9A, 0x60, 0x5A, 0x04, 0x39, 0xC7, 0x4A, 0x49},
    {0x4A, 0x49, 0x4A, 0x49, 0x29, 0x65, 0x5A, 0x04, 0x5A, 0x04, 0x82, 0x85, 0xCB, 0xE9, 0xB3, 0x88, 0x9A, 0x60, 0xCB, 0x00, 0x92, 0xE6, 0xAA, 0xA0, 0x92, 0xE6, 0x82, 0x85, 0x5A, 0x04, 0x5A, 0x04, 0x9A, 0x60, 0xAA, 0xA0, 0xCB, 0x00, 0xBB, 0xC9, 0x5A, 0x04, 0x5A, 0x04, 0x39, 0xC7, 0x4A, 0x49},
    {0x4A, 0x49, 0x4A, 0x49, 0x8A, 0xC6, 0x5A, 0x04, 0x5A, 0x04, 0xCB, 0xE9, 0xDC, 0x4A, 0xBB, 0xC9, 0xCB, 0xE9, 0xEC, 0x6B, 0xDC, 0x4A, 0xCB, 0xE9, 0xCB, 0xE9, 0xA3, 0x27, 0x82, 0x85, 0x5A, 0x04, 0x9A, 0x60, 0x9A, 0x60, 0xD4, 0x0A, 0xF4, 0xAB, 0xD4, 0x0A, 0x5A, 0x04, 0x39, 0xC7, 0x4A, 0x49},
    {0x4A, 0x49, 0x29, 0x65, 0xFD, 0x2E, 0x5A, 0x04, 0x92, 0xE6, 0xDC, 0x4A, 0x4A, 0x49, 0xCB, 0xE9, 0xFC, 0xEC, 0xFD, 0xD2, 0xFD, 0xD2, 0xFD, 0x2E, 0xFD, 0x2E, 0xD4, 0x0A, 0x9B, 0x07, 0x5A, 0x04, 0x9A, 0x60, 0xCB, 0x00, 0xFE, 0x76, 0xFD, 0xD2, 0xFD, 0x90, 0x5A, 0x04, 0xDC, 0x4A, 0x39, 0xC7},
    {0x4A, 0x49, 0x29, 0x65, 0xA3, 0x27, 0x5A, 0x04, 0xB3, 0x88, 0x4A, 0x49, 0xA3, 0x27, 0x39, 0xC7, 0x39, 0xC7, 0xB3, 0x88, 0xFD, 0x90, 0xFD, 0x90, 0xFD, 0x90, 0xD4, 0x0A, 0x9B, 0x07, 0x9A, 0x60, 0x5A, 0x04, 0x29, 0x65, 0x63, 0x2C, 0xFE, 0x76, 0xFD, 0x90, 0x5A, 0x04, 0xCB, 0xE9, 0x39, 0xC7},
    {0x4A, 0x49, 0x29, 0x65, 0x82, 0x85, 0x5A, 0x04, 0xEC, 0x6B, 0xA3, 0x27, 0xE8, 0x00, 0xB0, 0x00, 0x78, 0x00, 0x21, 0x04, 0x21, 0x04, 0xDC, 0x4A, 0xF4, 0xAB, 0x9B, 0x07, 0x21, 0x04, 0x21, 0x04, 0x21, 0x04, 0x39, 0xC7, 0x4A, 0x49, 0x63, 0x2C, 0xFD, 0x90, 0xB3, 0x88, 0xA3, 0x27, 0x39, 0xC7},
    {0x4A, 0x49, 0x29, 0x65, 0xBB, 0xC9, 0xD4, 0x0A, 0xFD, 0x90, 0xFC, 0xEC, 0x00, 0x15, 0x00, 0x15, 0xFB, 0xEF, 0xF9, 0x04, 0xA8, 0x00, 0x8A, 0xC6, 0xAB, 0x48, 0x8A, 0xC6, 0x78, 0x00, 0xFA, 0x08, 0xFA, 0xEB, 0xF8, 0x00, 0xD0, 0x00, 0xFB, 0xEF, 0xFE, 0xD8, 0xFE, 0x34, 0x6A, 0x44, 0x39, 0xC7},
    {0x4A, 0x49, 0x29, 0x65, 0x9B, 0x07, 0xEC, 0x6B, 0xFE, 0x34, 0xFE, 0x34, 0xFD, 0xD2, 0xFA, 0xFF, 0xF9, 0x1F, 0xFA, 0xFF, 0xF4, 0xAB, 0xCB, 0xE9, 0xA3, 0x27, 0xB3, 0x88, 0xF9, 0x1F, 0xE0, 0x1C, 0xB0, 0x16, 0xE0, 0x1C, 0xFB, 0xEF, 0xFD, 0xD7, 0xFF, 0x5B, 0xFB, 0xEF, 0xB3, 0x88, 0x39, 0xC7},
    {0x4A, 0x49, 0x4A, 0x49, 0x39, 0xC7, 0xD4, 0x0A, 0xFD, 0x90, 0xFE, 0x76, 0xFE, 0xD8, 0xFE, 0x34, 0xFE, 0x34, 0xFE, 0x34, 0xFD, 0xD2, 0xFD, 0x2E, 0xFD, 0xD2, 0xFE, 0x34, 0xFE, 0x34, 0xFE, 0x34, 0xAD, 0x55, 0xAD, 0x55, 0xFE, 0xD8, 0xFE, 0xD8, 0xFF, 0x5B, 0xF8, 0x00, 0x39, 0xC7, 0x4A, 0x49},
    {0x4A, 0x49, 0x4A, 0x49, 0x39, 0xC7, 0xB3, 0x88, 0xFD, 0x90, 0xFE, 0x34, 0xFE, 0xD8, 0xFE, 0xD8, 0xFE, 0xD8, 0xFE, 0xD8, 0xFD, 0xD2, 0xFD, 0x90, 0xFE, 0xD8, 0xFE, 0xD8, 0xF4, 0xAB, 0xFE, 0x76, 0xFE, 0xD8, 0xFF, 0x1A, 0xFF, 0x5B, 0xFF, 0x5B, 0xFF, 0x1A, 0xFD, 0x90, 0x39, 0xC7, 0x4A, 0x49},
    {0x4A, 0x49, 0x4A, 0x49, 0x4A, 0x49, 0x9B, 0x07, 0xFC, 0xEC, 0xFD, 0x90, 0xFE, 0x34, 0xFE, 0x34, 0xFE, 0x34, 0xFE, 0x34, 0xD4, 0x0A, 0xFD, 0x90, 0xFD, 0x90, 0xFD, 0x90, 0xD4, 0x0A, 0xFD, 0xF3, 0xFD, 0xF3, 0xFE, 0xD8, 0xFE, 0xD8, 0xFE, 0xD8, 0xFE, 0x76, 0xFD, 0x90, 0x4A, 0x49, 0x4A, 0x49},
    {0x4A, 0x49, 0x4A, 0x49, 0x4A, 0x49, 0x82, 0x85, 0xB3, 0x88, 0xFC, 0xEC, 0xFD, 0x90, 0xFD, 0x90, 0xFD, 0x90, 0xF4, 0xAB, 0xF4, 0xAB, 0xBB, 0xC9, 0xBB, 0xC9, 0xBB, 0xC9, 0xF4, 0xAB, 0xFD, 0x2E, 0xFD, 0x90, 0xFD, 0xF3, 0xFE, 0x34, 0xFE, 0x34, 0xFE, 0x34, 0xF4, 0xAB, 0x4A, 0x49, 0x4A, 0x49},
    {0x4A, 0x49, 0x4A, 0x49, 0x4A, 0x49, 0x21, 0x04, 0x92, 0xE6, 0xD4, 0x0A, 0xF4, 0xAB, 0xF4, 0xAB, 0xF4, 0xAB, 0xF4, 0xAB, 0xF4, 0xAB, 0xF8, 0x00, 0xA3, 0x27, 0xF8, 0x00, 0xD4, 0x0A, 0xDC, 0x4A, 0xD4, 0x0A, 0xFD, 0x90, 0xFD, 0x90, 0xFD, 0xD2, 0xFD, 0xD2, 0xBB, 0xC9, 0x4A, 0x49, 0x4A, 0x49},
    {0x4A, 0x49, 0x4A, 0x49, 0x4A, 0x49, 0x21, 0x04, 0x72, 0x65, 0xA3, 0x27, 0xB3, 0x88, 0xD4, 0x0A, 0xD4, 0x0A, 0xAB, 0x48, 0x82, 0x85, 0xA8, 0x00, 0x72, 0x65, 0xA8, 0x00, 0xA3, 0x27, 0x72, 0x65, 0x72, 0x65, 0xD4, 0x0A, 0xFD, 0x2E, 0xFD, 0x90, 0xEC, 0x6B, 0x92, 0xE6, 0x4A, 0x49, 0x4A, 0x49},
    {0x4A, 0x49, 0x4A, 0x49, 0x4A, 0x49, 0x29, 0x65, 0x72, 0x65, 0x82, 0x85, 0x9B, 0x07, 0xDC, 0x4A, 0xBB, 0xC9, 0xA8, 0x00, 0xF8, 0x00, 0xFD, 0x90, 0xFD, 0xF3, 0xFA, 0xAA, 0x70, 0x00, 0xF8, 0x00, 0xF8, 0x00, 0xFA, 0xAA, 0xFC, 0xEC, 0xDC, 0x4A, 0xFD, 0x90, 0x92, 0xE6, 0x4A, 0x49, 0x4A, 0x49},
    {0x4A, 0x49, 0x4A, 0x49, 0x4A, 0x49, 0x29, 0x65, 0x72, 0x65, 0x5A, 0x04, 0x8A, 0xC6, 0x9B, 0x07, 0xF4, 0xAB, 0x70, 0x00, 0x98, 0x00, 0xB3, 0x88, 0xB3, 0x88, 0x92, 0xE6, 0xB3, 0x88, 0xD4, 0x0A, 0x88, 0x00, 0xF4, 0xAB, 0xB3, 0x88, 0xDC, 0x4A, 0xFE, 0x34, 0x92, 0xE6, 0x4A, 0x49, 0x4A, 0x49},
    {0x4A, 0x49, 0x4A, 0x49, 0x4A, 0x49, 0x39, 0xC7, 0x72, 0x65, 0x5A, 0x04, 0x41, 0x83, 0x92, 0xE6, 0x92, 0xE6, 0xB3, 0x88, 0xFA, 0xAA, 0xFD, 0x90, 0xF4, 0xAB, 0xD4, 0x0A, 0xFD, 0x90, 0xF4, 0xAB, 0xF8, 0x00, 0xDC, 0x4A, 0xB3, 0x88, 0x9B, 0x07, 0xFE, 0xD8, 0x39, 0xC7, 0x4A, 0x49, 0x4A, 0x49},
    {0x4A, 0x49, 0x4A, 0x49, 0x4A, 0x49, 0x39, 0xC7, 0x72, 0x65, 0x5A, 0x04, 0x41, 0x83, 0x41, 0x83, 0x92, 0xE6, 0x92, 0xE6, 0x92, 0xE6, 0x92, 0xE6, 0x92, 0xE6, 0x41, 0x83, 0x72, 0x65, 0x8A, 0xC6, 0x8A, 0xC6, 0x5A, 0x04, 0x92, 0xE6, 0xF4, 0xAB, 0xFE, 0xD8, 0x39, 0xC7, 0x4A, 0x49, 0x4A, 0x49},
    {0x4A, 0x49, 0x4A, 0x49, 0x4A, 0x49, 0x39, 0xC7, 0x72, 0x65, 0x49, 0xC3, 0x5A, 0x04, 0x82, 0x85, 0x41, 0x83, 0x41, 0x83, 0x41, 0x83, 0x41, 0x83, 0x51, 0xE3, 0x9B, 0x07, 0x51, 0xE3, 0x72, 0x65, 0x8A, 0xC6, 0xCB, 0xE9, 0xFD, 0x2E, 0xD4, 0x0A, 0xFD, 0x2E, 0x4A, 0x49, 0x4A, 0x49, 0x4A, 0x49},
    {0x4A, 0x49, 0x4A, 0x49, 0x4A, 0x49, 0x4A, 0x49, 0x72, 0x65, 0x5A, 0x04, 0x72, 0x65, 0x82, 0x85, 0x9B, 0x07, 0x9B, 0x07, 0xCB, 0xE9, 0xB3, 0x88, 0xCB, 0xE9, 0xCB, 0xE9, 0xCB, 0xE9, 0xBB, 0xC9, 0xFD, 0x90, 0xFD, 0xF3, 0xFE, 0x34, 0xBB, 0xC9, 0xF4, 0xAB, 0x4A, 0x49, 0x4A, 0x49, 0x4A, 0x49},
    {0x4A, 0x49, 0x4A, 0x49, 0x4A, 0x49, 0x4A, 0x49, 0x72, 0x65, 0x72, 0x65, 0x82, 0x85, 0x9B, 0x07, 0xD4, 0x0A, 0xDC, 0x4A, 0xFD, 0x90, 0xDC, 0x4A, 0xFE, 0x34, 0xFE, 0xD8, 0xF4, 0xAB, 0xCB, 0xE9, 0xFD, 0x2E, 0xFE, 0xB7, 0xFD, 0x2E, 0xFD, 0x2E, 0xBB, 0xC9, 0x4A, 0x49, 0x4A, 0x49, 0x4A, 0x49},
    {0x4A, 0x49, 0x4A, 0x49, 0x4A, 0x49, 0x4A, 0x49, 0x72, 0x65, 0x72, 0x65, 0x9B, 0x07, 0x9B, 0x07, 0xA3, 0x27, 0xFC, 0xEC, 0xFD, 0x90, 0xF4, 0xAB, 0xFD, 0x2E, 0xFE, 0x34, 0xFD, 0x90, 0xF4, 0xAB, 0xCB, 0xE9, 0xAB, 0x48, 0xFD, 0x2E, 0xBB, 0xC9, 0xA3, 0x27, 0x4A, 0x49, 0x4A, 0x49, 0x4A, 0x49},
  },
  { /* [20] FACE_DEAD3 (VGAGRAPH chunk 141) */
    {0x5B, 0x1F, 0x5B, 0x1F, 0x5B, 0x1F, 0x5B, 0x1F, 0x5B, 0x1F, 0x5B, 0x1F, 0x5B, 0x1F, 0x5B, 0x1F, 0x5B, 0x1F, 0x5B, 0x1F, 0x5B, 0x1F, 0x5B, 0x1F, 0x5B, 0x1F, 0x5B, 0x1F, 0x5B, 0x1F, 0x5B, 0x1F, 0x5B, 0x1F, 0x5B, 0x1F, 0x5B, 0x1F, 0x5B, 0x1F, 0x5B, 0x1F, 0x5B, 0x1F, 0x5B, 0x1F, 0x7C, 0x1F},
    {0x4A, 0x49, 0x4A, 0x49, 0x4A, 0x49, 0x4A, 0x49, 0x4A, 0x49, 0x39, 0xC7, 0x39, 0xC7, 0x39, 0xC7, 0x39, 0xC7, 0x39, 0xC7, 0x39, 0xC7, 0x39, 0xC7, 0x39, 0xC7, 0x39, 0xC7, 0x39, 0xC7, 0x39, 0xC7, 0x39, 0xC7, 0x39, 0xC7, 0x4A, 0x49, 0x4A, 0x49, 0x4A, 0x49, 0x4A, 0x49, 0x4A, 0x49, 0x4A, 0x49},
    {0x4A, 0x49, 0x4A, 0x49, 0x4A, 0x49, 0x4A, 0x49, 0x29, 0x65, 0xCB, 0x00, 0xE3, 0x60, 0xE3, 0x60, 0xE3, 0x60, 0xE3, 0x60, 0xE3, 0x60, 0xE3, 0x60, 0xE3, 0x60, 0xE3, 0x60, 0xE3, 0x60, 0xE3, 0x60, 0xE3, 0x60, 0xE3, 0x60, 0xE3, 0x60, 0xE3, 0x60, 0x39, 0xC7, 0x4A, 0x49, 0x4A, 0x49, 0x4A, 0x49},
    {0x4A, 0x49, 0x4A, 0x49, 0x4A, 0x49, 0x29, 0x65, 0xCB, 0x00, 0xCB, 0x00, 0xE3, 0x60, 0xFB, 0xC0, 0xFB, 0xC0, 0xFB, 0xC0, 0xFB, 0xC0, 0xFB, 0xC0, 0xFB, 0xC0, 0xFB, 0xC0, 0xFB, 0xC0, 0xFB, 0xC0, 0xFC, 0x44, 0xFC, 0x44, 0xFC, 0x44, 0xFB, 0xC0, 0xCB, 0x00, 0x39, 0xC7, 0x4A, 0x49, 0x4A, 0x49},
    {0x4A, 0x49, 0x4A, 0x49, 0x4A, 0x49, 0xAA, 0xA0, 0xCB, 0x00, 0xCB, 0x00, 0xE3, 0x60, 0xFB, 0xC0, 0xFB, 0xC0, 0xFB, 0xC0, 0xFB, 0xC0, 0xFB, 0xC0, 0xFB, 0xC0, 0xFB, 0xC0, 0xFB, 0xC0, 0xFB, 0xC0, 0xFC, 0x44, 0xFC, 0x44, 0xFC, 0x44, 0xFC, 0x44, 0xFB, 0xC0, 0xAA, 0xA0, 0x4A, 0x49, 0x4A, 0x49},
    {0x4A, 0x49, 0x4A, 0x49, 0x29, 0x65, 0x92, 0xE6, 0xB2, 0xA0, 0xCB, 0x00, 0xE3, 0x60, 0xFB, 0xC0, 0xFB, 0xC0, 0xFB, 0xC0, 0xFB, 0xC0, 0xFB, 0xC0, 0xFB, 0xC0, 0xFB, 0xC0, 0xFB, 0xC0, 0xFB, 0xC0, 0xFC, 0x44, 0xFC, 0x44, 0xFC, 0x44, 0xFC, 0x44, 0xFB, 0xC0, 0xCB, 0x00, 0x39, 0xC7, 0x4A, 0x49},
    {0x4A, 0x49, 0x4A, 0x49, 0x29, 0x65, 0x82, 0x85, 0xB2, 0xA0, 0xB2, 0xA0, 0xCB, 0x00, 0xE3, 0x60, 0xE3, 0x60, 0xE3, 0x60, 0xE3, 0x60, 0xE3, 0x60, 0xE3, 0x60, 0xE3, 0x60, 0xE3, 0x60, 0xE3, 0x60, 0xE3, 0x60, 0xE3, 0x60, 0xFC, 0x44, 0xE3, 0x60, 0xFB, 0xC0, 0xCB, 0x00, 0x39, 0xC7, 0x4A, 0x49},
    {0x4A, 0x49, 0x4A, 0x49, 0x29, 0x65, 0x6A, 0x44, 0x9A, 0x60, 0xAA, 0xA0, 0xAA, 0xA0, 0xB2, 0xA0, 0xCB, 0x00, 0xCB, 0x00, 0xCB, 0x00, 0xCB, 0x00, 0xCB, 0x00, 0xCB, 0x00, 0xCB, 0x00, 0xCB, 0x00, 0xE3, 0x60, 0xCB, 0x00, 0xE3, 0x60, 0xCB, 0x00, 0xE3, 0x60, 0x9A, 0x60, 0x39, 0xC7, 0x4A, 0x49},
    {0x4A, 0x49, 0x4A, 0x49, 0x29, 0x65, 0x6A, 0x44, 0x9A, 0x60, 0x9A, 0x60, 0x9A, 0x60, 0x9A, 0x60, 0x9A, 0x60, 0x9A, 0x60, 0x9A, 0x60, 0x9A, 0x60, 0x72, 0x65, 0x8A, 0xC6, 0xB2, 0xA0, 0xB2, 0xA0, 0xB2, 0xA0, 0xAA, 0xA0, 0xE3, 0x60, 0xCB, 0x00, 0xCB, 0x00, 0x9A, 0x60, 0x39, 0xC7, 0x4A, 0x49},
    {0x4A, 0x49, 0x4A, 0x49, 0x29, 0x65, 0x5A, 0x04, 0x9A, 0x60, 0x72, 0x65, 0x49, 0xC3, 0x49, 0xC3, 0x49, 0xC3, 0x9A, 0x60, 0x9A, 0x60, 0x9A, 0x60, 0x49, 0xC3, 0x72, 0x65, 0x9A, 0x60, 0x49, 0xC3, 0x9A, 0x60, 0xAA, 0xA0, 0xCB, 0x00, 0x9A, 0x60, 0x9A, 0x60, 0x5A, 0x04, 0x39, 0xC7, 0x4A, 0x49},
    {0x4A, 0x49, 0x4A, 0x49, 0x29, 0x65, 0x5A, 0x04, 0x9A, 0x60, 0x5A, 0x04, 0x5A, 0x04, 0x6A, 0x44, 0x6A, 0x44, 0x9A, 0x60, 0x5A, 0x04, 0x9A, 0x60, 0x49, 0xC3, 0x49, 0xC3, 0x9A, 0x60, 0x49, 0xC3, 0x9A, 0x60, 0xAA, 0xA0, 0xCB, 0x00, 0x9A, 0x60, 0x9A, 0x60, 0x5A, 0x04, 0x39, 0xC7, 0x4A, 0x49},
    {0x4A, 0x49, 0x4A, 0x49, 0x29, 0x65, 0x5A, 0x04, 0x5A, 0x04, 0x5A, 0x04, 0x82, 0x85, 0x92, 0xE6, 0x9A, 0x60, 0x9A, 0x60, 0x92, 0xE6, 0xAA, 0xA0, 0x72, 0x65, 0x72, 0x65, 0x5A, 0x04, 0x5A, 0x04, 0x9A, 0x60, 0xAA, 0xA0, 0xCB, 0x00, 0xFC, 0xEC, 0xAB, 0x48, 0x5A, 0x04, 0x39, 0xC7, 0x4A, 0x49},
    {0x4A, 0x49, 0x4A, 0x49, 0x29, 0x65, 0x5A, 0x04, 0x5A, 0x04, 0x82, 0x85, 0xDC, 0x4A, 0x9A, 0x60, 0xCB, 0xE9, 0xCB, 0xE9, 0xBB, 0xC9, 0xCB, 0xE9, 0xBB, 0xC9, 0x9B, 0x07, 0x9B, 0x07, 0x5A, 0x04, 0x9A, 0x60, 0xCB, 0x00, 0xEC, 0x6B, 0xFD, 0x90, 0xFC, 0xEC, 0x5A, 0x04, 0x92, 0xE6, 0x4A, 0x49},
    {0x4A, 0x49, 0x29, 0x65, 0xB3, 0x88, 0x5A, 0x04, 0x92, 0xE6, 0xDC, 0x4A, 0xFD, 0x2E, 0xCB, 0xE9, 0xFC, 0xEC, 0xFD, 0xD2, 0xFD, 0xD2, 0xEC, 0x6B, 0xEC, 0x6B, 0xCB, 0xE9, 0xB3, 0x88, 0x92, 0xE6, 0x9A, 0x60, 0xCB, 0x00, 0x39, 0xC7, 0xFD, 0xD2, 0xFD, 0x90, 0x92, 0xE6, 0xDC, 0x4A, 0x39, 0xC7},
    {0x4A, 0x49, 0x29, 0x65, 0xDC, 0x4A, 0x5A, 0x04, 0xB3, 0x88, 0xFD, 0x2E, 0x4A, 0x49, 0x39, 0xC7, 0x4A, 0x49, 0xB3, 0x88, 0xFD, 0x90, 0xFD, 0x90, 0xFD, 0x90, 0xD4, 0x0A, 0xCB, 0xE9, 0x9A, 0x60, 0x5A, 0x04, 0x8A, 0xC6, 0x8A, 0xC6, 0x63, 0x2C, 0xFD, 0x90, 0x92, 0xE6, 0x92, 0xE6, 0x39, 0xC7},
    {0x4A, 0x49, 0x29, 0x65, 0xA3, 0x27, 0x5A, 0x04, 0xEC, 0x6B, 0x4A, 0x49, 0xB3, 0x88, 0x78, 0x00, 0x21, 0x04, 0x21, 0x04, 0x21, 0x04, 0xDC, 0x4A, 0xF4, 0xAB, 0x9B, 0x07, 0x21, 0x04, 0x72, 0x65, 0x98, 0x00, 0xC8, 0x00, 0xB3, 0x88, 0xF4, 0xAB, 0xFD, 0x90, 0xB3, 0x88, 0x82, 0x85, 0x39, 0xC7},
    {0x4A, 0x49, 0x29, 0x65, 0x6A, 0x44, 0xD4, 0x0A, 0xF4, 0xAB, 0xFD, 0x90, 0xFA, 0x08, 0xFB, 0xEF, 0x00, 0x15, 0x00, 0x15, 0xA8, 0x00, 0x8A, 0xC6, 0xAB, 0x48, 0x8A, 0xC6, 0x78, 0x00, 0xD0, 0x00, 0xFA, 0x08, 0xFB, 0xEF, 0xFA, 0x08, 0xFD, 0xF3, 0xFE, 0xD8, 0xFD, 0xD2, 0xCB, 0xE9, 0x39, 0xC7},
    {0x4A, 0x49, 0x29, 0x65, 0xD4, 0x0A, 0xFD, 0x2E, 0xFE, 0x34, 0xFE, 0x34, 0xFD, 0xD2, 0xFA, 0xFF, 0xF9, 0x1F, 0xFA, 0xFF, 0xF4, 0xAB, 0xCB, 0xE9, 0xA3, 0x27, 0xB3, 0x88, 0xF9, 0x1F, 0xE0, 0x1C, 0xB0, 0x16, 0xE0, 0x1C, 0xFA, 0xAA, 0xFB, 0xEF, 0xFE, 0xD8, 0xFD, 0xF3, 0x92, 0xE6, 0x39, 0xC7},
    {0x4A, 0x49, 0x4A, 0x49, 0x82, 0x85, 0xFD, 0x2E, 0xFE, 0x76, 0xFE, 0x76, 0xFE, 0xD8, 0xFE, 0x34, 0xFE, 0x34, 0xFD, 0xD2, 0xFD, 0x2E, 0xEC, 0x6B, 0xFD, 0xD2, 0xFE, 0x34, 0xFE, 0x34, 0xC6, 0x18, 0xAD, 0x55, 0xC6, 0x18, 0xFE, 0xD8, 0xFD, 0xD7, 0xFF, 0x5B, 0xFD, 0xF3, 0x39, 0xC7, 0x4A, 0x49},
    {0x4A, 0x49, 0x4A, 0x49, 0x39, 0xC7, 0xD4, 0x0A, 0xFD, 0xD2, 0xFE, 0x76, 0xFE, 0xD8, 0xFE, 0xD8, 0xFE, 0xD8, 0xFE, 0x34, 0xD4, 0x0A, 0xFD, 0x90, 0xFE, 0xD8, 0xFE, 0xD8, 0xFD, 0xD2, 0xFE, 0x76, 0xFE, 0xD8, 0xFF, 0x1A, 0xFF, 0x5B, 0xFF, 0x5B, 0xFF, 0x1A, 0xFB, 0xEF, 0x39, 0xC7, 0x4A, 0x49},
    {0x4A, 0x49, 0x4A, 0x49, 0x4A, 0x49, 0x8A, 0xC6, 0xFC, 0xEC, 0xFD, 0xD2, 0xFE, 0x34, 0xFE, 0x34, 0xFE, 0x34, 0xFE, 0x34, 0xB3, 0x88, 0xFD, 0x90, 0xFD, 0x90, 0xFD, 0x90, 0xEC, 0x6B, 0xFD, 0xF3, 0xFE, 0x76, 0xFF, 0x1A, 0xFF, 0x1A, 0xFF, 0x1A, 0xFF, 0x1A, 0xF8, 0x00, 0x4A, 0x49, 0x4A, 0x49},
    {0x4A, 0x49, 0x4A, 0x49, 0x4A, 0x49, 0x8A, 0xC6, 0xD4, 0x0A, 0xFC, 0xEC, 0xF4, 0xAB, 0xFD, 0x2E, 0xFD, 0x2E, 0xF4, 0xAB, 0xF4, 0xAB, 0xBB, 0xC9, 0xBB, 0xC9, 0xBB, 0xC9, 0xFD, 0x2E, 0xFD, 0x90, 0xFE, 0x34, 0xFE, 0x76, 0xFE, 0xD8, 0xFF, 0x1A, 0xFE, 0x34, 0xDC, 0x4A, 0x4A, 0x49, 0x4A, 0x49},
    {0x4A, 0x49, 0x4A, 0x49, 0x4A, 0x49, 0x21, 0x04, 0xB3, 0x88, 0xD4, 0x0A, 0xF4, 0xAB, 0xF4, 0xAB, 0xD4, 0x0A, 0x9B, 0x07, 0xB3, 0x88, 0xF8, 0x00, 0xA3, 0x27, 0xF8, 0x00, 0xFC, 0xEC, 0xF4, 0xAB, 0xFE, 0x34, 0xFD, 0xF3, 0xFE, 0x76, 0xFE, 0x76, 0xFD, 0xD2, 0xDC, 0x4A, 0x4A, 0x49, 0x4A, 0x49},
    {0x4A, 0x49, 0x4A, 0x49, 0x4A, 0x49, 0x21, 0x04, 0x5A, 0x04, 0xA3, 0x27, 0xA3, 0x27, 0xA8, 0x00, 0x6A, 0x44, 0x49, 0xC3, 0xA3, 0x27, 0xA8, 0x00, 0x72, 0x65, 0xA8, 0x00, 0xA3, 0x27, 0xD4, 0x0A, 0xFD, 0x2E, 0xFE, 0x34, 0xFD, 0xF3, 0xFD, 0x90, 0xFE, 0x76, 0xBB, 0xC9, 0x4A, 0x49, 0x4A, 0x49},
    {0x4A, 0x49, 0x4A, 0x49, 0x4A, 0x49, 0x29, 0x65, 0x5A, 0x04, 0x92, 0xE6, 0xDC, 0x4A, 0x70, 0x00, 0xF8, 0x00, 0xEC, 0x6B, 0xFD, 0x2E, 0xFA, 0xAA, 0x70, 0x00, 0xF8, 0x00, 0xF8, 0x00, 0xFA, 0xAA, 0xFC, 0xEC, 0xFD, 0x90, 0xFD, 0x90, 0xFD, 0xD2, 0xFE, 0x76, 0xBB, 0xC9, 0x4A, 0x49, 0x4A, 0x49},
    {0x4A, 0x49, 0x4A, 0x49, 0x4A, 0x49, 0x29, 0x65, 0x41, 0x83, 0x5A, 0x04, 0xF4, 0xAB, 0xB3, 0x88, 0x98, 0x00, 0xFD, 0x90, 0xB3, 0x88, 0x92, 0xE6, 0xB3, 0x88, 0xB3, 0x88, 0x88, 0x00, 0xF4, 0xAB, 0xFC, 0xEC, 0xFC, 0xEC, 0xFC, 0xEC, 0xDC, 0x4A, 0xFE, 0x76, 0x92, 0xE6, 0x4A, 0x49, 0x4A, 0x49},
    {0x4A, 0x49, 0x4A, 0x49, 0x4A, 0x49, 0x39, 0xC7, 0x5A, 0x04, 0x41, 0x83, 0x92, 0xE6, 0xB3, 0x88, 0xFA, 0xAA, 0xFD, 0x90, 0xF4, 0xAB, 0xD4, 0x0A, 0xFD, 0x90, 0xF4, 0xAB, 0xF8, 0x00, 0xDC, 0x4A, 0xCB, 0xE9, 0xB3, 0x88, 0xDC, 0x4A, 0xFD, 0xD2, 0xFE, 0x76, 0x39, 0xC7, 0x4A, 0x49, 0x4A, 0x49},
    {0x4A, 0x49, 0x4A, 0x49, 0x4A, 0x49, 0x39, 0xC7, 0x5A, 0x04, 0x82, 0x85, 0x51, 0xE3, 0x5A, 0x04, 0x92, 0xE6, 0x92, 0xE6, 0x92, 0xE6, 0x41, 0x83, 0x72, 0x65, 0x8A, 0xC6, 0x8A, 0xC6, 0x82, 0x85, 0x92, 0xE6, 0xB3, 0x88, 0xFD, 0xD2, 0xFE, 0x76, 0xFE, 0x76, 0x39, 0xC7, 0x4A, 0x49, 0x4A, 0x49},
    {0x4A, 0x49, 0x4A, 0x49, 0x4A, 0x49, 0x39, 0xC7, 0x72, 0x65, 0x5A, 0x04, 0x72, 0x65, 0x82, 0x85, 0x41, 0x83, 0x41, 0x83, 0x51, 0xE3, 0x9B, 0x07, 0x51, 0xE3, 0x41, 0x83, 0x5A, 0x04, 0x5A, 0x04, 0xDC, 0x4A, 0xFC, 0xEC, 0xEC, 0x6B, 0xFD, 0xD2, 0xFE, 0x76, 0x4A, 0x49, 0x4A, 0x49, 0x4A, 0x49},
    {0x4A, 0x49, 0x4A, 0x49, 0x4A, 0x49, 0x4A, 0x49, 0x72, 0x65, 0x5A, 0x04, 0x72, 0x65, 0x82, 0x85, 0x9B, 0x07, 0x9B, 0x07, 0xCB, 0xE9, 0xB3, 0x88, 0xCB, 0xE9, 0xCB, 0xE9, 0xCB, 0xE9, 0xF4, 0xAB, 0xFD, 0x90, 0xFD, 0xF3, 0xFE, 0x34, 0xDC, 0x4A, 0xFD, 0xD2, 0x4A, 0x49, 0x4A, 0x49, 0x4A, 0x49},
    {0x4A, 0x49, 0x4A, 0x49, 0x4A, 0x49, 0x4A, 0x49, 0x72, 0x65, 0x72, 0x65, 0x82, 0x85, 0x9B, 0x07, 0xD4, 0x0A, 0xDC, 0x4A, 0xFD, 0x90, 0xDC, 0x4A, 0xFE, 0x34, 0xFE, 0xD8, 0xF4, 0xAB, 0xCB, 0xE9, 0xFD, 0x2E, 0xFE, 0xB7, 0xFD, 0x2E, 0xFD, 0x2E, 0xBB, 0xC9, 0x4A, 0x49, 0x4A, 0x49, 0x4A, 0x49},
    {0x4A, 0x49, 0x4A, 0x49, 0x4A, 0x49, 0x4A, 0x49, 0x72, 0x65, 0x72, 0x65, 0x9B, 0x07, 0x9B, 0x07, 0xA3, 0x27, 0xFC, 0xEC, 0xFD, 0x90, 0xF4, 0xAB, 0xFD, 0x2E, 0xFE, 0x34, 0xFD, 0x90, 0xF4, 0xAB, 0xCB, 0xE9, 0xAB, 0x48, 0xFD, 0x2E, 0xBB, 0xC9, 0xA3, 0x27, 0x4A, 0x49, 0x4A, 0x49, 0x4A, 0x49},
  },
  { /* [21] FACE_DEAD4 (VGAGRAPH chunk 142) */
    {0x5B, 0x1F, 0x5B, 0x1F, 0x5B, 0x1F, 0x5B, 0x1F, 0x5B, 0x1F, 0x5B, 0x1F, 0x5B, 0x1F, 0x5B, 0x1F, 0x5B, 0x1F, 0x5B, 0x1F, 0x5B, 0x1F, 0x5B, 0x1F, 0x5B, 0x1F, 0x5B, 0x1F, 0x5B, 0x1F, 0x5B, 0x1F, 0x5B, 0x1F, 0x5B, 0x1F, 0x5B, 0x1F, 0x5B, 0x1F, 0x5B, 0x1F, 0x5B, 0x1F, 0x5B, 0x1F, 0x7C, 0x1F},
    {0x4A, 0x49, 0x4A, 0x49, 0x4A, 0x49, 0x4A, 0x49, 0x4A, 0x49, 0x4A, 0x49, 0x4A, 0x49, 0x4A, 0x49, 0x4A, 0x49, 0x4A, 0x49, 0x4A, 0x49, 0x4A, 0x49, 0x4A, 0x49, 0x4A, 0x49, 0x4A, 0x49, 0x4A, 0x49, 0x4A, 0x49, 0x4A, 0x49, 0x4A, 0x49, 0x4A, 0x49, 0x4A, 0x49, 0x4A, 0x49, 0x4A, 0x49, 0x4A, 0x49},
    {0x4A, 0x49, 0x4A, 0x49, 0x4A, 0x49, 0x4A, 0x49, 0x4A, 0x49, 0x4A, 0x49, 0x4A, 0x49, 0x4A, 0x49, 0x4A, 0x49, 0x4A, 0x49, 0x4A, 0x49, 0x4A, 0x49, 0x4A, 0x49, 0x4A, 0x49, 0x4A, 0x49, 0x4A, 0x49, 0x4A, 0x49, 0x4A, 0x49, 0x4A, 0x49, 0x4A, 0x49, 0x4A, 0x49, 0x4A, 0x49, 0x4A, 0x49, 0x4A, 0x49},
    {0x4A, 0x49, 0x4A, 0x49, 0x4A, 0x49, 0x4A, 0x49, 0x4A, 0x49, 0x4A, 0x49, 0x4A, 0x49, 0x4A, 0x49, 0x4A, 0x49, 0x4A, 0x49, 0x4A, 0x49, 0x4A, 0x49, 0x4A, 0x49, 0x4A, 0x49, 0x4A, 0x49, 0x4A, 0x49, 0x4A, 0x49, 0x4A, 0x49, 0x4A, 0x49, 0x4A, 0x49, 0x4A, 0x49, 0x4A, 0x49, 0x4A, 0x49, 0x4A, 0x49},
    {0x4A, 0x49, 0x4A, 0x49, 0x4A, 0x49, 0x4A, 0x49, 0x4A, 0x49, 0x39, 0xC7, 0x39, 0xC7, 0x39, 0xC7, 0x39, 0xC7, 0x39, 0xC7, 0x39, 0xC7, 0x39, 0xC7, 0x39, 0xC7, 0x39, 0xC7, 0x39, 0xC7, 0x39, 0xC7, 0x39, 0xC7, 0x39, 0xC7, 0x4A, 0x49, 0x4A, 0x49, 0x4A, 0x49, 0x4A, 0x49, 0x4A, 0x49, 0x4A, 0x49},
    {0x4A, 0x49, 0x4A, 0x49, 0x4A, 0x49, 0x4A, 0x49, 0x39, 0xC7, 0xFB, 0xC0, 0xFB, 0xC0, 0xFB, 0xC0, 0xFB, 0xC0, 0xFC, 0x44, 0xFC, 0x44, 0xFC, 0x44, 0xFC, 0x44, 0xFC, 0x44, 0xFC, 0x44, 0xFC, 0x44, 0xFC, 0x44, 0xFC, 0x44, 0xFC, 0x44, 0xFB, 0xC0, 0x39, 0xC7, 0x4A, 0x49, 0x4A, 0x49, 0x4A, 0x49},
    {0x4A, 0x49, 0x4A, 0x49, 0x4A, 0x49, 0x39, 0xC7, 0xCB, 0x00, 0xE3, 0x60, 0xE3, 0x60, 0xE3, 0x60, 0xFB, 0xC0, 0xFB, 0xC0, 0xFB, 0xC0, 0xFB, 0xC0, 0xFB, 0xC0, 0xFB, 0xC0, 0xFB, 0xC0, 0xFB, 0xC0, 0xFB, 0xC0, 0xFB, 0xC0, 0xFC, 0x44, 0xFC, 0x44, 0xFC, 0x44, 0x39, 0xC7, 0x4A, 0x49, 0x4A, 0x49},
    {0x4A, 0x49, 0x4A, 0x49, 0x4A, 0x49, 0xAA, 0xA0, 0xCB, 0x00, 0xE3, 0x60, 0xE3, 0x60, 0xE3, 0x60, 0xE3, 0x60, 0xE3, 0x60, 0xE3, 0x60, 0xE3, 0x60, 0xE3, 0x60, 0xE3, 0x60, 0xE3, 0x60, 0xE3, 0x60, 0xFB, 0xC0, 0xFB, 0xC0, 0xFB, 0xC0, 0xFC, 0x44, 0xFC, 0x44, 0xFC, 0x44, 0x4A, 0x49, 0x4A, 0x49},
    {0x4A, 0x49, 0x4A, 0x49, 0x29, 0x65, 0xAA, 0xA0, 0xCB, 0x00, 0xE3, 0x60, 0xE3, 0x60, 0xE3, 0x60, 0xE3, 0x60, 0xE3, 0x60, 0xE3, 0x60, 0xE3, 0x60, 0xE3, 0x60, 0xE3, 0x60, 0xE3, 0x60, 0xE3, 0x60, 0xE3, 0x60, 0xFB, 0xC0, 0xFB, 0xC0, 0xFC, 0x44, 0xFC, 0x44, 0xFC, 0x44, 0x39, 0xC7, 0x4A, 0x49},
    {0x4A, 0x49, 0x4A, 0x49, 0x29, 0x65, 0xAA, 0xA0, 0xCB, 0x00, 0xE3, 0x60, 0xE3, 0x60, 0xE3, 0x60, 0xE3, 0x60, 0xE3, 0x60, 0xE3, 0x60, 0xE3, 0x60, 0xE3, 0x60, 0xE3, 0x60, 0xE3, 0x60, 0xE3, 0x60, 0xE3, 0x60, 0xE3, 0x60, 0xFB, 0xC0, 0xFC, 0x44, 0xFC, 0x44, 0xFC, 0x44, 0x39, 0xC7, 0x4A, 0x49},
    {0x4A, 0x49, 0x4A, 0x49, 0x29, 0x65, 0x82, 0x85, 0xAA, 0xA0, 0xCB, 0x00, 0xE3, 0x60, 0xE3, 0x60, 0xE3, 0x60, 0xE3, 0x60, 0xE3, 0x60, 0xE3, 0x60, 0xE3, 0x60, 0xE3, 0x60, 0xE3, 0x60, 0xE3, 0x60, 0xE3, 0x60, 0xE3, 0x60, 0xFB, 0xC0, 0xFC, 0x44, 0xFC, 0x44, 0xE3, 0x60, 0x39, 0xC7, 0x4A, 0x49},
    {0x4A, 0x49, 0x4A, 0x49, 0x29, 0x65, 0x82, 0x85, 0xAA, 0xA0, 0xCB, 0x00, 0xCB, 0x00, 0xE3, 0x60, 0xE3, 0x60, 0xE3, 0x60, 0xE3, 0x60, 0xE3, 0x60, 0xE3, 0x60, 0xE3, 0x60, 0xE3, 0x60, 0xE3, 0x60, 0xE3, 0x60, 0xE3, 0x60, 0xFB, 0xC0, 0xFC, 0x44, 0xFC, 0x44, 0x8A, 0xC6, 0x39, 0xC7, 0x4A, 0x49},
    {0x4A, 0x49, 0x4A, 0x49, 0x29, 0x65, 0x82, 0x85, 0xAA, 0xA0, 0xAA, 0xA0, 0xCB, 0x00, 0xCB, 0x00, 0xE3, 0x60, 0xE3, 0x60, 0xE3, 0x60, 0xE3, 0x60, 0xE3, 0x60, 0xE3, 0x60, 0xE3, 0x60, 0xE3, 0x60, 0xE3, 0x60, 0xE3, 0x60, 0xFC, 0x44, 0xFC, 0x44, 0xE3, 0x60, 0x8A, 0xC6, 0x39, 0xC7, 0x4A, 0x49},
    {0x4A, 0x49, 0x4A, 0x49, 0x29, 0x65, 0x82, 0x85, 0xAA, 0xA0, 0xAA, 0xA0, 0xAA, 0xA0, 0xCB, 0x00, 0xCB, 0x00, 0xCB, 0x00, 0xCB, 0x00, 0xCB, 0x00, 0xCB, 0x00, 0xCB, 0x00, 0xCB, 0x00, 0xCB, 0x00, 0xE3, 0x60, 0xCB, 0x00, 0xE3, 0x60, 0xFB, 0xC0, 0xAA, 0xA0, 0x8A, 0xC6, 0x39, 0xC7, 0x4A, 0x49},
    {0x4A, 0x49, 0x4A, 0x49, 0x6A, 0x44, 0x72, 0x65, 0xAA, 0xA0, 0x72, 0x65, 0x5A, 0x04, 0x82, 0x85, 0xAA, 0xA0, 0xAA, 0xA0, 0xAA, 0xA0, 0xAA, 0xA0, 0xAA, 0xA0, 0xAA, 0xA0, 0xAA, 0xA0, 0xCB, 0x00, 0xE3, 0x60, 0xAA, 0xA0, 0xE3, 0x60, 0xFC, 0x44, 0x72, 0x65, 0x8A, 0xC6, 0x92, 0xE6, 0x4A, 0x49},
    {0x4A, 0x49, 0x29, 0x65, 0xCB, 0xE9, 0x72, 0x65, 0xAA, 0xA0, 0x5A, 0x04, 0x41, 0x83, 0x5A, 0x04, 0xAA, 0xA0, 0x41, 0x83, 0x9A, 0x60, 0xAA, 0xA0, 0x41, 0x83, 0x5A, 0x04, 0x9A, 0x60, 0x9A, 0x60, 0xFB, 0xC0, 0xAA, 0xA0, 0xE3, 0x60, 0xFB, 0xC0, 0x5A, 0x04, 0x8A, 0xC6, 0xCB, 0xE9, 0x39, 0xC7},
    {0x4A, 0x49, 0x29, 0x65, 0xFD, 0x90, 0x72, 0x65, 0xAA, 0xA0, 0x41, 0x83, 0x8A, 0xC6, 0xAB, 0x48, 0xAA, 0xA0, 0x5A, 0x04, 0x41, 0x83, 0xAA, 0xA0, 0x82, 0x85, 0x5A, 0x04, 0x41, 0x83, 0x9A, 0x60, 0xCB, 0x00, 0xAA, 0xA0, 0xCB, 0x00, 0xE3, 0x60, 0xAB, 0x48, 0x72, 0x65, 0xFD, 0x90, 0x39, 0xC7},
    {0x4A, 0x49, 0x29, 0x65, 0xCB, 0xE9, 0x5A, 0x04, 0x41, 0x83, 0xAB, 0x48, 0xAB, 0x48, 0xAA, 0xA0, 0xDC, 0x4A, 0xAB, 0x48, 0xAB, 0x48, 0x9A, 0x60, 0x8A, 0xC6, 0x8A, 0xC6, 0x51, 0xE3, 0x9A, 0x60, 0x9A, 0x60, 0xAA, 0xA0, 0xE3, 0x60, 0xAB, 0x48, 0xD4, 0x0A, 0x72, 0x65, 0xCB, 0xE9, 0x39, 0xC7},
    {0x4A, 0x49, 0x29, 0x65, 0x41, 0x83, 0x5A, 0x04, 0xAB, 0x48, 0xCB, 0xE9, 0xCB, 0xE9, 0xDC, 0x4A, 0xF4, 0xAB, 0xDC, 0x4A, 0xAB, 0x48, 0x9A, 0x60, 0xBB, 0xC9, 0x9B, 0x07, 0x9A, 0x60, 0x51, 0xE3, 0x9A, 0x60, 0x9B, 0x07, 0xAA, 0xA0, 0xDC, 0x4A, 0xFD, 0x90, 0x51, 0xE3, 0x72, 0x65, 0x39, 0xC7},
    {0x4A, 0x49, 0x29, 0x65, 0xBB, 0xC9, 0x5A, 0x04, 0xAB, 0x48, 0xAB, 0x48, 0x39, 0xC7, 0x29, 0x65, 0x4A, 0x49, 0xFD, 0x2E, 0xF4, 0xAB, 0xF4, 0xAB, 0xF4, 0xAB, 0xAB, 0x48, 0x51, 0xE3, 0x9A, 0x60, 0x9A, 0x60, 0x39, 0xC7, 0xAA, 0xA0, 0xFD, 0x90, 0xFE, 0x76, 0x51, 0xE3, 0xBB, 0xC9, 0x39, 0xC7},
    {0x4A, 0x49, 0x4A, 0x49, 0x29, 0x65, 0xDC, 0x4A, 0xFC, 0xEC, 0x39, 0xC7, 0xAB, 0x48, 0xA8, 0x00, 0x21, 0x04, 0x21, 0x04, 0x21, 0x04, 0x92, 0xE6, 0xAB, 0x48, 0x51, 0xE3, 0x9A, 0x60, 0x21, 0x04, 0x21, 0x04, 0x21, 0x04, 0x4A, 0x49, 0x39, 0xC7, 0xFD, 0xD2, 0xFD, 0x90, 0x39, 0xC7, 0x4A, 0x49},
    {0x4A, 0x49, 0x4A, 0x49, 0x39, 0xC7, 0xDC, 0x4A, 0xFD, 0x2E, 0xFC, 0xEC, 0xE0, 0x00, 0xE0, 0x00, 0x98, 0x00, 0x88, 0x00, 0x48, 0x00, 0x72, 0x65, 0x72, 0x65, 0x72, 0x65, 0x21, 0x04, 0x88, 0x00, 0xB8, 0x00, 0xE8, 0x00, 0xA8, 0x00, 0xAB, 0x48, 0xFA, 0xAA, 0xFA, 0xEB, 0x39, 0xC7, 0x4A, 0x49},
    {0x4A, 0x49, 0x4A, 0x49, 0x4A, 0x49, 0xAB, 0x48, 0xFD, 0x90, 0xFA, 0xEB, 0xFC, 0xEC, 0xF8, 0x1F, 0xB0, 0x16, 0x80, 0x10, 0xFC, 0xEC, 0xCB, 0xE9, 0xDC, 0x4A, 0xDC, 0x4A, 0x80, 0x10, 0xF8, 0x1F, 0xB0, 0x16, 0xB0, 0x16, 0xF9, 0x04, 0xF9, 0x04, 0xFC, 0xF3, 0xF9, 0x04, 0x39, 0xC7, 0x4A, 0x49},
    {0x4A, 0x49, 0x4A, 0x49, 0x4A, 0x49, 0xAB, 0x48, 0xFC, 0xEC, 0xFD, 0x90, 0xFD, 0xF3, 0xFD, 0xF3, 0xFD, 0x90, 0xFD, 0x90, 0xD4, 0x0A, 0xEC, 0x6B, 0xFC, 0xEC, 0xFC, 0xEC, 0xFD, 0x90, 0xAB, 0x48, 0xFD, 0x90, 0xFD, 0xF3, 0xFD, 0xF3, 0xFC, 0xF3, 0xFA, 0xAA, 0xB0, 0x00, 0x4A, 0x49, 0x4A, 0x49},
    {0x4A, 0x49, 0x4A, 0x49, 0x4A, 0x49, 0x21, 0x04, 0xD4, 0x0A, 0xFD, 0x90, 0xFD, 0x90, 0xFD, 0x90, 0xFD, 0x90, 0xFC, 0xEC, 0xAB, 0x48, 0xD4, 0x0A, 0xFC, 0xEC, 0xFD, 0x90, 0xFA, 0xAA, 0xF4, 0xAB, 0xFD, 0x90, 0xFD, 0x90, 0xFD, 0x90, 0xFD, 0x90, 0xFD, 0x90, 0x21, 0x04, 0x4A, 0x49, 0x4A, 0x49},
    {0x4A, 0x49, 0x4A, 0x49, 0x4A, 0x49, 0x21, 0x04, 0x82, 0x85, 0xD4, 0x0A, 0xFC, 0xEC, 0xFC, 0xEC, 0xAB, 0x48, 0x49, 0xC3, 0xCB, 0xE9, 0xA8, 0x00, 0xAB, 0x48, 0xA8, 0x00, 0xCB, 0xE9, 0x49, 0xC3, 0xAB, 0x48, 0xFD, 0x2E, 0xFD, 0x2E, 0xFD, 0x2E, 0xF8, 0x00, 0x21, 0x04, 0x4A, 0x49, 0x4A, 0x49},
    {0x4A, 0x49, 0x4A, 0x49, 0x4A, 0x49, 0x21, 0x04, 0x5A, 0x04, 0x82, 0x85, 0x92, 0xE6, 0xB3, 0x88, 0xA8, 0x00, 0xE0, 0x00, 0x82, 0x85, 0x6A, 0x44, 0x58, 0x00, 0x58, 0x00, 0x58, 0x00, 0xE0, 0x00, 0xE0, 0x00, 0xDC, 0x4A, 0xDC, 0x4A, 0xDC, 0x4A, 0xFD, 0x90, 0x21, 0x04, 0x4A, 0x49, 0x4A, 0x49},
    {0x4A, 0x49, 0x4A, 0x49, 0x4A, 0x49, 0x29, 0x65, 0x5A, 0x04, 0x39, 0x62, 0x51, 0xE3, 0x8A, 0xC6, 0x78, 0x00, 0xA8, 0x00, 0xAB, 0x48, 0xEC, 0x6B, 0xE8, 0x00, 0xD0, 0x00, 0x98, 0x00, 0xA8, 0x00, 0xE0, 0x00, 0xBB, 0xC9, 0x9B, 0x07, 0xAB, 0x48, 0xFE, 0x34, 0x29, 0x65, 0x4A, 0x49, 0x4A, 0x49},
    {0x4A, 0x49, 0x4A, 0x49, 0x4A, 0x49, 0x29, 0x65, 0x5A, 0x04, 0x39, 0x62, 0x39, 0x62, 0x6A, 0x44, 0xAB, 0x48, 0x78, 0x00, 0x78, 0x00, 0xAB, 0x48, 0x72, 0x65, 0xAB, 0x48, 0x78, 0x00, 0x78, 0x00, 0xA0, 0x00, 0xAB, 0x48, 0x5A, 0x04, 0xFD, 0xF3, 0xFE, 0x76, 0x29, 0x65, 0x4A, 0x49, 0x4A, 0x49},
    {0x4A, 0x49, 0x4A, 0x49, 0x4A, 0x49, 0x39, 0xC7, 0x5A, 0x04, 0x41, 0x83, 0x41, 0x83, 0x39, 0x62, 0x72, 0x65, 0x72, 0x65, 0x72, 0x65, 0x72, 0x65, 0x5A, 0x04, 0x72, 0x65, 0x72, 0x65, 0x72, 0x65, 0x72, 0x65, 0x5A, 0x04, 0xCB, 0xE9, 0xFD, 0xF3, 0xFE, 0x76, 0x39, 0xC7, 0x4A, 0x49, 0x4A, 0x49},
    {0x4A, 0x49, 0x4A, 0x49, 0x4A, 0x49, 0x4A, 0x49, 0x5A, 0x04, 0x49, 0xC3, 0x5A, 0x04, 0x51, 0xE3, 0x41, 0x83, 0x51, 0xE3, 0x51, 0xE3, 0x51, 0xE3, 0xAB, 0x48, 0x51, 0xE3, 0x51, 0xE3, 0x51, 0xE3, 0x5A, 0x04, 0xAB, 0x48, 0xCB, 0xE9, 0xEC, 0x6B, 0xAB, 0x48, 0x4A, 0x49, 0x4A, 0x49, 0x4A, 0x49},
    {0x4A, 0x49, 0x4A, 0x49, 0x4A, 0x49, 0x4A, 0x49, 0x5A, 0x04, 0x5A, 0x04, 0x8A, 0xC6, 0xAB, 0x48, 0x82, 0x85, 0x82, 0x85, 0xAB, 0x48, 0xCB, 0xE9, 0xCB, 0xE9, 0xF4, 0xAB, 0xFD, 0x90, 0xCB, 0xE9, 0x72, 0x65, 0x5A, 0x04, 0xAB, 0x48, 0xAB, 0x48, 0x82, 0x85, 0x4A, 0x49, 0x4A, 0x49, 0x4A, 0x49},
  },
  { /* [22] FACE_MUTANTBJ (VGAGRAPH chunk 143) */
    {0x5B, 0x1F, 0x5B, 0x1F, 0x5B, 0x1F, 0x5B, 0x1F, 0x5B, 0x1F, 0x5B, 0x1F, 0x5B, 0x1F, 0x5B, 0x1F, 0x5B, 0x1F, 0x5B, 0x1F, 0x5B, 0x1F, 0x5B, 0x1F, 0x5B, 0x1F, 0x5B, 0x1F, 0x5B, 0x1F, 0x5B, 0x1F, 0x5B, 0x1F, 0x5B, 0x1F, 0x5B, 0x1F, 0x5B, 0x1F, 0x5B, 0x1F, 0x5B, 0x1F, 0x5B, 0x1F, 0x7C, 0x1F},
    {0x4A, 0x49, 0x4A, 0x49, 0x4A, 0x49, 0x4A, 0x49, 0x4A, 0x49, 0x39, 0xC7, 0x39, 0xC7, 0x39, 0xC7, 0x39, 0xC7, 0x39, 0xC7, 0x39, 0xC7, 0x39, 0xC7, 0x39, 0xC7, 0x39, 0xC7, 0x39, 0xC7, 0x39, 0xC7, 0x39, 0xC7, 0x39, 0xC7, 0x4A, 0x49, 0x4A, 0x49, 0x4A, 0x49, 0x4A, 0x49, 0x4A, 0x49, 0x4A, 0x49},
    {0x4A, 0x49, 0x4A, 0x49, 0x4A, 0x49, 0x4A, 0x49, 0x29, 0x65, 0x9A, 0x60, 0xCB, 0x00, 0xB2, 0xA0, 0xCB, 0x00, 0xCB, 0x00, 0xE3, 0x60, 0xCB, 0x00, 0xE3, 0x60, 0xE3, 0x60, 0xE3, 0x60, 0xE3, 0x60, 0xE3, 0x60, 0xE3, 0x60, 0xCB, 0x00, 0x9A, 0x60, 0x39, 0xC7, 0x4A, 0x49, 0x4A, 0x49, 0x4A, 0x49},
    {0x4A, 0x49, 0x4A, 0x49, 0x4A, 0x49, 0x29, 0x65, 0x9A, 0x60, 0xAA, 0xA0, 0xB2, 0xA0, 0xCB, 0x00, 0xB2, 0xA0, 0xCB, 0x00, 0xCB, 0x00, 0xCB, 0x00, 0xCB, 0x00, 0xCB, 0x00, 0xCB, 0x00, 0xE3, 0x60, 0xFB, 0xC0, 0xE3, 0x60, 0xE3, 0x60, 0xCB, 0x00, 0x9A, 0x60, 0x39, 0xC7, 0x4A, 0x49, 0x4A, 0x49},
    {0x4A, 0x49, 0x4A, 0x49, 0x4A, 0x49, 0x51, 0xE3, 0xAA, 0xA0, 0xAA, 0xA0, 0xAA, 0xA0, 0xAA, 0xA0, 0xB2, 0xA0, 0xB2, 0xA0, 0xCB, 0x00, 0xCB, 0x00, 0xCB, 0x00, 0xCB, 0x00, 0xCB, 0x00, 0xCB, 0x00, 0xE3, 0x60, 0xFB, 0xC0, 0xFC, 0x44, 0xFB, 0xC0, 0xCB, 0x00, 0x6A, 0x44, 0x4A, 0x49, 0x4A, 0x49},
    {0x4A, 0x49, 0x4A, 0x49, 0x29, 0x65, 0x9A, 0x60, 0xAA, 0xA0, 0xAA, 0xA0, 0x9A, 0x60, 0x72, 0x65, 0x72, 0x65, 0x6A, 0x44, 0xAA, 0xA0, 0xB2, 0xA0, 0xB2, 0xA0, 0x9B, 0x07, 0xAA, 0xA0, 0xCB, 0x00, 0xCB, 0x00, 0xFB, 0xC0, 0xFC, 0x44, 0xE3, 0x60, 0xE3, 0x60, 0x8A, 0xC6, 0x39, 0xC7, 0x4A, 0x49},
    {0x4A, 0x49, 0x4A, 0x49, 0x29, 0x65, 0x9A, 0x60, 0xAA, 0xA0, 0x9A, 0x60, 0x51, 0xE3, 0x72, 0x65, 0x49, 0xC3, 0x72, 0x65, 0x72, 0x65, 0xAA, 0xA0, 0xAA, 0xA0, 0x5A, 0x04, 0x51, 0xE3, 0xAA, 0xA0, 0xCB, 0x00, 0xE3, 0x60, 0xFB, 0xC0, 0xAA, 0xA0, 0x72, 0x65, 0xCB, 0x00, 0x39, 0xC7, 0x4A, 0x49},
    {0x4A, 0x49, 0x4A, 0x49, 0x29, 0x65, 0x9A, 0x60, 0x9A, 0x60, 0x72, 0x65, 0x8A, 0xC6, 0x5A, 0x04, 0x5A, 0x04, 0x49, 0xC3, 0x49, 0xC3, 0xAA, 0xA0, 0x72, 0x65, 0x5A, 0x04, 0x39, 0x62, 0x51, 0xE3, 0xCB, 0x00, 0xE3, 0x60, 0xAA, 0xA0, 0xA3, 0x27, 0x72, 0x65, 0x9A, 0x60, 0x39, 0xC7, 0x4A, 0x49},
    {0x4A, 0x49, 0x4A, 0x49, 0x00, 0x00, 0x72, 0x65, 0xAA, 0xA0, 0x72, 0x65, 0x9B, 0x07, 0xBB, 0xC9, 0xBB, 0xC9, 0xBB, 0xC9, 0xAA, 0xA0, 0x72, 0x65, 0x72, 0x65, 0x72, 0x65, 0x72, 0x65, 0x72, 0x65, 0xAA, 0xA0, 0xAA, 0xA0, 0xAA, 0xA0, 0x72, 0x65, 0x72, 0x65, 0x72, 0x65, 0x00, 0x00, 0x4A, 0x49},
    {0x4A, 0x49, 0x4A, 0x49, 0x00, 0x00, 0xAA, 0xA0, 0x72, 0x65, 0x9B, 0x07, 0xBB, 0xC9, 0xF4, 0xAB, 0xFD, 0xF3, 0xFD, 0x90, 0xF4, 0xAB, 0xD4, 0x0A, 0xBB, 0xC9, 0xBB, 0xC9, 0x92, 0xE6, 0x72, 0x65, 0x72, 0x65, 0xAA, 0xA0, 0x72, 0x65, 0xBB, 0xC9, 0xBB, 0xC9, 0xAA, 0xA0, 0x00, 0x00, 0x4A, 0x49},
    {0x4A, 0x49, 0x4A, 0x49, 0x29, 0x65, 0x72, 0x65, 0x72, 0x65, 0xAB, 0x48, 0xBB, 0xC9, 0xBB, 0xC9, 0xFC, 0xEC, 0xFD, 0xF3, 0xFE, 0xB7, 0xFE, 0xB7, 0xFD, 0x90, 0xFC, 0xEC, 0xBB, 0xC9, 0x92, 0xE6, 0xBB, 0xC9, 0xAA, 0xA0, 0xBB, 0xC9, 0xFD, 0xF3, 0xBB, 0xC9, 0x72, 0x65, 0x00, 0x00, 0x4A, 0x49},
    {0x4A, 0x49, 0x4A, 0x49, 0x29, 0x65, 0xAA, 0xA0, 0x9B, 0x07, 0xBB, 0xC9, 0xBB, 0xC9, 0xFD, 0x2E, 0xFD, 0xF3, 0xF4, 0xAB, 0xFC, 0xEC, 0xFC, 0xEC, 0xFC, 0xEC, 0xDC, 0x4A, 0xBB, 0xC9, 0xA3, 0x27, 0xBB, 0xC9, 0xAA, 0xA0, 0xFD, 0xF3, 0xFD, 0xF3, 0xF4, 0xAB, 0xAA, 0xA0, 0x00, 0x00, 0x4A, 0x49},
    {0x4A, 0x49, 0x4A, 0x49, 0x29, 0x65, 0x72, 0x65, 0xAB, 0x48, 0xBB, 0xC9, 0x4A, 0x49, 0x4A, 0x49, 0xEC, 0x6B, 0xFD, 0xF3, 0xFE, 0xB7, 0xFE, 0xB7, 0xFD, 0xF3, 0xFC, 0xEC, 0xBB, 0xC9, 0xBB, 0xC9, 0xFD, 0xF3, 0x4A, 0x49, 0x63, 0x2C, 0xFD, 0xF3, 0xFD, 0x2E, 0x72, 0x65, 0x29, 0x65, 0x4A, 0x49},
    {0x4A, 0x49, 0x29, 0x65, 0xBB, 0xC9, 0xAA, 0xA0, 0xBB, 0xC9, 0x4A, 0x49, 0xBB, 0xC9, 0x00, 0x00, 0x00, 0x00, 0x4A, 0x49, 0x4A, 0x49, 0xBB, 0xC9, 0xBB, 0xC9, 0xBB, 0xC9, 0x00, 0x00, 0x00, 0x00, 0x00, 0x00, 0x63, 0x2C, 0xBB, 0xC9, 0x63, 0x2C, 0xFD, 0x2E, 0xAA, 0xA0, 0xFD, 0x2E, 0x00, 0x00},
    {0x4A, 0x49, 0x29, 0x65, 0xDC, 0x4A, 0x72, 0x65, 0xBB, 0xC9, 0xBB, 0xC9, 0xC6, 0x18, 0x00, 0x15, 0x00, 0x17, 0x4A, 0x49, 0xA0, 0x00, 0x4A, 0x49, 0xBB, 0xC9, 0x4A, 0x49, 0xA0, 0x00, 0x4A, 0x49, 0x00, 0x15, 0x00, 0x1F, 0xC6, 0x18, 0xFD, 0x90, 0xFD, 0x2E, 0x72, 0x65, 0xFC, 0xEC, 0x00, 0x00},
    {0x4A, 0x49, 0x29, 0x65, 0xB3, 0x88, 0x72, 0x65, 0xBB, 0xC9, 0xFC, 0xEC, 0xFD, 0x90, 0xFE, 0xB7, 0xFE, 0x34, 0xFD, 0x90, 0xFC, 0xEC, 0xBB, 0xC9, 0xFE, 0x34, 0xF4, 0xAB, 0xFD, 0x90, 0xFD, 0x90, 0xFD, 0x90, 0xFE, 0xB7, 0xFE, 0xB7, 0xFE, 0xB7, 0xFD, 0x90, 0x72, 0x65, 0xB3, 0x88, 0x00, 0x00},
    {0x4A, 0x49, 0x29, 0x65, 0xDC, 0x4A, 0x92, 0xE6, 0xBB, 0xC9, 0xFC, 0xEC, 0xFD, 0x90, 0xFE, 0x34, 0xFE, 0xB7, 0xFE, 0x34, 0xFC, 0xEC, 0xFC, 0xEC, 0xFE, 0x34, 0xFE, 0xB7, 0xFE, 0x76, 0xFE, 0x34, 0xFE, 0x34, 0xFE, 0x34, 0xFE, 0x34, 0xFE, 0xB7, 0xFD, 0x90, 0xBB, 0xC9, 0xDC, 0x4A, 0x00, 0x00},
    {0x4A, 0x49, 0x29, 0x65, 0x92, 0xE6, 0x92, 0xE6, 0xBB, 0xC9, 0xA3, 0x27, 0xD4, 0x0A, 0xFC, 0xEC, 0xFC, 0xEC, 0xFC, 0xEC, 0xBB, 0xC9, 0xFC, 0xEC, 0xFE, 0x34, 0xFE, 0xB7, 0xF4, 0xAB, 0xFC, 0xEC, 0xFD, 0x90, 0xFD, 0x90, 0xD4, 0x0A, 0xB3, 0x88, 0xF4, 0xAB, 0xBB, 0xC9, 0xBB, 0xC9, 0x00, 0x00},
    {0x4A, 0x49, 0x4A, 0x49, 0x6A, 0x44, 0x92, 0xE6, 0xDC, 0x4A, 0xD4, 0x0A, 0xFC, 0xEC, 0xFC, 0xEC, 0xFC, 0xEC, 0xEC, 0x6B, 0xBB, 0xC9, 0xBB, 0xC9, 0xBB, 0xC9, 0xBB, 0xC9, 0xBB, 0xC9, 0xEC, 0x6B, 0xFC, 0xEC, 0xFC, 0xEC, 0xFD, 0x90, 0xD4, 0x0A, 0xFC, 0xEC, 0xBB, 0xC9, 0x8A, 0xC6, 0x4A, 0x49},
    {0x4A, 0x49, 0x4A, 0x49, 0x29, 0x65, 0x92, 0xE6, 0xDC, 0x4A, 0xFC, 0xEC, 0xFD, 0xF3, 0x72, 0x65, 0xBB, 0xC9, 0xEC, 0x6B, 0xEC, 0x6B, 0xEC, 0x6B, 0xEC, 0x6B, 0xEC, 0x6B, 0xEC, 0x6B, 0xEC, 0x6B, 0xBB, 0xC9, 0x72, 0x65, 0xFD, 0x90, 0xFC, 0xEC, 0xFD, 0xF3, 0xBB, 0xC9, 0x29, 0x65, 0x4A, 0x49},
    {0x4A, 0x49, 0x4A, 0x49, 0x39, 0xC7, 0x92, 0xE6, 0xDC, 0x4A, 0xFC, 0xEC, 0xFD, 0xF3, 0xBB, 0xC9, 0xD6, 0x9A, 0xBB, 0xC9, 0xBB, 0xC9, 0xBB, 0xC9, 0xBB, 0xC9, 0xBB, 0xC9, 0xBB, 0xC9, 0xBB, 0xC9, 0xFF, 0xFF, 0xBB, 0xC9, 0xFD, 0x90, 0xFD, 0xF3, 0xFE, 0x34, 0x92, 0xE6, 0x39, 0xC7, 0x4A, 0x49},
    {0x4A, 0x49, 0x4A, 0x49, 0x4A, 0x49, 0x00, 0x00, 0xDC, 0x4A, 0xBB, 0xC9, 0xFD, 0x90, 0xBB, 0xC9, 0xD6, 0x9A, 0xD6, 0x9A, 0xD6, 0x9A, 0xEF, 0x7D, 0xEF, 0x7D, 0xEF, 0x7D, 0xEF, 0x7D, 0xFF, 0xFF, 0xFF, 0xFF, 0xBB, 0xC9, 0xFD, 0x90, 0xFE, 0x34, 0xFD, 0x90, 0x00, 0x00, 0x39, 0xC7, 0x4A, 0x49},
    {0x4A, 0x49, 0x4A, 0x49, 0x4A, 0x49, 0x00, 0x00, 0xBB, 0xC9, 0xBB, 0xC9, 0xFD, 0x90, 0xFC, 0xEC, 0xBB, 0xC9, 0xD6, 0x9A, 0xDE, 0xFB, 0xEF, 0x7D, 0xEF, 0x7D, 0xEF, 0x7D, 0xEF, 0x7D, 0xFF, 0xFF, 0xBB, 0xC9, 0xFD, 0x90, 0xFD, 0xF3, 0xFE, 0x34, 0xFD, 0x90, 0x00, 0x00, 0x4A, 0x49, 0x4A, 0x49},
    {0x4A, 0x49, 0x4A, 0x49, 0x4A, 0x49, 0x00, 0x00, 0xA3, 0x27, 0xBB, 0xC9, 0xFD, 0x90, 0xFC, 0xEC, 0xFC, 0xEC, 0xDC, 0x4A, 0xFD, 0x90, 0xFD, 0x90, 0xFD, 0x90, 0xFD, 0x90, 0xFE, 0x76, 0xFD, 0x90, 0xFD, 0x90, 0xFD, 0xF3, 0xFE, 0x34, 0xF4, 0xAB, 0xFD, 0x90, 0x00, 0x00, 0x4A, 0x49, 0x4A, 0x49},
    {0x4A, 0x49, 0x4A, 0x49, 0x4A, 0x49, 0x00, 0x00, 0x72, 0x65, 0xA3, 0x27, 0xEC, 0x6B, 0xFD, 0xF3, 0xFD, 0xF3, 0xFD, 0x2E, 0xEC, 0x6B, 0xCB, 0xE9, 0xCB, 0xE9, 0xCB, 0xE9, 0xEC, 0x6B, 0xFD, 0x2E, 0xFE, 0x34, 0xFE, 0x34, 0xFD, 0x90, 0xBB, 0xC9, 0xFD, 0x90, 0x00, 0x00, 0x4A, 0x49, 0x4A, 0x49},
    {0x4A, 0x49, 0x4A, 0x49, 0x4A, 0x49, 0x00, 0x00, 0x72, 0x65, 0x49, 0xC3, 0xA3, 0x27, 0xEC, 0x6B, 0xFE, 0x34, 0xFE, 0x34, 0xFD, 0x90, 0xFD, 0x90, 0xF4, 0xAB, 0xFD, 0x90, 0xFD, 0x90, 0xFE, 0x34, 0xFE, 0x34, 0xFE, 0x34, 0xBB, 0xC9, 0xBB, 0xC9, 0xFD, 0x2E, 0x00, 0x00, 0x4A, 0x49, 0x4A, 0x49},
    {0x4A, 0x49, 0x4A, 0x49, 0x4A, 0x49, 0x00, 0x00, 0x72, 0x65, 0x49, 0xC3, 0x49, 0xC3, 0xA3, 0x27, 0xBB, 0xC9, 0xEC, 0x6B, 0xEC, 0x6B, 0xBB, 0xC9, 0x72, 0x65, 0xBB, 0xC9, 0xEC, 0x6B, 0xEC, 0x6B, 0xBB, 0xC9, 0xA3, 0x27, 0x6A, 0x44, 0xFD, 0xF3, 0xFD, 0x2E, 0x00, 0x00, 0x4A, 0x49, 0x4A, 0x49},
    {0x4A, 0x49, 0x4A, 0x49, 0x4A, 0x49, 0x39, 0xC7, 0x92, 0xE6, 0x5A, 0x04, 0x6A, 0x44, 0x49, 0xC3, 0x49, 0xC3, 0x49, 0xC3, 0x49, 0xC3, 0x49, 0xC3, 0x5A, 0x04, 0x6A, 0x44, 0x72, 0x65, 0x72, 0x65, 0x92, 0xE6, 0x92, 0xE6, 0xCB, 0xE9, 0xFE, 0x34, 0xFD, 0x2E, 0x39, 0xC7, 0x4A, 0x49, 0x4A, 0x49},
    {0x4A, 0x49, 0x4A, 0x49, 0x4A, 0x49, 0x39, 0xC7, 0x92, 0xE6, 0x5A, 0x04, 0x82, 0x85, 0x72, 0x65, 0x72, 0x65, 0x82, 0x85, 0x9B, 0x07, 0x9B, 0x07, 0x9B, 0x07, 0x9B, 0x07, 0x9B, 0x07, 0xAB, 0x48, 0xCB, 0xE9, 0xFE, 0x34, 0xFE, 0x34, 0xCB, 0xE9, 0xFD, 0x2E, 0x4A, 0x49, 0x4A, 0x49, 0x4A, 0x49},
    {0x4A, 0x49, 0x4A, 0x49, 0x4A, 0x49, 0x4A, 0x49, 0x72, 0x65, 0x5A, 0x04, 0x72, 0x65, 0x82, 0x85, 0x9B, 0x07, 0x9B, 0x07, 0xDC, 0x4A, 0xB3, 0x88, 0xCB, 0xE9, 0xCB, 0xE9, 0xCB, 0xE9, 0xAB, 0x48, 0xFD, 0x90, 0xFD, 0xF3, 0xFE, 0x34, 0xFE, 0x34, 0xCB, 0xE9, 0x4A, 0x49, 0x4A, 0x49, 0x4A, 0x49},
    {0x4A, 0x49, 0x4A, 0x49, 0x4A, 0x49, 0x4A, 0x49, 0x72, 0x65, 0x72, 0x65, 0x82, 0x85, 0x9B, 0x07, 0xD4, 0x0A, 0xDC, 0x4A, 0xFD, 0x90, 0xDC, 0x4A, 0xFE, 0x34, 0xFE, 0x34, 0xFD, 0x2E, 0xCB, 0xE9, 0xDC, 0x4A, 0xFE, 0xB7, 0xFD, 0x2E, 0xFD, 0x2E, 0xA3, 0x27, 0x4A, 0x49, 0x4A, 0x49, 0x4A, 0x49},
    {0x4A, 0x49, 0x4A, 0x49, 0x4A, 0x49, 0x4A, 0x49, 0x72, 0x65, 0x72, 0x65, 0x9B, 0x07, 0x9B, 0x07, 0xA3, 0x27, 0xFC, 0xEC, 0xFD, 0x90, 0xDC, 0x4A, 0xFD, 0x2E, 0xFE, 0x34, 0xFD, 0xD2, 0xFD, 0x2E, 0xCB, 0xE9, 0xFD, 0xD2, 0xFD, 0x2E, 0xA3, 0x27, 0xA3, 0x27, 0x4A, 0x49, 0x4A, 0x49, 0x4A, 0x49},
  },
  { /* [23] FACE_EXTRA (VGAGRAPH chunk 144) */
    {0x5B, 0x1F, 0x5B, 0x1F, 0x5B, 0x1F, 0x5B, 0x1F, 0x5B, 0x1F, 0x5B, 0x1F, 0x5B, 0x1F, 0x5B, 0x1F, 0x5B, 0x1F, 0x5B, 0x1F, 0x5B, 0x1F, 0x5B, 0x1F, 0x5B, 0x1F, 0x5B, 0x1F, 0x5B, 0x1F, 0x5B, 0x1F, 0x5B, 0x1F, 0x5B, 0x1F, 0x5B, 0x1F, 0x5B, 0x1F, 0x5B, 0x1F, 0x5B, 0x1F, 0x5B, 0x1F, 0x7C, 0x1F},
    {0x4A, 0x49, 0x4A, 0x49, 0x4A, 0x49, 0x4A, 0x49, 0x4A, 0x49, 0x39, 0xC7, 0x39, 0xC7, 0x39, 0xC7, 0x39, 0xC7, 0x39, 0xC7, 0x39, 0xC7, 0x39, 0xC7, 0x39, 0xC7, 0x39, 0xC7, 0x39, 0xC7, 0x39, 0xC7, 0x39, 0xC7, 0x39, 0xC7, 0x4A, 0x49, 0x4A, 0x49, 0x4A, 0x49, 0x4A, 0x49, 0x4A, 0x49, 0x4A, 0x49},
    {0x4A, 0x49, 0x4A, 0x49, 0x4A, 0x49, 0x4A, 0x49, 0x29, 0x65, 0x9A, 0x60, 0xCB, 0x00, 0xB2, 0xA0, 0xCB, 0x00, 0xCB, 0x00, 0xE3, 0x60, 0xCB, 0x00, 0xE3, 0x60, 0xE3, 0x60, 0xE3, 0x60, 0xE3, 0x60, 0xE3, 0x60, 0xE3, 0x60, 0xCB, 0x00, 0x9A, 0x60, 0x39, 0xC7, 0x4A, 0x49, 0x4A, 0x49, 0x4A, 0x49},
    {0x4A, 0x49, 0x4A, 0x49, 0x4A, 0x49, 0x29, 0x65, 0x9A, 0x60, 0xAA, 0xA0, 0xB2, 0xA0, 0xCB, 0x00, 0xB2, 0xA0, 0xCB, 0x00, 0xCB, 0x00, 0xCB, 0x00, 0xCB, 0x00, 0xCB, 0x00, 0xCB, 0x00, 0xE3, 0x60, 0xFB, 0xC0, 0xE3, 0x60, 0xE3, 0x60, 0xCB, 0x00, 0x9A, 0x60, 0x39, 0xC7, 0x4A, 0x49, 0x4A, 0x49},
    {0x4A, 0x49, 0x4A, 0x49, 0x4A, 0x49, 0x51, 0xE3, 0xAA, 0xA0, 0xAA, 0xA0, 0xAA, 0xA0, 0xAA, 0xA0, 0xAA, 0xA0, 0xAA, 0xA0, 0xAA, 0xA0, 0xAA, 0xA0, 0xAA, 0xA0, 0xB2, 0xA0, 0xB2, 0xA0, 0xCB, 0x00, 0xE3, 0x60, 0xFB, 0xC0, 0xFC, 0x44, 0xFB, 0xC0, 0xCB, 0x00, 0x6A, 0x44, 0x4A, 0x49, 0x4A, 0x49},
    {0x4A, 0x49, 0x4A, 0x49, 0x29, 0x65, 0x9A, 0x60, 0xAA, 0xA0, 0xAA, 0xA0, 0x9A, 0x60, 0x51, 0xE3, 0x72, 0x65, 0x6A, 0x44, 0x6A, 0x44, 0xAA, 0xA0, 0x72, 0x65, 0x72, 0x65, 0x82, 0x85, 0x82, 0x85, 0xCB, 0x00, 0xFB, 0xC0, 0xFC, 0x44, 0xE3, 0x60, 0xE3, 0x60, 0x8A, 0xC6, 0x39, 0xC7, 0x4A, 0x49},
    {0x4A, 0x49, 0x4A, 0x49, 0x29, 0x65, 0x9A, 0x60, 0xAA, 0xA0, 0x9A, 0x60, 0x51, 0xE3, 0x72, 0x65, 0x49, 0xC3, 0x49, 0xC3, 0x72, 0x65, 0x72, 0x65, 0xAA, 0xA0, 0x5A, 0x04, 0x51, 0xE3, 0x72, 0x65, 0x9A, 0x60, 0xE3, 0x60, 0xFB, 0xC0, 0xAA, 0xA0, 0x72, 0x65, 0xCB, 0x00, 0x39, 0xC7, 0x4A, 0x49},
    {0x4A, 0x49, 0x4A, 0x49, 0x29, 0x65, 0x9A, 0x60, 0x9A, 0x60, 0x72, 0x65, 0x73, 0x8E, 0x9C, 0xD3, 0xAD, 0x55, 0x9C, 0xD3, 0x8C, 0x71, 0x8C, 0x71, 0x63, 0x2C, 0x52, 0xAA, 0x39, 0x62, 0x52, 0xAA, 0x73, 0x8E, 0xE3, 0x60, 0xAA, 0xA0, 0x73, 0x8E, 0x72, 0x65, 0x9A, 0x60, 0x39, 0xC7, 0x4A, 0x49},
    {0x4A, 0x49, 0x4A, 0x49, 0x29, 0x65, 0x51, 0xE3, 0x63, 0x2C, 0x73, 0x8E, 0xAD, 0x55, 0xB5, 0xB6, 0xB5, 0xB6, 0xAD, 0x55, 0x9C, 0xD3, 0xAD, 0x55, 0x9C, 0xD3, 0x8C, 0x71, 0x73, 0x8E, 0x73, 0x8E, 0x73, 0x8E, 0xCB, 0x00, 0xB5, 0xB6, 0xAD, 0x55, 0x73, 0x8E, 0x72, 0x65, 0x39, 0xC7, 0x4A, 0x49},
    {0x4A, 0x49, 0x4A, 0x49, 0x29, 0x65, 0x51, 0xE3, 0x7B, 0xEF, 0xDE, 0xFB, 0xC6, 0x18, 0xC6, 0x18, 0xC6, 0x18, 0xC6, 0x18, 0x9C, 0xD3, 0x9C, 0xD3, 0x8C, 0x71, 0x8C, 0x71, 0x7B, 0xEF, 0x63, 0x2C, 0x7B, 0xEF, 0xAA, 0xA0, 0xC6, 0x18, 0xDE, 0xFB, 0x73, 0x8E, 0x51, 0xE3, 0x29, 0x65, 0x4A, 0x49},
    {0x4A, 0x49, 0x4A, 0x49, 0x29, 0x65, 0x51, 0xE3, 0x73, 0x8E, 0xAD, 0x55, 0xDE, 0xFB, 0xAD, 0x55, 0xB5, 0xB6, 0xC6, 0x18, 0xC6, 0x18, 0xC6, 0x18, 0xC6, 0x18, 0xB5, 0xB6, 0x9C, 0xD3, 0x8C, 0x71, 0xAD, 0x55, 0xB5, 0xB6, 0xDE, 0xFB, 0xD6, 0x9A, 0x8C, 0x71, 0x51, 0xE3, 0x29, 0x65, 0x4A, 0x49},
    {0x4A, 0x49, 0x4A, 0x49, 0x29, 0x65, 0x41, 0x83, 0x7B, 0xEF, 0x8C, 0x71, 0xDE, 0xFB, 0xC6, 0x18, 0xD6, 0x9A, 0xDE, 0xFB, 0xD6, 0x9A, 0xAD, 0x55, 0xAD, 0x55, 0x9C, 0xD3, 0x8C, 0x71, 0x7B, 0xEF, 0xC6, 0x18, 0xD6, 0x9A, 0xDE, 0xFB, 0xC6, 0x18, 0x8C, 0x71, 0x51, 0xE3, 0x29, 0x65, 0x4A, 0x49},
    {0x4A, 0x49, 0x4A, 0x49, 0x29, 0x65, 0x41, 0x83, 0xC6, 0x18, 0xC6, 0x18, 0x39, 0xC7, 0x29, 0x65, 0x9C, 0xD3, 0xAD, 0x55, 0xB5, 0xB6, 0x9C, 0xD3, 0xB5, 0xB6, 0x9C, 0xD3, 0xAD, 0x55, 0xAD, 0x55, 0x9C, 0xD3, 0x4A, 0x49, 0x52, 0xAA, 0xDE, 0xFB, 0xDE, 0xFB, 0x41, 0x83, 0x29, 0x65, 0x4A, 0x49},
    {0x4A, 0x49, 0x29, 0x65, 0x9C, 0xD3, 0x29, 0x01, 0x9C, 0xD3, 0x52, 0xAA, 0x73, 0x8E, 0x78, 0x00, 0x00, 0x00, 0x63, 0x2C, 0x63, 0x2C, 0x52, 0xAA, 0x7B, 0xEF, 0x52, 0xAA, 0x63, 0x2C, 0x63, 0x2C, 0x29, 0x65, 0x78, 0x00, 0x73, 0x8E, 0x52, 0xAA, 0x9C, 0xD3, 0x29, 0x01, 0x8C, 0x71, 0x29, 0x65},
    {0x4A, 0x49, 0x29, 0x65, 0xC6, 0x18, 0x29, 0x01, 0x9C, 0xD3, 0x9C, 0xD3, 0xD6, 0x9A, 0xC8, 0x00, 0x00, 0x00, 0x00, 0x00, 0x00, 0x00, 0x73, 0x8E, 0x9C, 0xD3, 0x73, 0x8E, 0x00, 0x00, 0x00, 0x00, 0x00, 0x00, 0xF9, 0x04, 0xFF, 0xFF, 0x9C, 0xD3, 0x9C, 0xD3, 0x29, 0x01, 0xB5, 0xB6, 0x29, 0x65},
    {0x4A, 0x49, 0x29, 0x65, 0x7B, 0xEF, 0x63, 0x2C, 0x9C, 0xD3, 0xC6, 0x18, 0xAD, 0x55, 0x9C, 0xD3, 0x9C, 0xD3, 0xB5, 0xB6, 0xDE, 0xFB, 0xC6, 0x18, 0xDE, 0xFB, 0xB5, 0xB6, 0xC6, 0x18, 0xAD, 0x55, 0x9C, 0xD3, 0x9C, 0xD3, 0xAD, 0x55, 0xD6, 0x9A, 0x9C, 0xD3, 0x73, 0x8E, 0x73, 0x8E, 0x29, 0x65},
    {0x4A, 0x49, 0x29, 0x65, 0xAD, 0x55, 0xC6, 0x18, 0xAD, 0x55, 0xDE, 0xFB, 0xDE, 0xFB, 0xEF, 0x7D, 0xEF, 0x7D, 0xDE, 0xFB, 0xDE, 0xFB, 0xC6, 0x18, 0xDE, 0xFB, 0xD6, 0x9A, 0xC6, 0x18, 0xD6, 0x9A, 0xDE, 0xFB, 0xEF, 0x7D, 0xEF, 0x7D, 0xDE, 0xFB, 0xAD, 0x55, 0xD6, 0x9A, 0x8C, 0x71, 0x29, 0x65},
    {0x4A, 0x49, 0x29, 0x65, 0xC6, 0x18, 0x7B, 0xEF, 0xAD, 0x55, 0xD6, 0x9A, 0xDE, 0xFB, 0xDE, 0xFB, 0xD6, 0x9A, 0xD6, 0x9A, 0xAD, 0x55, 0xD6, 0x9A, 0xDE, 0xFB, 0xD6, 0x9A, 0xAD, 0x55, 0xD6, 0x9A, 0xD6, 0x9A, 0xDE, 0xFB, 0xDE, 0xFB, 0xD6, 0x9A, 0xAD, 0x55, 0xAD, 0x55, 0xB5, 0xB6, 0x29, 0x65},
    {0x4A, 0x49, 0x4A, 0x49, 0x7B, 0xEF, 0x63, 0x2C, 0x8C, 0x71, 0x73, 0x8E, 0xAD, 0x55, 0xD6, 0x9A, 0xD6, 0x9A, 0xAD, 0x55, 0x8C, 0x71, 0x63, 0x2C, 0x63, 0x2C, 0x63, 0x2C, 0x7B, 0xEF, 0xAD, 0x55, 0xD6, 0x9A, 0xD6, 0x9A, 0xAD, 0x55, 0x73, 0x8E, 0x7B, 0xEF, 0x63, 0x2C, 0x73, 0x8E, 0x4A, 0x49},
    {0x4A, 0x49, 0x4A, 0x49, 0x29, 0x65, 0x4A, 0x49, 0xB5, 0xB6, 0x7B, 0xEF, 0xAD, 0x55, 0xD6, 0x9A, 0xC6, 0x18, 0xB5, 0xB6, 0xAD, 0x55, 0xAD, 0x55, 0x8C, 0x71, 0xAD, 0x55, 0xC6, 0x18, 0xC6, 0x18, 0xD6, 0x9A, 0xD6, 0x9A, 0xAD, 0x55, 0x7B, 0xEF, 0x9C, 0xD3, 0x4A, 0x49, 0x29, 0x65, 0x4A, 0x49},
    {0x4A, 0x49, 0x4A, 0x49, 0x39, 0xC7, 0x39, 0xC7, 0xC6, 0x18, 0x9C, 0xD3, 0xB5, 0xB6, 0xD6, 0x9A, 0xB5, 0xB6, 0xC6, 0x18, 0xD6, 0x9A, 0xD6, 0x9A, 0xAD, 0x55, 0xC6, 0x18, 0xD6, 0x9A, 0xC6, 0x18, 0xB5, 0xB6, 0xD6, 0x9A, 0xAD, 0x55, 0x8C, 0x71, 0xAD, 0x55, 0x39, 0xC7, 0x39, 0xC7, 0x4A, 0x49},
    {0x4A, 0x49, 0x4A, 0x49, 0x4A, 0x49, 0x29, 0x65, 0xC6, 0x18, 0xAD, 0x55, 0xC6, 0x18, 0xD6, 0x9A, 0x8C, 0x71, 0x4A, 0x49, 0x63, 0x2C, 0x73, 0x8E, 0x73, 0x8E, 0x73, 0x8E, 0x63, 0x2C, 0x4A, 0x49, 0x8C, 0x71, 0xD6, 0x9A, 0xB5, 0xB6, 0x9C, 0xD3, 0xB5, 0xB6, 0x29, 0x65, 0x4A, 0x49, 0x4A, 0x49},
    {0x4A, 0x49, 0x4A, 0x49, 0x4A, 0x49, 0x29, 0x65, 0xDE, 0xFB, 0xD6, 0x9A, 0xD6, 0x9A, 0xD6, 0x9A, 0xC6, 0x18, 0xAD, 0x55, 0xC6, 0x18, 0xDE, 0xFB, 0xD6, 0x9A, 0xD6, 0x9A, 0xC6, 0x18, 0xAD, 0x55, 0xC6, 0x18, 0xDE, 0xFB, 0xB5, 0xB6, 0xD6, 0x9A, 0xB5, 0xB6, 0x21, 0x04, 0x4A, 0x49, 0x4A, 0x49},
    {0x4A, 0x49, 0x4A, 0x49, 0x4A, 0x49, 0x29, 0x65, 0xC6, 0x18, 0xDE, 0xFB, 0xD6, 0x9A, 0xDE, 0xFB, 0xD6, 0x9A, 0xC6, 0x18, 0xB5, 0xB6, 0xAD, 0x55, 0x9C, 0xD3, 0xAD, 0x55, 0xB5, 0xB6, 0xC6, 0x18, 0xD6, 0x9A, 0xDE, 0xFB, 0xDE, 0xFB, 0xD6, 0x9A, 0xB5, 0xB6, 0x21, 0x04, 0x4A, 0x49, 0x4A, 0x49},
    {0x4A, 0x49, 0x4A, 0x49, 0x4A, 0x49, 0x29, 0x65, 0x8C, 0x71, 0xC6, 0x18, 0xDE, 0xFB, 0xDE, 0xFB, 0xDE, 0xFB, 0xEF, 0x7D, 0xDE, 0xFB, 0xC6, 0x18, 0xC6, 0x18, 0xC6, 0x18, 0xD6, 0x9A, 0xEF, 0x7D, 0xDE, 0xFB, 0xD6, 0x9A, 0xB5, 0xB6, 0xAD, 0x55, 0xC6, 0x18, 0x21, 0x04, 0x4A, 0x49, 0x4A, 0x49},
    {0x4A, 0x49, 0x4A, 0x49, 0x4A, 0x49, 0x29, 0x65, 0x8C, 0x71, 0x7B, 0xEF, 0x8C, 0x71, 0xC6, 0x18, 0xD6, 0x9A, 0xD6, 0x9A, 0xD6, 0x9A, 0xB5, 0xB6, 0x9C, 0xD3, 0xB5, 0xB6, 0xD6, 0x9A, 0xD6, 0x9A, 0xD6, 0x9A, 0xB5, 0xB6, 0x8C, 0x71, 0x8C, 0x71, 0xC6, 0x18, 0x39, 0xC7, 0x4A, 0x49, 0x4A, 0x49},
    {0x4A, 0x49, 0x4A, 0x49, 0x4A, 0x49, 0x29, 0x65, 0x8C, 0x71, 0x63, 0x2C, 0x73, 0x8E, 0x8C, 0x71, 0x8C, 0x71, 0x8C, 0x71, 0x8C, 0x71, 0x9C, 0xD3, 0x73, 0x8E, 0x9C, 0xD3, 0x8C, 0x71, 0x8C, 0x71, 0x8C, 0x71, 0x7B, 0xEF, 0x52, 0xAA, 0xC6, 0x18, 0xC6, 0x18, 0x39, 0xC7, 0x4A, 0x49, 0x4A, 0x49},
    {0x4A, 0x49, 0x4A, 0x49, 0x4A, 0x49, 0x39, 0xC7, 0x7B, 0xEF, 0x52, 0xAA, 0x4A, 0x49, 0x39, 0xC7, 0x39, 0xC7, 0x39, 0xC7, 0x39, 0xC7, 0x39, 0xC7, 0x29, 0x65, 0x39, 0xC7, 0x39, 0xC7, 0x39, 0xC7, 0x4A, 0x49, 0x52, 0xAA, 0x8C, 0x71, 0xB5, 0xB6, 0xC6, 0x18, 0x39, 0xC7, 0x4A, 0x49, 0x4A, 0x49},
    {0x4A, 0x49, 0x4A, 0x49, 0x4A, 0x49, 0x39, 0xC7, 0x73, 0x8E, 0x4A, 0x49, 0x52, 0xAA, 0x4A, 0x49, 0x4A, 0x49, 0x52, 0xAA, 0x63, 0x2C, 0x63, 0x2C, 0x63, 0x2C, 0x63, 0x2C, 0x63, 0x2C, 0x63, 0x2C, 0x7B, 0xEF, 0xC6, 0x18, 0xB5, 0xB6, 0x8C, 0x71, 0xB5, 0xB6, 0x4A, 0x49, 0x4A, 0x49, 0x4A, 0x49},
    {0x4A, 0x49, 0x4A, 0x49, 0x4A, 0x49, 0x4A, 0x49, 0x63, 0x2C, 0x4A, 0x49, 0x63, 0x2C, 0x52, 0xAA, 0x52, 0xAA, 0x63, 0x2C, 0x73, 0x8E, 0x7B, 0xEF, 0x9C, 0xD3, 0x9C, 0xD3, 0x8C, 0x71, 0x63, 0x2C, 0x7B, 0xEF, 0xAD, 0x55, 0xC6, 0x18, 0xB5, 0xB6, 0x8C, 0x71, 0x4A, 0x49, 0x4A, 0x49, 0x4A, 0x49},
    {0x4A, 0x49, 0x4A, 0x49, 0x4A, 0x49, 0x4A, 0x49, 0x52, 0xAA, 0x52, 0xAA, 0x63, 0x2C, 0x52, 0xAA, 0x73, 0x8E, 0x73, 0x8E, 0x7B, 0xEF, 0x9C, 0xD3, 0xB5, 0xB6, 0xC6, 0x18, 0x8C, 0x71, 0x7B, 0xEF, 0x8C, 0x71, 0xC6, 0x18, 0xC6, 0x18, 0x9C, 0xD3, 0x63, 0x2C, 0x4A, 0x49, 0x4A, 0x49, 0x4A, 0x49},
    {0x4A, 0x49, 0x4A, 0x49, 0x4A, 0x49, 0x4A, 0x49, 0x4A, 0x49, 0x52, 0xAA, 0x52, 0xAA, 0x52, 0xAA, 0x52, 0xAA, 0x73, 0x8E, 0x7B, 0xEF, 0xAD, 0x55, 0xB5, 0xB6, 0xC6, 0x18, 0x8C, 0x71, 0x8C, 0x71, 0x73, 0x8E, 0xAD, 0x55, 0x9C, 0xD3, 0x63, 0x2C, 0x63, 0x2C, 0x4A, 0x49, 0x4A, 0x49, 0x4A, 0x49},
  },
};
